[0m09:50:32.443439 [debug] [MainThread]: Sending event: {'category': 'dbt', 'action': 'invocation', 'label': 'start', 'context': [<snowplow_tracker.self_describing_json.SelfDescribingJson object at 0x7fea73905f10>, <snowplow_tracker.self_describing_json.SelfDescribingJson object at 0x7fea73b5a600>, <snowplow_tracker.self_describing_json.SelfDescribingJson object at 0x7fea73907d10>]}


============================== 09:50:32.520324 | 07af5a67-85f0-4034-8cbb-868daa239317 ==============================
[0m09:50:32.520324 [info ] [MainThread]: Running with dbt=1.9.10
[0m09:50:32.521738 [debug] [MainThread]: running dbt with arguments {'use_experimental_parser': 'False', 'quiet': 'False', 'send_anonymous_usage_stats': 'True', 'no_print': 'None', 'debug': 'False', 'partial_parse': 'True', 'use_colors': 'True', 'cache_selected_only': 'False', 'profiles_dir': '/app/workspaces/18', 'log_format': 'default', 'empty': 'None', 'introspect': 'True', 'warn_error': 'None', 'target_path': 'None', 'warn_error_options': 'WarnErrorOptions(include=[], exclude=[])', 'printer_width': '80', 'log_cache_events': 'False', 'fail_fast': 'False', 'write_json': 'True', 'indirect_selection': 'eager', 'static_parser': 'True', 'invocation_command': 'dbt parse --profiles-dir /app/workspaces/18', 'version_check': 'True', 'log_path': '/app/workspaces/18/logs'}
[0m09:50:32.534973 [error] [MainThread]: Encountered an error:
Parsing Error
  Env var required but not provided: 'SNOWFLAKE_USER'
[0m09:50:32.536949 [debug] [MainThread]: Resource report: {"command_name": "parse", "command_success": false, "command_wall_clock_time": 0.28165665, "process_in_blocks": "0", "process_kernel_time": 0.166394, "process_mem_max_rss": "119344", "process_out_blocks": "16", "process_user_time": 5.336178}
[0m09:50:32.537812 [debug] [MainThread]: Command `dbt parse` failed at 09:50:32.537687 after 0.28 seconds
[0m09:50:32.538434 [debug] [MainThread]: Sending event: {'category': 'dbt', 'action': 'invocation', 'label': 'end', 'context': [<snowplow_tracker.self_describing_json.SelfDescribingJson object at 0x7fea737f2750>, <snowplow_tracker.self_describing_json.SelfDescribingJson object at 0x7fea72e8dfa0>, <snowplow_tracker.self_describing_json.SelfDescribingJson object at 0x7fea73905f10>]}
[0m09:50:32.539095 [debug] [MainThread]: Flushing usage events
[0m09:50:32.611719 [debug] [MainThread]: An error was encountered while trying to flush usage events
[0m10:05:32.971719 [debug] [MainThread]: Sending event: {'category': 'dbt', 'action': 'invocation', 'label': 'start', 'context': [<snowplow_tracker.self_describing_json.SelfDescribingJson object at 0x7f904ed65220>, <snowplow_tracker.self_describing_json.SelfDescribingJson object at 0x7f904f9db3b0>, <snowplow_tracker.self_describing_json.SelfDescribingJson object at 0x7f904ed65460>]}


============================== 10:05:33.041202 | dca95766-ec5d-48ff-a406-060dd4370ce5 ==============================
[0m10:05:33.041202 [info ] [MainThread]: Running with dbt=1.9.10
[0m10:05:33.042170 [debug] [MainThread]: running dbt with arguments {'log_path': '/app/workspaces/18/logs', 'log_format': 'default', 'static_parser': 'True', 'send_anonymous_usage_stats': 'True', 'version_check': 'True', 'empty': 'None', 'fail_fast': 'False', 'invocation_command': 'dbt debug', 'log_cache_events': 'False', 'use_colors': 'True', 'target_path': 'None', 'quiet': 'False', 'use_experimental_parser': 'False', 'partial_parse': 'True', 'printer_width': '80', 'profiles_dir': '/app/workspaces/18', 'cache_selected_only': 'False', 'warn_error': 'None', 'warn_error_options': 'WarnErrorOptions(include=[], exclude=[])', 'no_print': 'None', 'introspect': 'True', 'write_json': 'True', 'debug': 'False', 'indirect_selection': 'eager'}
[0m10:05:33.104484 [info ] [MainThread]: dbt version: 1.9.10
[0m10:05:33.105229 [info ] [MainThread]: python version: 3.12.12
[0m10:05:33.105747 [info ] [MainThread]: python path: /app/.venv/bin/python
[0m10:05:33.106231 [info ] [MainThread]: os info: Linux-5.15.198-14.2026012713g4a2d5fc+snow+aws+5.15+amd64.x86_64-x86_64-with-glibc2.41
[0m10:05:33.115948 [info ] [MainThread]: Using profiles dir at /app/workspaces/18
[0m10:05:33.116626 [info ] [MainThread]: Using profiles.yml file at /app/workspaces/18/profiles.yml
[0m10:05:33.120683 [info ] [MainThread]: Using dbt_project.yml file at /app/workspaces/18/dbt_project.yml
[0m10:05:33.348268 [info ] [MainThread]: Configuration:
[0m10:05:33.349930 [info ] [MainThread]:   profiles.yml file [[31mERROR invalid[0m]
[0m10:05:33.350515 [info ] [MainThread]:   dbt_project.yml file [[32mOK found and valid[0m]
[0m10:05:33.351067 [info ] [MainThread]: Required dependencies:
[0m10:05:33.351602 [debug] [MainThread]: Executing "git --help"
[0m10:05:33.355836 [info ] [MainThread]:  - git [[31mERROR[0m]

[0m10:05:33.356457 [info ] [MainThread]: Connection test skipped since no profile was found
[0m10:05:33.358734 [info ] [MainThread]: [31m2 checks failed:[0m
[0m10:05:33.359306 [info ] [MainThread]: Profile loading failed for the following reason:
Runtime Error
  Could not find profile named 'sentinel_insurance'


[0m10:05:33.359797 [info ] [MainThread]: Error from git --help: Could not find command, ensure it is in the user's PATH: "git"

[0m10:05:33.367432 [debug] [MainThread]: Resource report: {"command_name": "debug", "command_success": false, "command_wall_clock_time": 0.5696385, "process_in_blocks": "0", "process_kernel_time": 0.223556, "process_mem_max_rss": "119360", "process_out_blocks": "16", "process_user_time": 5.519508}
[0m10:05:33.368245 [debug] [MainThread]: Command `dbt debug` failed at 10:05:33.368112 after 0.57 seconds
[0m10:05:33.368925 [debug] [MainThread]: Sending event: {'category': 'dbt', 'action': 'invocation', 'label': 'end', 'context': [<snowplow_tracker.self_describing_json.SelfDescribingJson object at 0x7f904f366480>, <snowplow_tracker.self_describing_json.SelfDescribingJson object at 0x7f904f8e7c20>, <snowplow_tracker.self_describing_json.SelfDescribingJson object at 0x7f904f160920>]}
[0m10:05:33.370772 [debug] [MainThread]: Flushing usage events
[0m10:05:33.521160 [debug] [MainThread]: An error was encountered while trying to flush usage events
[0m10:08:01.592119 [debug] [MainThread]: Sending event: {'category': 'dbt', 'action': 'invocation', 'label': 'start', 'context': [<snowplow_tracker.self_describing_json.SelfDescribingJson object at 0x7fe3c345f080>, <snowplow_tracker.self_describing_json.SelfDescribingJson object at 0x7fe3c345f2c0>, <snowplow_tracker.self_describing_json.SelfDescribingJson object at 0x7fe3c345efc0>]}


============================== 10:08:01.670628 | f4f3f026-8762-4eba-a9ee-92bcec9895e9 ==============================
[0m10:08:01.670628 [info ] [MainThread]: Running with dbt=1.9.10
[0m10:08:01.671680 [debug] [MainThread]: running dbt with arguments {'no_print': 'None', 'use_colors': 'True', 'log_path': '/app/workspaces/18/logs', 'warn_error': 'None', 'debug': 'False', 'indirect_selection': 'eager', 'cache_selected_only': 'False', 'fail_fast': 'False', 'invocation_command': 'dbt deps', 'printer_width': '80', 'empty': 'None', 'partial_parse': 'True', 'log_cache_events': 'False', 'write_json': 'True', 'profiles_dir': '/app/workspaces/18', 'version_check': 'True', 'quiet': 'False', 'send_anonymous_usage_stats': 'True', 'use_experimental_parser': 'False', 'target_path': 'None', 'log_format': 'default', 'static_parser': 'True', 'introspect': 'True', 'warn_error_options': 'WarnErrorOptions(include=[], exclude=[])'}
[0m10:08:01.987671 [debug] [MainThread]: Sending event: {'category': 'dbt', 'action': 'project_id', 'label': 'f4f3f026-8762-4eba-a9ee-92bcec9895e9', 'context': [<snowplow_tracker.self_describing_json.SelfDescribingJson object at 0x7fe3c24aa000>]}
[0m10:08:02.063616 [debug] [MainThread]: Set downloads directory='/tmp/dbt-downloads-9wkexgva'
[0m10:08:02.064606 [debug] [MainThread]: Making package index registry request: GET https://hub.getdbt.com/api/v1/index.json
[0m10:08:02.096586 [debug] [MainThread]: Response from registry index: GET https://hub.getdbt.com/api/v1/index.json 200
[0m10:08:02.099822 [debug] [MainThread]: Making package registry request: GET https://hub.getdbt.com/api/v1/dbt-labs/dbt_utils.json
[0m10:08:02.125636 [debug] [MainThread]: Response from registry: GET https://hub.getdbt.com/api/v1/dbt-labs/dbt_utils.json 200
[0m10:08:02.153817 [info ] [MainThread]: Updating lock file in file path: /app/workspaces/18/package-lock.yml
[0m10:08:02.156505 [debug] [MainThread]: Set downloads directory='/tmp/dbt-downloads-_g41xu5e'
[0m10:08:02.163547 [info ] [MainThread]: Installing dbt-labs/dbt_utils
[0m10:08:02.466681 [info ] [MainThread]: Installed from version 1.1.1
[0m10:08:02.467875 [info ] [MainThread]: Updated version available: 1.3.3
[0m10:08:02.468634 [debug] [MainThread]: Sending event: {'category': 'dbt', 'action': 'package', 'label': 'f4f3f026-8762-4eba-a9ee-92bcec9895e9', 'property_': 'install', 'context': [<snowplow_tracker.self_describing_json.SelfDescribingJson object at 0x7fe3c2258710>, <snowplow_tracker.self_describing_json.SelfDescribingJson object at 0x7fe3c2258740>]}
[0m10:08:02.469557 [info ] [MainThread]: 
[0m10:08:02.470318 [info ] [MainThread]: Updates available for packages: ['dbt-labs/dbt_utils']                 
Update your versions in packages.yml, then run dbt deps
[0m10:08:02.471977 [debug] [MainThread]: Resource report: {"command_name": "deps", "command_success": true, "command_wall_clock_time": 1.0500394, "process_in_blocks": "0", "process_kernel_time": 0.148897, "process_mem_max_rss": "119264", "process_out_blocks": "2240", "process_user_time": 5.753537}
[0m10:08:02.472789 [debug] [MainThread]: Command `dbt deps` succeeded at 10:08:02.472668 after 1.05 seconds
[0m10:08:02.473463 [debug] [MainThread]: Sending event: {'category': 'dbt', 'action': 'invocation', 'label': 'end', 'context': [<snowplow_tracker.self_describing_json.SelfDescribingJson object at 0x7fe3c2fd82c0>, <snowplow_tracker.self_describing_json.SelfDescribingJson object at 0x7fe3c2780620>, <snowplow_tracker.self_describing_json.SelfDescribingJson object at 0x7fe3c2d77fb0>]}
[0m10:08:02.474095 [debug] [MainThread]: Flushing usage events
[0m10:08:02.528770 [debug] [MainThread]: An error was encountered while trying to flush usage events
[0m10:08:13.700253 [debug] [MainThread]: Sending event: {'category': 'dbt', 'action': 'invocation', 'label': 'start', 'context': [<snowplow_tracker.self_describing_json.SelfDescribingJson object at 0x7f2cfcbf8620>, <snowplow_tracker.self_describing_json.SelfDescribingJson object at 0x7f2cfcbf8470>, <snowplow_tracker.self_describing_json.SelfDescribingJson object at 0x7f2cfcbfa600>]}


============================== 10:08:13.768145 | b9580427-456c-4162-b06f-881b896434f9 ==============================
[0m10:08:13.768145 [info ] [MainThread]: Running with dbt=1.9.10
[0m10:08:13.769125 [debug] [MainThread]: running dbt with arguments {'empty': 'False', 'profiles_dir': '/app/workspaces/18', 'log_path': '/app/workspaces/18/logs', 'use_colors': 'True', 'warn_error_options': 'WarnErrorOptions(include=[], exclude=[])', 'use_experimental_parser': 'False', 'write_json': 'True', 'indirect_selection': 'eager', 'debug': 'False', 'quiet': 'False', 'send_anonymous_usage_stats': 'True', 'warn_error': 'None', 'log_cache_events': 'False', 'printer_width': '80', 'log_format': 'default', 'introspect': 'True', 'target_path': 'None', 'static_parser': 'True', 'version_check': 'True', 'partial_parse': 'True', 'invocation_command': 'dbt compile', 'no_print': 'None', 'cache_selected_only': 'False', 'fail_fast': 'False'}
[0m10:08:17.627198 [debug] [MainThread]: Sending event: {'category': 'dbt', 'action': 'project_id', 'label': 'b9580427-456c-4162-b06f-881b896434f9', 'context': [<snowplow_tracker.self_describing_json.SelfDescribingJson object at 0x7f2cfed06bd0>]}
[0m10:08:17.763624 [debug] [MainThread]: Sending event: {'category': 'dbt', 'action': 'adapter_info', 'label': 'b9580427-456c-4162-b06f-881b896434f9', 'context': [<snowplow_tracker.self_describing_json.SelfDescribingJson object at 0x7f2cfcc4b860>]}
[0m10:08:17.765036 [info ] [MainThread]: Registered adapter: snowflake=1.9.4
[0m10:08:18.150023 [debug] [MainThread]: checksum: c40cca0353c9a9b4dbd2a57cdc3e2440f5c9a71a795694b25a51e704baaf554e, vars: {}, profile: , target: , version: 1.9.10
[0m10:08:18.151269 [info ] [MainThread]: Unable to do partial parsing because saved manifest not found. Starting full parse.
[0m10:08:18.153464 [debug] [MainThread]: Sending event: {'category': 'dbt', 'action': 'partial_parser', 'label': 'b9580427-456c-4162-b06f-881b896434f9', 'context': [<snowplow_tracker.self_describing_json.SelfDescribingJson object at 0x7f2ce67e18b0>]}
[0m10:08:22.078542 [error] [MainThread]: Encountered an error:
Compilation Error
  dbt found two schema.yml entries for the same resource named fct_claims. Resources and their associated columns may only be described a single time. To fix this, remove the resource entry for fct_claims in one of these files:
   - models/marts/_marts_tests.yml
  models/marts/_marts.yml
[0m10:08:22.080791 [debug] [MainThread]: Resource report: {"command_name": "compile", "command_success": false, "command_wall_clock_time": 8.568162, "process_in_blocks": "0", "process_kernel_time": 0.443327, "process_mem_max_rss": "217040", "process_out_blocks": "8", "process_user_time": 11.811759}
[0m10:08:22.082026 [debug] [MainThread]: Command `dbt compile` failed at 10:08:22.081849 after 8.57 seconds
[0m10:08:22.082739 [debug] [MainThread]: Sending event: {'category': 'dbt', 'action': 'invocation', 'label': 'end', 'context': [<snowplow_tracker.self_describing_json.SelfDescribingJson object at 0x7f2cfccd0cb0>, <snowplow_tracker.self_describing_json.SelfDescribingJson object at 0x7f2ce599f320>, <snowplow_tracker.self_describing_json.SelfDescribingJson object at 0x7f2ce58117c0>]}
[0m10:08:22.083402 [debug] [MainThread]: Flushing usage events
[0m10:08:22.141878 [debug] [MainThread]: An error was encountered while trying to flush usage events
[0m10:08:43.822984 [debug] [MainThread]: Sending event: {'category': 'dbt', 'action': 'invocation', 'label': 'start', 'context': [<snowplow_tracker.self_describing_json.SelfDescribingJson object at 0x7f4ddf14baa0>, <snowplow_tracker.self_describing_json.SelfDescribingJson object at 0x7f4de1421730>, <snowplow_tracker.self_describing_json.SelfDescribingJson object at 0x7f4ddef25eb0>]}


============================== 10:08:43.897526 | f128bdef-5cb2-4213-bbd5-8ca9d28f22d5 ==============================
[0m10:08:43.897526 [info ] [MainThread]: Running with dbt=1.9.10
[0m10:08:43.898482 [debug] [MainThread]: running dbt with arguments {'debug': 'False', 'partial_parse': 'True', 'invocation_command': 'dbt compile', 'empty': 'False', 'warn_error_options': 'WarnErrorOptions(include=[], exclude=[])', 'target_path': 'None', 'fail_fast': 'False', 'introspect': 'True', 'use_experimental_parser': 'False', 'log_cache_events': 'False', 'static_parser': 'True', 'log_path': '/app/workspaces/18/logs', 'send_anonymous_usage_stats': 'True', 'use_colors': 'True', 'profiles_dir': '/app/workspaces/18', 'warn_error': 'None', 'indirect_selection': 'eager', 'no_print': 'None', 'version_check': 'True', 'printer_width': '80', 'quiet': 'False', 'cache_selected_only': 'False', 'log_format': 'default', 'write_json': 'True'}
[0m10:08:48.010498 [debug] [MainThread]: Sending event: {'category': 'dbt', 'action': 'project_id', 'label': 'f128bdef-5cb2-4213-bbd5-8ca9d28f22d5', 'context': [<snowplow_tracker.self_describing_json.SelfDescribingJson object at 0x7f4ddeb468d0>]}
[0m10:08:48.142090 [debug] [MainThread]: Sending event: {'category': 'dbt', 'action': 'adapter_info', 'label': 'f128bdef-5cb2-4213-bbd5-8ca9d28f22d5', 'context': [<snowplow_tracker.self_describing_json.SelfDescribingJson object at 0x7f4dc85e2c30>]}
[0m10:08:48.143460 [info ] [MainThread]: Registered adapter: snowflake=1.9.4
[0m10:08:48.477644 [debug] [MainThread]: checksum: c40cca0353c9a9b4dbd2a57cdc3e2440f5c9a71a795694b25a51e704baaf554e, vars: {}, profile: , target: , version: 1.9.10
[0m10:08:48.478879 [info ] [MainThread]: Unable to do partial parsing because saved manifest not found. Starting full parse.
[0m10:08:48.485639 [debug] [MainThread]: Sending event: {'category': 'dbt', 'action': 'partial_parser', 'label': 'f128bdef-5cb2-4213-bbd5-8ca9d28f22d5', 'context': [<snowplow_tracker.self_describing_json.SelfDescribingJson object at 0x7f4dc840d6a0>]}
[0m10:08:51.872195 [debug] [MainThread]: Sending event: {'category': 'dbt', 'action': 'load_project', 'label': 'f128bdef-5cb2-4213-bbd5-8ca9d28f22d5', 'context': [<snowplow_tracker.self_describing_json.SelfDescribingJson object at 0x7f4dc7d00500>]}
[0m10:08:52.035525 [debug] [MainThread]: Wrote artifact WritableManifest to /app/workspaces/18/target/manifest.json
[0m10:08:52.039251 [debug] [MainThread]: Wrote artifact SemanticManifest to /app/workspaces/18/target/semantic_manifest.json
[0m10:08:52.131008 [debug] [MainThread]: Sending event: {'category': 'dbt', 'action': 'resource_counts', 'label': 'f128bdef-5cb2-4213-bbd5-8ca9d28f22d5', 'context': [<snowplow_tracker.self_describing_json.SelfDescribingJson object at 0x7f4dc7758200>]}
[0m10:08:52.131906 [info ] [MainThread]: Found 22 models, 9 data tests, 12 sources, 616 macros
[0m10:08:52.132539 [debug] [MainThread]: Sending event: {'category': 'dbt', 'action': 'runnable_timing', 'label': 'f128bdef-5cb2-4213-bbd5-8ca9d28f22d5', 'context': [<snowplow_tracker.self_describing_json.SelfDescribingJson object at 0x7f4dc806c830>]}
[0m10:08:52.138411 [info ] [MainThread]: 
[0m10:08:52.139597 [info ] [MainThread]: Concurrency: 4 threads (target='dev')
[0m10:08:52.140465 [info ] [MainThread]: 
[0m10:08:52.141738 [debug] [MainThread]: Acquiring new snowflake connection 'master'
[0m10:08:52.150731 [debug] [ThreadPool]: Acquiring new snowflake connection 'list_EKAI_demoModel_18_marts'
[0m10:08:52.170060 [debug] [ThreadPool]: Acquiring new snowflake connection 'list_EKAI_demoModel_18_staging'
[0m10:08:52.242097 [debug] [ThreadPool]: Using snowflake connection "list_EKAI_demoModel_18_marts"
[0m10:08:52.243240 [debug] [ThreadPool]: On list_EKAI_demoModel_18_marts: /* {"app": "dbt", "dbt_version": "1.9.10", "profile_name": "ekai_dbt", "target_name": "dev", "connection_name": "list_EKAI_demoModel_18_marts"} */
alter session set quoted_identifiers_ignore_case = false;
[0m10:08:52.244267 [debug] [ThreadPool]: Opening a new connection, currently in state init
[0m10:08:52.274068 [debug] [ThreadPool]: Using snowflake connection "list_EKAI_demoModel_18_staging"
[0m10:08:52.274793 [debug] [ThreadPool]: On list_EKAI_demoModel_18_staging: /* {"app": "dbt", "dbt_version": "1.9.10", "profile_name": "ekai_dbt", "target_name": "dev", "connection_name": "list_EKAI_demoModel_18_staging"} */
alter session set quoted_identifiers_ignore_case = false;
[0m10:08:52.275340 [debug] [ThreadPool]: Opening a new connection, currently in state init
[0m10:08:55.162184 [debug] [ThreadPool]: SQL status: SUCCESS 1 in 2.918 seconds
[0m10:08:55.170051 [debug] [ThreadPool]: Using snowflake connection "list_EKAI_demoModel_18_marts"
[0m10:08:55.170815 [debug] [ThreadPool]: On list_EKAI_demoModel_18_marts: /* {"app": "dbt", "dbt_version": "1.9.10", "profile_name": "ekai_dbt", "target_name": "dev", "connection_name": "list_EKAI_demoModel_18_marts"} */
show objects in EKAI.demoModel_18_marts
    limit 10000
    
;
[0m10:08:55.174958 [debug] [ThreadPool]: SQL status: SUCCESS 1 in 2.899 seconds
[0m10:08:55.177917 [debug] [ThreadPool]: Using snowflake connection "list_EKAI_demoModel_18_staging"
[0m10:08:55.178791 [debug] [ThreadPool]: On list_EKAI_demoModel_18_staging: /* {"app": "dbt", "dbt_version": "1.9.10", "profile_name": "ekai_dbt", "target_name": "dev", "connection_name": "list_EKAI_demoModel_18_staging"} */
show objects in EKAI.demoModel_18_staging
    limit 10000
    
;
[0m10:08:55.307463 [debug] [ThreadPool]: SQL status: SUCCESS 10 in 0.136 seconds
[0m10:08:55.311066 [debug] [ThreadPool]: Using snowflake connection "list_EKAI_demoModel_18_marts"
[0m10:08:55.311731 [debug] [ThreadPool]: On list_EKAI_demoModel_18_marts: /* {"app": "dbt", "dbt_version": "1.9.10", "profile_name": "ekai_dbt", "target_name": "dev", "connection_name": "list_EKAI_demoModel_18_marts"} */
alter session unset quoted_identifiers_ignore_case;
[0m10:08:55.336249 [debug] [ThreadPool]: SQL status: SUCCESS 12 in 0.157 seconds
[0m10:08:55.340041 [debug] [ThreadPool]: Using snowflake connection "list_EKAI_demoModel_18_staging"
[0m10:08:55.340736 [debug] [ThreadPool]: On list_EKAI_demoModel_18_staging: /* {"app": "dbt", "dbt_version": "1.9.10", "profile_name": "ekai_dbt", "target_name": "dev", "connection_name": "list_EKAI_demoModel_18_staging"} */
alter session unset quoted_identifiers_ignore_case;
[0m10:08:55.416623 [debug] [ThreadPool]: SQL status: SUCCESS 1 in 0.104 seconds
[0m10:08:55.454434 [debug] [ThreadPool]: SQL status: SUCCESS 1 in 0.112 seconds
[0m10:08:55.460625 [debug] [MainThread]: Sending event: {'category': 'dbt', 'action': 'runnable_timing', 'label': 'f128bdef-5cb2-4213-bbd5-8ca9d28f22d5', 'context': [<snowplow_tracker.self_describing_json.SelfDescribingJson object at 0x7f4dc7ceec60>]}
[0m10:08:55.465948 [debug] [Thread-1 (]: Began running node model.sentinel_insurance.stg_agencies
[0m10:08:55.466812 [debug] [Thread-1 (]: Re-using an available connection from the pool (formerly list_EKAI_demoModel_18_staging, now model.sentinel_insurance.stg_agencies)
[0m10:08:55.467478 [debug] [Thread-1 (]: Began compiling node model.sentinel_insurance.stg_agencies
[0m10:08:55.474288 [debug] [Thread-2 (]: Began running node model.sentinel_insurance.stg_agents
[0m10:08:55.475244 [debug] [Thread-2 (]: Re-using an available connection from the pool (formerly list_EKAI_demoModel_18_marts, now model.sentinel_insurance.stg_agents)
[0m10:08:55.475932 [debug] [Thread-2 (]: Began compiling node model.sentinel_insurance.stg_agents
[0m10:08:55.476629 [debug] [Thread-3 (]: Began running node model.sentinel_insurance.stg_claim_payments
[0m10:08:55.477929 [debug] [Thread-3 (]: Acquiring new snowflake connection 'model.sentinel_insurance.stg_claim_payments'
[0m10:08:55.478601 [debug] [Thread-3 (]: Began compiling node model.sentinel_insurance.stg_claim_payments
[0m10:08:55.479276 [debug] [Thread-4 (]: Began running node model.sentinel_insurance.stg_claims
[0m10:08:55.480081 [debug] [Thread-4 (]: Acquiring new snowflake connection 'model.sentinel_insurance.stg_claims'
[0m10:08:55.480688 [debug] [Thread-4 (]: Began compiling node model.sentinel_insurance.stg_claims
[0m10:08:55.490393 [debug] [Thread-1 (]: Writing injected SQL for node "model.sentinel_insurance.stg_agencies"
[0m10:08:55.491656 [debug] [Thread-1 (]: Began executing node model.sentinel_insurance.stg_agencies
[0m10:08:55.492803 [debug] [Thread-1 (]: Finished running node model.sentinel_insurance.stg_agencies
[0m10:08:55.494614 [debug] [Thread-1 (]: Began running node model.sentinel_insurance.stg_parties
[0m10:08:55.495322 [debug] [Thread-1 (]: Re-using an available connection from the pool (formerly model.sentinel_insurance.stg_agencies, now model.sentinel_insurance.stg_parties)
[0m10:08:55.495946 [debug] [Thread-1 (]: Began compiling node model.sentinel_insurance.stg_parties
[0m10:08:55.501604 [debug] [Thread-2 (]: Writing injected SQL for node "model.sentinel_insurance.stg_agents"
[0m10:08:55.502584 [debug] [Thread-2 (]: Began executing node model.sentinel_insurance.stg_agents
[0m10:08:55.503658 [debug] [Thread-2 (]: Finished running node model.sentinel_insurance.stg_agents
[0m10:08:55.504440 [debug] [Thread-2 (]: Began running node model.sentinel_insurance.stg_policies
[0m10:08:55.505153 [debug] [Thread-2 (]: Re-using an available connection from the pool (formerly model.sentinel_insurance.stg_agents, now model.sentinel_insurance.stg_policies)
[0m10:08:55.505816 [debug] [Thread-2 (]: Began compiling node model.sentinel_insurance.stg_policies
[0m10:08:55.511250 [debug] [Thread-3 (]: Writing injected SQL for node "model.sentinel_insurance.stg_claim_payments"
[0m10:08:55.512271 [debug] [Thread-3 (]: Began executing node model.sentinel_insurance.stg_claim_payments
[0m10:08:55.513818 [debug] [Thread-3 (]: Finished running node model.sentinel_insurance.stg_claim_payments
[0m10:08:55.514542 [debug] [Thread-3 (]: Began running node model.sentinel_insurance.stg_policy_coverages
[0m10:08:55.515279 [debug] [Thread-3 (]: Re-using an available connection from the pool (formerly model.sentinel_insurance.stg_claim_payments, now model.sentinel_insurance.stg_policy_coverages)
[0m10:08:55.515904 [debug] [Thread-3 (]: Began compiling node model.sentinel_insurance.stg_policy_coverages
[0m10:08:55.536226 [debug] [Thread-2 (]: Writing injected SQL for node "model.sentinel_insurance.stg_policies"
[0m10:08:55.537881 [debug] [Thread-4 (]: Writing injected SQL for node "model.sentinel_insurance.stg_claims"
[0m10:08:55.546823 [debug] [Thread-4 (]: Began executing node model.sentinel_insurance.stg_claims
[0m10:08:55.548001 [debug] [Thread-4 (]: Finished running node model.sentinel_insurance.stg_claims
[0m10:08:55.544158 [debug] [Thread-1 (]: Writing injected SQL for node "model.sentinel_insurance.stg_parties"
[0m10:08:55.550610 [debug] [Thread-1 (]: Began executing node model.sentinel_insurance.stg_parties
[0m10:08:55.551637 [debug] [Thread-1 (]: Finished running node model.sentinel_insurance.stg_parties
[0m10:08:55.552289 [debug] [Thread-1 (]: Began running node model.sentinel_insurance.stg_ref_cause_of_loss
[0m10:08:55.549728 [debug] [Thread-2 (]: Began executing node model.sentinel_insurance.stg_policies
[0m10:08:55.554068 [debug] [Thread-2 (]: Finished running node model.sentinel_insurance.stg_policies
[0m10:08:55.554743 [debug] [Thread-2 (]: Began running node model.sentinel_insurance.stg_ref_coverage_codes
[0m10:08:55.555372 [debug] [Thread-2 (]: Re-using an available connection from the pool (formerly model.sentinel_insurance.stg_policies, now model.sentinel_insurance.stg_ref_coverage_codes)
[0m10:08:55.548762 [debug] [Thread-4 (]: Began running node model.sentinel_insurance.stg_policy_premiums
[0m10:08:55.543542 [debug] [Thread-3 (]: Writing injected SQL for node "model.sentinel_insurance.stg_policy_coverages"
[0m10:08:55.558504 [debug] [Thread-3 (]: Began executing node model.sentinel_insurance.stg_policy_coverages
[0m10:08:55.552988 [debug] [Thread-1 (]: Re-using an available connection from the pool (formerly model.sentinel_insurance.stg_parties, now model.sentinel_insurance.stg_ref_cause_of_loss)
[0m10:08:55.557459 [debug] [Thread-4 (]: Re-using an available connection from the pool (formerly model.sentinel_insurance.stg_claims, now model.sentinel_insurance.stg_policy_premiums)
[0m10:08:55.560858 [debug] [Thread-4 (]: Began compiling node model.sentinel_insurance.stg_policy_premiums
[0m10:08:55.560148 [debug] [Thread-1 (]: Began compiling node model.sentinel_insurance.stg_ref_cause_of_loss
[0m10:08:55.556265 [debug] [Thread-2 (]: Began compiling node model.sentinel_insurance.stg_ref_coverage_codes
[0m10:08:55.559494 [debug] [Thread-3 (]: Finished running node model.sentinel_insurance.stg_policy_coverages
[0m10:08:55.577304 [debug] [Thread-3 (]: Began running node model.sentinel_insurance.stg_ref_line_of_business
[0m10:08:55.578035 [debug] [Thread-3 (]: Re-using an available connection from the pool (formerly model.sentinel_insurance.stg_policy_coverages, now model.sentinel_insurance.stg_ref_line_of_business)
[0m10:08:55.578669 [debug] [Thread-3 (]: Began compiling node model.sentinel_insurance.stg_ref_line_of_business
[0m10:08:55.566143 [debug] [Thread-4 (]: Writing injected SQL for node "model.sentinel_insurance.stg_policy_premiums"
[0m10:08:55.587214 [debug] [Thread-4 (]: Began executing node model.sentinel_insurance.stg_policy_premiums
[0m10:08:55.588328 [debug] [Thread-4 (]: Finished running node model.sentinel_insurance.stg_policy_premiums
[0m10:08:55.589327 [debug] [Thread-4 (]: Began running node model.sentinel_insurance.stg_ref_states
[0m10:08:55.576439 [debug] [Thread-2 (]: Writing injected SQL for node "model.sentinel_insurance.stg_ref_coverage_codes"
[0m10:08:55.586263 [debug] [Thread-3 (]: Writing injected SQL for node "model.sentinel_insurance.stg_ref_line_of_business"
[0m10:08:55.591784 [debug] [Thread-3 (]: Began executing node model.sentinel_insurance.stg_ref_line_of_business
[0m10:08:55.571296 [debug] [Thread-1 (]: Writing injected SQL for node "model.sentinel_insurance.stg_ref_cause_of_loss"
[0m10:08:55.593617 [debug] [Thread-1 (]: Began executing node model.sentinel_insurance.stg_ref_cause_of_loss
[0m10:08:55.594603 [debug] [Thread-1 (]: Finished running node model.sentinel_insurance.stg_ref_cause_of_loss
[0m10:08:55.595257 [debug] [Thread-1 (]: Began running node model.sentinel_insurance.dim_agencies
[0m10:08:55.595879 [debug] [Thread-1 (]: Re-using an available connection from the pool (formerly model.sentinel_insurance.stg_ref_cause_of_loss, now model.sentinel_insurance.dim_agencies)
[0m10:08:55.590864 [debug] [Thread-2 (]: Began executing node model.sentinel_insurance.stg_ref_coverage_codes
[0m10:08:55.598192 [debug] [Thread-2 (]: Finished running node model.sentinel_insurance.stg_ref_coverage_codes
[0m10:08:55.598853 [debug] [Thread-2 (]: Began running node model.sentinel_insurance.dim_agents
[0m10:08:55.599476 [debug] [Thread-2 (]: Re-using an available connection from the pool (formerly model.sentinel_insurance.stg_ref_coverage_codes, now model.sentinel_insurance.dim_agents)
[0m10:08:55.600345 [debug] [Thread-2 (]: Began compiling node model.sentinel_insurance.dim_agents
[0m10:08:55.590004 [debug] [Thread-4 (]: Re-using an available connection from the pool (formerly model.sentinel_insurance.stg_policy_premiums, now model.sentinel_insurance.stg_ref_states)
[0m10:08:55.592789 [debug] [Thread-3 (]: Finished running node model.sentinel_insurance.stg_ref_line_of_business
[0m10:08:55.607478 [debug] [Thread-3 (]: Began running node model.sentinel_insurance.fct_claim_payments
[0m10:08:55.608199 [debug] [Thread-3 (]: Re-using an available connection from the pool (formerly model.sentinel_insurance.stg_ref_line_of_business, now model.sentinel_insurance.fct_claim_payments)
[0m10:08:55.596473 [debug] [Thread-1 (]: Began compiling node model.sentinel_insurance.dim_agencies
[0m10:08:55.606569 [debug] [Thread-4 (]: Began compiling node model.sentinel_insurance.stg_ref_states
[0m10:08:55.608884 [debug] [Thread-3 (]: Began compiling node model.sentinel_insurance.fct_claim_payments
[0m10:08:55.605746 [debug] [Thread-2 (]: Writing injected SQL for node "model.sentinel_insurance.dim_agents"
[0m10:08:55.614690 [debug] [Thread-1 (]: Writing injected SQL for node "model.sentinel_insurance.dim_agencies"
[0m10:08:55.627366 [debug] [Thread-1 (]: Began executing node model.sentinel_insurance.dim_agencies
[0m10:08:55.620172 [debug] [Thread-4 (]: Writing injected SQL for node "model.sentinel_insurance.stg_ref_states"
[0m10:08:55.629519 [debug] [Thread-4 (]: Began executing node model.sentinel_insurance.stg_ref_states
[0m10:08:55.630523 [debug] [Thread-4 (]: Finished running node model.sentinel_insurance.stg_ref_states
[0m10:08:55.628571 [debug] [Thread-1 (]: Finished running node model.sentinel_insurance.dim_agencies
[0m10:08:55.633689 [debug] [Thread-1 (]: Began running node model.sentinel_insurance.dim_policies
[0m10:08:55.634360 [debug] [Thread-1 (]: Re-using an available connection from the pool (formerly model.sentinel_insurance.dim_agencies, now model.sentinel_insurance.dim_policies)
[0m10:08:55.634973 [debug] [Thread-1 (]: Began compiling node model.sentinel_insurance.dim_policies
[0m10:08:55.632038 [debug] [Thread-2 (]: Began executing node model.sentinel_insurance.dim_agents
[0m10:08:55.642111 [debug] [Thread-2 (]: Finished running node model.sentinel_insurance.dim_agents
[0m10:08:55.642789 [debug] [Thread-2 (]: Began running node model.sentinel_insurance.fct_policy_premiums
[0m10:08:55.643438 [debug] [Thread-2 (]: Re-using an available connection from the pool (formerly model.sentinel_insurance.dim_agents, now model.sentinel_insurance.fct_policy_premiums)
[0m10:08:55.644049 [debug] [Thread-2 (]: Began compiling node model.sentinel_insurance.fct_policy_premiums
[0m10:08:55.631169 [debug] [Thread-4 (]: Began running node model.sentinel_insurance.fct_claims
[0m10:08:55.651857 [debug] [Thread-4 (]: Re-using an available connection from the pool (formerly model.sentinel_insurance.stg_ref_states, now model.sentinel_insurance.fct_claims)
[0m10:08:55.652613 [debug] [Thread-4 (]: Began compiling node model.sentinel_insurance.fct_claims
[0m10:08:55.632986 [debug] [Thread-3 (]: Writing injected SQL for node "model.sentinel_insurance.fct_claim_payments"
[0m10:08:55.658880 [debug] [Thread-3 (]: Began executing node model.sentinel_insurance.fct_claim_payments
[0m10:08:55.640863 [debug] [Thread-1 (]: Writing injected SQL for node "model.sentinel_insurance.dim_policies"
[0m10:08:55.662657 [debug] [Thread-1 (]: Began executing node model.sentinel_insurance.dim_policies
[0m10:08:55.663668 [debug] [Thread-1 (]: Finished running node model.sentinel_insurance.dim_policies
[0m10:08:55.664328 [debug] [Thread-1 (]: Began running node model.sentinel_insurance.dim_cause_of_loss
[0m10:08:55.661779 [debug] [Thread-2 (]: Writing injected SQL for node "model.sentinel_insurance.fct_policy_premiums"
[0m10:08:55.657896 [debug] [Thread-4 (]: Writing injected SQL for node "model.sentinel_insurance.fct_claims"
[0m10:08:55.667465 [debug] [Thread-4 (]: Began executing node model.sentinel_insurance.fct_claims
[0m10:08:55.659941 [debug] [Thread-3 (]: Finished running node model.sentinel_insurance.fct_claim_payments
[0m10:08:55.669178 [debug] [Thread-3 (]: Began running node model.sentinel_insurance.dim_coverage_codes
[0m10:08:55.669834 [debug] [Thread-3 (]: Re-using an available connection from the pool (formerly model.sentinel_insurance.fct_claim_payments, now model.sentinel_insurance.dim_coverage_codes)
[0m10:08:55.670447 [debug] [Thread-3 (]: Began compiling node model.sentinel_insurance.dim_coverage_codes
[0m10:08:55.666645 [debug] [Thread-2 (]: Began executing node model.sentinel_insurance.fct_policy_premiums
[0m10:08:55.665518 [debug] [Thread-1 (]: Re-using an available connection from the pool (formerly model.sentinel_insurance.dim_policies, now model.sentinel_insurance.dim_cause_of_loss)
[0m10:08:55.677558 [debug] [Thread-1 (]: Began compiling node model.sentinel_insurance.dim_cause_of_loss
[0m10:08:55.668440 [debug] [Thread-4 (]: Finished running node model.sentinel_insurance.fct_claims
[0m10:08:55.686184 [debug] [Thread-4 (]: Began running node model.sentinel_insurance.dim_line_of_business
[0m10:08:55.676894 [debug] [Thread-2 (]: Finished running node model.sentinel_insurance.fct_policy_premiums
[0m10:08:55.687714 [debug] [Thread-2 (]: Began running node model.sentinel_insurance.dim_states
[0m10:08:55.688352 [debug] [Thread-2 (]: Re-using an available connection from the pool (formerly model.sentinel_insurance.fct_policy_premiums, now model.sentinel_insurance.dim_states)
[0m10:08:55.689031 [debug] [Thread-2 (]: Began compiling node model.sentinel_insurance.dim_states
[0m10:08:55.675658 [debug] [Thread-3 (]: Writing injected SQL for node "model.sentinel_insurance.dim_coverage_codes"
[0m10:08:55.695244 [debug] [Thread-3 (]: Began executing node model.sentinel_insurance.dim_coverage_codes
[0m10:08:55.696331 [debug] [Thread-3 (]: Finished running node model.sentinel_insurance.dim_coverage_codes
[0m10:08:55.686958 [debug] [Thread-4 (]: Re-using an available connection from the pool (formerly model.sentinel_insurance.fct_claims, now model.sentinel_insurance.dim_line_of_business)
[0m10:08:55.697342 [debug] [Thread-4 (]: Began compiling node model.sentinel_insurance.dim_line_of_business
[0m10:08:55.685308 [debug] [Thread-1 (]: Writing injected SQL for node "model.sentinel_insurance.dim_cause_of_loss"
[0m10:08:55.704237 [debug] [Thread-1 (]: Began executing node model.sentinel_insurance.dim_cause_of_loss
[0m10:08:55.694169 [debug] [Thread-2 (]: Writing injected SQL for node "model.sentinel_insurance.dim_states"
[0m10:08:55.706161 [debug] [Thread-2 (]: Began executing node model.sentinel_insurance.dim_states
[0m10:08:55.703259 [debug] [Thread-3 (]: Began running node test.sentinel_insurance.test_agent_net_revenue_calculation
[0m10:08:55.708501 [debug] [Thread-3 (]: Re-using an available connection from the pool (formerly model.sentinel_insurance.dim_coverage_codes, now test.sentinel_insurance.test_agent_net_revenue_calculation)
[0m10:08:55.707118 [debug] [Thread-2 (]: Finished running node model.sentinel_insurance.dim_states
[0m10:08:55.702511 [debug] [Thread-4 (]: Writing injected SQL for node "model.sentinel_insurance.dim_line_of_business"
[0m10:08:55.705357 [debug] [Thread-1 (]: Finished running node model.sentinel_insurance.dim_cause_of_loss
[0m10:08:55.709392 [debug] [Thread-3 (]: Began compiling node test.sentinel_insurance.test_agent_net_revenue_calculation
[0m10:08:55.710256 [debug] [Thread-2 (]: Began running node test.sentinel_insurance.test_loss_ratio_reasonableness
[0m10:08:55.719218 [debug] [Thread-2 (]: Re-using an available connection from the pool (formerly model.sentinel_insurance.dim_states, now test.sentinel_insurance.test_loss_ratio_reasonableness)
[0m10:08:55.719878 [debug] [Thread-2 (]: Began compiling node test.sentinel_insurance.test_loss_ratio_reasonableness
[0m10:08:55.711490 [debug] [Thread-1 (]: Began running node test.sentinel_insurance.test_not_null_critical_fields
[0m10:08:55.726584 [debug] [Thread-1 (]: Re-using an available connection from the pool (formerly model.sentinel_insurance.dim_cause_of_loss, now test.sentinel_insurance.test_not_null_critical_fields)
[0m10:08:55.727338 [debug] [Thread-1 (]: Began compiling node test.sentinel_insurance.test_not_null_critical_fields
[0m10:08:55.712313 [debug] [Thread-4 (]: Began executing node model.sentinel_insurance.dim_line_of_business
[0m10:08:55.735217 [debug] [Thread-4 (]: Finished running node model.sentinel_insurance.dim_line_of_business
[0m10:08:55.735925 [debug] [Thread-4 (]: Began running node test.sentinel_insurance.test_premium_transaction_count
[0m10:08:55.718362 [debug] [Thread-3 (]: Writing injected SQL for node "test.sentinel_insurance.test_agent_net_revenue_calculation"
[0m10:08:55.737862 [debug] [Thread-3 (]: Began executing node test.sentinel_insurance.test_agent_net_revenue_calculation
[0m10:08:55.738899 [debug] [Thread-3 (]: Finished running node test.sentinel_insurance.test_agent_net_revenue_calculation
[0m10:08:55.739569 [debug] [Thread-3 (]: Began running node test.sentinel_insurance.test_primary_key_uniqueness_efficient
[0m10:08:55.740202 [debug] [Thread-3 (]: Re-using an available connection from the pool (formerly test.sentinel_insurance.test_agent_net_revenue_calculation, now test.sentinel_insurance.test_primary_key_uniqueness_efficient)
[0m10:08:55.733620 [debug] [Thread-2 (]: Writing injected SQL for node "test.sentinel_insurance.test_loss_ratio_reasonableness"
[0m10:08:55.741919 [debug] [Thread-2 (]: Began executing node test.sentinel_insurance.test_loss_ratio_reasonableness
[0m10:08:55.736576 [debug] [Thread-4 (]: Re-using an available connection from the pool (formerly model.sentinel_insurance.dim_line_of_business, now test.sentinel_insurance.test_premium_transaction_count)
[0m10:08:55.750694 [debug] [Thread-4 (]: Began compiling node test.sentinel_insurance.test_premium_transaction_count
[0m10:08:55.756020 [debug] [Thread-4 (]: Writing injected SQL for node "test.sentinel_insurance.test_premium_transaction_count"
[0m10:08:55.749913 [debug] [Thread-1 (]: Writing injected SQL for node "test.sentinel_insurance.test_not_null_critical_fields"
[0m10:08:55.757234 [debug] [Thread-1 (]: Began executing node test.sentinel_insurance.test_not_null_critical_fields
[0m10:08:55.758340 [debug] [Thread-1 (]: Finished running node test.sentinel_insurance.test_not_null_critical_fields
[0m10:08:55.759005 [debug] [Thread-1 (]: Began running node test.sentinel_insurance.test_value_ranges_sampled
[0m10:08:55.759644 [debug] [Thread-1 (]: Re-using an available connection from the pool (formerly test.sentinel_insurance.test_not_null_critical_fields, now test.sentinel_insurance.test_value_ranges_sampled)
[0m10:08:55.740889 [debug] [Thread-3 (]: Began compiling node test.sentinel_insurance.test_primary_key_uniqueness_efficient
[0m10:08:55.743279 [debug] [Thread-2 (]: Finished running node test.sentinel_insurance.test_loss_ratio_reasonableness
[0m10:08:55.760245 [debug] [Thread-1 (]: Began compiling node test.sentinel_insurance.test_value_ranges_sampled
[0m10:08:55.770377 [debug] [Thread-2 (]: Began running node test.sentinel_insurance.test_code_consistency_state
[0m10:08:55.779289 [debug] [Thread-2 (]: Re-using an available connection from the pool (formerly test.sentinel_insurance.test_loss_ratio_reasonableness, now test.sentinel_insurance.test_code_consistency_state)
[0m10:08:55.779980 [debug] [Thread-2 (]: Began compiling node test.sentinel_insurance.test_code_consistency_state
[0m10:08:55.778379 [debug] [Thread-3 (]: Writing injected SQL for node "test.sentinel_insurance.test_primary_key_uniqueness_efficient"
[0m10:08:55.787406 [debug] [Thread-3 (]: Began executing node test.sentinel_insurance.test_primary_key_uniqueness_efficient
[0m10:08:55.786350 [debug] [Thread-4 (]: Began executing node test.sentinel_insurance.test_premium_transaction_count
[0m10:08:55.791150 [debug] [Thread-4 (]: Finished running node test.sentinel_insurance.test_premium_transaction_count
[0m10:08:55.791816 [debug] [Thread-4 (]: Began running node test.sentinel_insurance.test_code_consistency_cause
[0m10:08:55.790073 [debug] [Thread-1 (]: Writing injected SQL for node "test.sentinel_insurance.test_value_ranges_sampled"
[0m10:08:55.793457 [debug] [Thread-1 (]: Began executing node test.sentinel_insurance.test_value_ranges_sampled
[0m10:08:55.794447 [debug] [Thread-1 (]: Finished running node test.sentinel_insurance.test_value_ranges_sampled
[0m10:08:55.788500 [debug] [Thread-3 (]: Finished running node test.sentinel_insurance.test_primary_key_uniqueness_efficient
[0m10:08:55.792463 [debug] [Thread-4 (]: Re-using an available connection from the pool (formerly test.sentinel_insurance.test_premium_transaction_count, now test.sentinel_insurance.test_code_consistency_cause)
[0m10:08:55.796897 [debug] [Thread-4 (]: Began compiling node test.sentinel_insurance.test_code_consistency_cause
[0m10:08:55.796111 [debug] [Thread-2 (]: Writing injected SQL for node "test.sentinel_insurance.test_code_consistency_state"
[0m10:08:55.805558 [debug] [Thread-2 (]: Began executing node test.sentinel_insurance.test_code_consistency_state
[0m10:08:55.806655 [debug] [Thread-2 (]: Finished running node test.sentinel_insurance.test_code_consistency_state
[0m10:08:55.795133 [debug] [Thread-1 (]: Began running node test.sentinel_insurance.test_code_consistency_lob
[0m10:08:55.807441 [debug] [Thread-1 (]: Re-using an available connection from the pool (formerly test.sentinel_insurance.test_value_ranges_sampled, now test.sentinel_insurance.test_code_consistency_lob)
[0m10:08:55.808073 [debug] [Thread-1 (]: Began compiling node test.sentinel_insurance.test_code_consistency_lob
[0m10:08:55.804406 [debug] [Thread-4 (]: Writing injected SQL for node "test.sentinel_insurance.test_code_consistency_cause"
[0m10:08:55.814831 [debug] [Thread-4 (]: Began executing node test.sentinel_insurance.test_code_consistency_cause
[0m10:08:55.815905 [debug] [Thread-4 (]: Finished running node test.sentinel_insurance.test_code_consistency_cause
[0m10:08:55.813812 [debug] [Thread-1 (]: Writing injected SQL for node "test.sentinel_insurance.test_code_consistency_lob"
[0m10:08:55.816896 [debug] [Thread-1 (]: Began executing node test.sentinel_insurance.test_code_consistency_lob
[0m10:08:55.817937 [debug] [Thread-1 (]: Finished running node test.sentinel_insurance.test_code_consistency_lob
[0m10:08:55.819519 [debug] [MainThread]: Connection 'master' was properly closed.
[0m10:08:55.820111 [debug] [MainThread]: Connection 'test.sentinel_insurance.test_code_consistency_state' was left open.
[0m10:08:55.820705 [debug] [MainThread]: On test.sentinel_insurance.test_code_consistency_state: Close
[0m10:08:55.905092 [debug] [MainThread]: Connection 'test.sentinel_insurance.test_code_consistency_lob' was left open.
[0m10:08:55.905953 [debug] [MainThread]: On test.sentinel_insurance.test_code_consistency_lob: Close
[0m10:08:55.984822 [debug] [MainThread]: Connection 'test.sentinel_insurance.test_primary_key_uniqueness_efficient' was properly closed.
[0m10:08:55.985640 [debug] [MainThread]: Connection 'test.sentinel_insurance.test_code_consistency_cause' was properly closed.
[0m10:08:55.992644 [debug] [MainThread]: Command end result
[0m10:08:56.059698 [debug] [MainThread]: Wrote artifact WritableManifest to /app/workspaces/18/target/manifest.json
[0m10:08:56.064455 [debug] [MainThread]: Wrote artifact SemanticManifest to /app/workspaces/18/target/semantic_manifest.json
[0m10:08:56.075712 [debug] [MainThread]: Wrote artifact RunExecutionResult to /app/workspaces/18/target/run_results.json
[0m10:08:56.077342 [debug] [MainThread]: Resource report: {"command_name": "compile", "command_success": true, "command_wall_clock_time": 12.442295, "process_in_blocks": "0", "process_kernel_time": 0.460003, "process_mem_max_rss": "258268", "process_out_blocks": "5712", "process_user_time": 13.308641}
[0m10:08:56.078188 [debug] [MainThread]: Command `dbt compile` succeeded at 10:08:56.078061 after 12.44 seconds
[0m10:08:56.078826 [debug] [MainThread]: Sending event: {'category': 'dbt', 'action': 'invocation', 'label': 'end', 'context': [<snowplow_tracker.self_describing_json.SelfDescribingJson object at 0x7f4dc7e29880>, <snowplow_tracker.self_describing_json.SelfDescribingJson object at 0x7f4dc7e82450>, <snowplow_tracker.self_describing_json.SelfDescribingJson object at 0x7f4dc7e5ecf0>]}
[0m10:08:56.079465 [debug] [MainThread]: Flushing usage events
[0m10:08:56.113745 [debug] [MainThread]: An error was encountered while trying to flush usage events
[0m10:09:09.847237 [debug] [MainThread]: Sending event: {'category': 'dbt', 'action': 'invocation', 'label': 'start', 'context': [<snowplow_tracker.self_describing_json.SelfDescribingJson object at 0x7f78f125b9b0>, <snowplow_tracker.self_describing_json.SelfDescribingJson object at 0x7f78f12ae360>, <snowplow_tracker.self_describing_json.SelfDescribingJson object at 0x7f78f106cbf0>]}


============================== 10:09:09.912626 | a2474fd3-a9a8-4342-bdda-2c9f8c390ac6 ==============================
[0m10:09:09.912626 [info ] [MainThread]: Running with dbt=1.9.10
[0m10:09:09.913616 [debug] [MainThread]: running dbt with arguments {'no_print': 'None', 'profiles_dir': '/app/workspaces/18', 'use_colors': 'True', 'fail_fast': 'False', 'static_parser': 'True', 'log_cache_events': 'False', 'use_experimental_parser': 'False', 'invocation_command': 'dbt run --full-refresh', 'introspect': 'True', 'cache_selected_only': 'False', 'warn_error_options': 'WarnErrorOptions(include=[], exclude=[])', 'warn_error': 'None', 'empty': 'False', 'target_path': 'None', 'write_json': 'True', 'log_path': '/app/workspaces/18/logs', 'indirect_selection': 'eager', 'debug': 'False', 'quiet': 'False', 'partial_parse': 'True', 'version_check': 'True', 'send_anonymous_usage_stats': 'True', 'printer_width': '80', 'log_format': 'default'}
[0m10:09:13.871831 [debug] [MainThread]: Sending event: {'category': 'dbt', 'action': 'project_id', 'label': 'a2474fd3-a9a8-4342-bdda-2c9f8c390ac6', 'context': [<snowplow_tracker.self_describing_json.SelfDescribingJson object at 0x7f78da0d14f0>]}
[0m10:09:14.010528 [debug] [MainThread]: Sending event: {'category': 'dbt', 'action': 'adapter_info', 'label': 'a2474fd3-a9a8-4342-bdda-2c9f8c390ac6', 'context': [<snowplow_tracker.self_describing_json.SelfDescribingJson object at 0x7f78f0ce7b00>]}
[0m10:09:14.011879 [info ] [MainThread]: Registered adapter: snowflake=1.9.4
[0m10:09:14.251458 [debug] [MainThread]: checksum: c40cca0353c9a9b4dbd2a57cdc3e2440f5c9a71a795694b25a51e704baaf554e, vars: {}, profile: , target: , version: 1.9.10
[0m10:09:14.638542 [debug] [MainThread]: Partial parsing enabled: 0 files deleted, 0 files added, 0 files changed.
[0m10:09:14.639283 [debug] [MainThread]: Partial parsing enabled, no changes found, skipping parsing
[0m10:09:14.715254 [debug] [MainThread]: Sending event: {'category': 'dbt', 'action': 'load_project', 'label': 'a2474fd3-a9a8-4342-bdda-2c9f8c390ac6', 'context': [<snowplow_tracker.self_describing_json.SelfDescribingJson object at 0x7f78d9e37b30>]}
[0m10:09:14.879651 [debug] [MainThread]: Wrote artifact WritableManifest to /app/workspaces/18/target/manifest.json
[0m10:09:14.883408 [debug] [MainThread]: Wrote artifact SemanticManifest to /app/workspaces/18/target/semantic_manifest.json
[0m10:09:14.985137 [debug] [MainThread]: Sending event: {'category': 'dbt', 'action': 'resource_counts', 'label': 'a2474fd3-a9a8-4342-bdda-2c9f8c390ac6', 'context': [<snowplow_tracker.self_describing_json.SelfDescribingJson object at 0x7f78d993a030>]}
[0m10:09:14.986064 [info ] [MainThread]: Found 22 models, 9 data tests, 12 sources, 616 macros
[0m10:09:14.989372 [debug] [MainThread]: Sending event: {'category': 'dbt', 'action': 'runnable_timing', 'label': 'a2474fd3-a9a8-4342-bdda-2c9f8c390ac6', 'context': [<snowplow_tracker.self_describing_json.SelfDescribingJson object at 0x7f78f3597f80>]}
[0m10:09:14.993975 [info ] [MainThread]: 
[0m10:09:14.994710 [info ] [MainThread]: Concurrency: 4 threads (target='dev')
[0m10:09:14.995236 [info ] [MainThread]: 
[0m10:09:14.996030 [debug] [MainThread]: Acquiring new snowflake connection 'master'
[0m10:09:15.009227 [debug] [ThreadPool]: Acquiring new snowflake connection 'list_EKAI'
[0m10:09:15.033780 [debug] [ThreadPool]: Acquiring new snowflake connection 'list_EKAI'
[0m10:09:15.225725 [debug] [ThreadPool]: Using snowflake connection "list_EKAI"
[0m10:09:15.226553 [debug] [ThreadPool]: On list_EKAI: /* {"app": "dbt", "dbt_version": "1.9.10", "profile_name": "ekai_dbt", "target_name": "dev", "connection_name": "list_EKAI"} */
show terse schemas in database EKAI
    limit 10000
[0m10:09:15.227144 [debug] [ThreadPool]: Opening a new connection, currently in state init
[0m10:09:15.258993 [debug] [ThreadPool]: Using snowflake connection "list_EKAI"
[0m10:09:15.259734 [debug] [ThreadPool]: On list_EKAI: /* {"app": "dbt", "dbt_version": "1.9.10", "profile_name": "ekai_dbt", "target_name": "dev", "connection_name": "list_EKAI"} */
show terse schemas in database EKAI
    limit 10000
[0m10:09:15.260271 [debug] [ThreadPool]: Opening a new connection, currently in state init
[0m10:09:18.718428 [debug] [ThreadPool]: SQL status: SUCCESS 13 in 3.458 seconds
[0m10:09:18.723122 [debug] [ThreadPool]: SQL status: SUCCESS 13 in 3.496 seconds
[0m10:09:18.729968 [debug] [ThreadPool]: Re-using an available connection from the pool (formerly list_EKAI, now list_EKAI_demoModel_18_marts)
[0m10:09:18.752624 [debug] [ThreadPool]: Using snowflake connection "list_EKAI_demoModel_18_marts"
[0m10:09:18.754347 [debug] [ThreadPool]: On list_EKAI_demoModel_18_marts: /* {"app": "dbt", "dbt_version": "1.9.10", "profile_name": "ekai_dbt", "target_name": "dev", "connection_name": "list_EKAI_demoModel_18_marts"} */
alter session set quoted_identifiers_ignore_case = false;
[0m10:09:18.753674 [debug] [ThreadPool]: Re-using an available connection from the pool (formerly list_EKAI, now list_EKAI_demoModel_18_staging)
[0m10:09:18.760572 [debug] [ThreadPool]: Using snowflake connection "list_EKAI_demoModel_18_staging"
[0m10:09:18.761271 [debug] [ThreadPool]: On list_EKAI_demoModel_18_staging: /* {"app": "dbt", "dbt_version": "1.9.10", "profile_name": "ekai_dbt", "target_name": "dev", "connection_name": "list_EKAI_demoModel_18_staging"} */
alter session set quoted_identifiers_ignore_case = false;
[0m10:09:18.851149 [debug] [ThreadPool]: SQL status: SUCCESS 1 in 0.096 seconds
[0m10:09:18.858304 [debug] [ThreadPool]: Using snowflake connection "list_EKAI_demoModel_18_marts"
[0m10:09:18.859034 [debug] [ThreadPool]: On list_EKAI_demoModel_18_marts: /* {"app": "dbt", "dbt_version": "1.9.10", "profile_name": "ekai_dbt", "target_name": "dev", "connection_name": "list_EKAI_demoModel_18_marts"} */
show objects in EKAI.demoModel_18_marts
    limit 10000
    
;
[0m10:09:18.862532 [debug] [ThreadPool]: SQL status: SUCCESS 1 in 0.101 seconds
[0m10:09:18.865430 [debug] [ThreadPool]: Using snowflake connection "list_EKAI_demoModel_18_staging"
[0m10:09:18.866096 [debug] [ThreadPool]: On list_EKAI_demoModel_18_staging: /* {"app": "dbt", "dbt_version": "1.9.10", "profile_name": "ekai_dbt", "target_name": "dev", "connection_name": "list_EKAI_demoModel_18_staging"} */
show objects in EKAI.demoModel_18_staging
    limit 10000
    
;
[0m10:09:18.988054 [debug] [ThreadPool]: SQL status: SUCCESS 10 in 0.128 seconds
[0m10:09:18.991552 [debug] [ThreadPool]: Using snowflake connection "list_EKAI_demoModel_18_marts"
[0m10:09:18.992426 [debug] [ThreadPool]: On list_EKAI_demoModel_18_marts: /* {"app": "dbt", "dbt_version": "1.9.10", "profile_name": "ekai_dbt", "target_name": "dev", "connection_name": "list_EKAI_demoModel_18_marts"} */
alter session unset quoted_identifiers_ignore_case;
[0m10:09:18.996550 [debug] [ThreadPool]: SQL status: SUCCESS 12 in 0.130 seconds
[0m10:09:18.999865 [debug] [ThreadPool]: Using snowflake connection "list_EKAI_demoModel_18_staging"
[0m10:09:19.000546 [debug] [ThreadPool]: On list_EKAI_demoModel_18_staging: /* {"app": "dbt", "dbt_version": "1.9.10", "profile_name": "ekai_dbt", "target_name": "dev", "connection_name": "list_EKAI_demoModel_18_staging"} */
alter session unset quoted_identifiers_ignore_case;
[0m10:09:19.066807 [debug] [ThreadPool]: SQL status: SUCCESS 1 in 0.074 seconds
[0m10:09:19.101508 [debug] [ThreadPool]: SQL status: SUCCESS 1 in 0.100 seconds
[0m10:09:19.107184 [debug] [MainThread]: Sending event: {'category': 'dbt', 'action': 'runnable_timing', 'label': 'a2474fd3-a9a8-4342-bdda-2c9f8c390ac6', 'context': [<snowplow_tracker.self_describing_json.SelfDescribingJson object at 0x7f78da2987d0>]}
[0m10:09:19.113156 [debug] [Thread-1 (]: Began running node model.sentinel_insurance.stg_agencies
[0m10:09:19.114149 [info ] [Thread-1 (]: 1 of 22 START sql view model demoModel_18_staging.stg_agencies ................. [RUN]
[0m10:09:19.114942 [debug] [Thread-1 (]: Re-using an available connection from the pool (formerly list_EKAI_demoModel_18_staging, now model.sentinel_insurance.stg_agencies)
[0m10:09:19.115574 [debug] [Thread-1 (]: Began compiling node model.sentinel_insurance.stg_agencies
[0m10:09:19.125171 [debug] [Thread-2 (]: Began running node model.sentinel_insurance.stg_agents
[0m10:09:19.126201 [info ] [Thread-2 (]: 2 of 22 START sql view model demoModel_18_staging.stg_agents ................... [RUN]
[0m10:09:19.126992 [debug] [Thread-2 (]: Re-using an available connection from the pool (formerly list_EKAI_demoModel_18_marts, now model.sentinel_insurance.stg_agents)
[0m10:09:19.127626 [debug] [Thread-2 (]: Began compiling node model.sentinel_insurance.stg_agents
[0m10:09:19.133156 [debug] [Thread-2 (]: Writing injected SQL for node "model.sentinel_insurance.stg_agents"
[0m10:09:19.134183 [debug] [Thread-3 (]: Began running node model.sentinel_insurance.stg_claim_payments
[0m10:09:19.135071 [info ] [Thread-3 (]: 3 of 22 START sql view model demoModel_18_staging.stg_claim_payments ........... [RUN]
[0m10:09:19.135969 [debug] [Thread-3 (]: Acquiring new snowflake connection 'model.sentinel_insurance.stg_claim_payments'
[0m10:09:19.136611 [debug] [Thread-3 (]: Began compiling node model.sentinel_insurance.stg_claim_payments
[0m10:09:19.141839 [debug] [Thread-3 (]: Writing injected SQL for node "model.sentinel_insurance.stg_claim_payments"
[0m10:09:19.142891 [debug] [Thread-2 (]: Began executing node model.sentinel_insurance.stg_agents
[0m10:09:19.151866 [debug] [Thread-1 (]: Writing injected SQL for node "model.sentinel_insurance.stg_agencies"
[0m10:09:19.152970 [debug] [Thread-4 (]: Began running node model.sentinel_insurance.stg_claims
[0m10:09:19.153882 [info ] [Thread-4 (]: 4 of 22 START sql view model demoModel_18_staging.stg_claims ................... [RUN]
[0m10:09:19.154769 [debug] [Thread-4 (]: Acquiring new snowflake connection 'model.sentinel_insurance.stg_claims'
[0m10:09:19.155403 [debug] [Thread-4 (]: Began compiling node model.sentinel_insurance.stg_claims
[0m10:09:19.162408 [debug] [Thread-1 (]: Began executing node model.sentinel_insurance.stg_agencies
[0m10:09:19.168615 [debug] [Thread-3 (]: Began executing node model.sentinel_insurance.stg_claim_payments
[0m10:09:19.190144 [debug] [Thread-4 (]: Writing injected SQL for node "model.sentinel_insurance.stg_claims"
[0m10:09:19.212699 [debug] [Thread-4 (]: Began executing node model.sentinel_insurance.stg_claims
[0m10:09:19.340168 [debug] [Thread-1 (]: Writing runtime sql for node "model.sentinel_insurance.stg_agencies"
[0m10:09:19.342668 [debug] [Thread-1 (]: Using snowflake connection "model.sentinel_insurance.stg_agencies"
[0m10:09:19.343457 [debug] [Thread-1 (]: On model.sentinel_insurance.stg_agencies: /* {"app": "dbt", "dbt_version": "1.9.10", "profile_name": "ekai_dbt", "target_name": "dev", "node_id": "model.sentinel_insurance.stg_agencies"} */
create or replace   view EKAI.demoModel_18_staging.stg_agencies
  
   as (
    

WITH source AS (
    SELECT * FROM SENTINEL_INSURANCE.BRONZE.AGENCY
),

standardized AS (
    SELECT
        -- Primary Key
        AGENCY_ID,

        -- Business Identifiers
        AGENCY_CODE,
        AGENCY_NAME,

        -- Agency Details
        AGENCY_TYPE,
        COMMISSION_RATE,

        -- Status & Licensing
        IS_ACTIVE,
        LICENSE_NUMBER,
        TRY_TO_DATE(APPOINTMENT_DATE) AS APPOINTMENT_DATE,

        -- Location Information
        STATE_CODE,
        CITY,
        ADDRESS,
        ZIP_CODE,

        -- Contact Information
        PHONE,
        EMAIL,

        -- Audit Fields
        CREATED_DATE

    FROM source
)

SELECT * FROM standardized
  );
[0m10:09:19.346229 [debug] [Thread-3 (]: Writing runtime sql for node "model.sentinel_insurance.stg_claim_payments"
[0m10:09:19.350009 [debug] [Thread-3 (]: Using snowflake connection "model.sentinel_insurance.stg_claim_payments"
[0m10:09:19.350976 [debug] [Thread-3 (]: On model.sentinel_insurance.stg_claim_payments: /* {"app": "dbt", "dbt_version": "1.9.10", "profile_name": "ekai_dbt", "target_name": "dev", "node_id": "model.sentinel_insurance.stg_claim_payments"} */
create or replace   view EKAI.demoModel_18_staging.stg_claim_payments
  
   as (
    

WITH source AS (
    SELECT * FROM SENTINEL_INSURANCE.BRONZE.CLAIM_PAYMENT
),

standardized AS (
    SELECT
        -- Primary Key
        PAYMENT_ID,

        -- Foreign Keys
        CLAIM_ID,

        -- Transaction Details
        TRY_TO_DATE(PAYMENT_DATE) AS PAYMENT_DATE,
        PAYMENT_AMOUNT,
        PAYMENT_TYPE,
        PAYMENT_METHOD,
        CHECK_NUMBER,

        -- Payee Information
        PAYEE_NAME,
        PAYEE_TYPE,

        -- Audit Fields
        CREATED_DATE

    FROM source
)

SELECT * FROM standardized
  );
[0m10:09:19.351761 [debug] [Thread-3 (]: Opening a new connection, currently in state init
[0m10:09:19.380368 [debug] [Thread-4 (]: Writing runtime sql for node "model.sentinel_insurance.stg_claims"
[0m10:09:19.383294 [debug] [Thread-4 (]: Using snowflake connection "model.sentinel_insurance.stg_claims"
[0m10:09:19.384088 [debug] [Thread-4 (]: On model.sentinel_insurance.stg_claims: /* {"app": "dbt", "dbt_version": "1.9.10", "profile_name": "ekai_dbt", "target_name": "dev", "node_id": "model.sentinel_insurance.stg_claims"} */
create or replace   view EKAI.demoModel_18_staging.stg_claims
  
   as (
    

WITH source AS (
    SELECT * FROM SENTINEL_INSURANCE.BRONZE.CLAIM
),

standardized AS (
    SELECT
        -- Primary Key
        CLAIM_ID,

        -- Business Identifiers
        CLAIM_NUMBER,
        POLICY_ID,

        -- Dates (standardized with TRY_TO_DATE for safe parsing)
        TRY_TO_DATE(LOSS_DATE) AS LOSS_DATE,
        TRY_TO_DATE(REPORTED_DATE) AS REPORTED_DATE,
        TRY_TO_DATE(CLOSED_DATE) AS CLOSED_DATE,

        -- Classification Codes (with NULL handling)
        COALESCE(LOB_CODE, 'Unclassified') AS LOB_CODE,
        STATUS,
        CAUSE_CODE,

        -- Financial Metrics
        TOTAL_INCURRED,
        TOTAL_PAID,
        TOTAL_RESERVE,
        DEDUCTIBLE_APPLIED,

        -- Flags
        FRAUD_FLAG,
        LITIGATION_FLAG,
        SUBROGATION_FLAG,

        -- Additional Attributes
        ADJUSTER_ID,
        CATASTROPHE_CODE,
        LOSS_DESCRIPTION,
        CAUSE_DESCRIPTION,
        LOSS_CITY,
        LOSS_STATE,
        LOSS_ZIP,

        -- Audit Fields
        CREATED_DATE,
        UPDATED_DATE

    FROM source
)

SELECT * FROM standardized
  );
[0m10:09:19.384781 [debug] [Thread-4 (]: Opening a new connection, currently in state init
[0m10:09:19.412080 [debug] [Thread-2 (]: Writing runtime sql for node "model.sentinel_insurance.stg_agents"
[0m10:09:19.416683 [debug] [Thread-2 (]: Using snowflake connection "model.sentinel_insurance.stg_agents"
[0m10:09:19.417610 [debug] [Thread-2 (]: On model.sentinel_insurance.stg_agents: /* {"app": "dbt", "dbt_version": "1.9.10", "profile_name": "ekai_dbt", "target_name": "dev", "node_id": "model.sentinel_insurance.stg_agents"} */
create or replace   view EKAI.demoModel_18_staging.stg_agents
  
   as (
    

WITH source AS (
    SELECT * FROM SENTINEL_INSURANCE.BRONZE.AGENT
),

standardized AS (
    SELECT
        -- Primary Key
        AGENT_ID,

        -- Business Identifiers
        AGENT_CODE,

        -- Personal Information
        FIRST_NAME,
        LAST_NAME,
        CONCAT(FIRST_NAME, ' ', LAST_NAME) AS FULL_NAME,

        -- Foreign Keys
        AGENCY_ID,

        -- Commission Information
        COMMISSION_SPLIT,

        -- Status & Licensing
        IS_ACTIVE,
        TRY_TO_DATE(HIRE_DATE) AS HIRE_DATE,
        TRY_TO_DATE(TERMINATION_DATE) AS TERMINATION_DATE,
        LICENSE_NUMBER,
        LICENSE_STATE,
        TRY_TO_DATE(LICENSE_EXPIRATION) AS LICENSE_EXPIRATION,

        -- Contact Information
        PHONE,
        EMAIL,

        -- Audit Fields
        CREATED_DATE

    FROM source
)

SELECT * FROM standardized
  );
[0m10:09:19.708798 [debug] [Thread-1 (]: SQL status: SUCCESS 1 in 0.365 seconds
[0m10:09:19.718346 [debug] [Thread-2 (]: SQL status: SUCCESS 1 in 0.300 seconds
[0m10:09:19.778454 [debug] [Thread-2 (]: Sending event: {'category': 'dbt', 'action': 'run_model', 'label': 'a2474fd3-a9a8-4342-bdda-2c9f8c390ac6', 'context': [<snowplow_tracker.self_describing_json.SelfDescribingJson object at 0x7f78f2f897f0>]}
[0m10:09:19.781027 [debug] [Thread-1 (]: Sending event: {'category': 'dbt', 'action': 'run_model', 'label': 'a2474fd3-a9a8-4342-bdda-2c9f8c390ac6', 'context': [<snowplow_tracker.self_describing_json.SelfDescribingJson object at 0x7f78f2d18d70>]}
[0m10:09:19.779637 [info ] [Thread-2 (]: 2 of 22 OK created sql view model demoModel_18_staging.stg_agents .............. [[32mSUCCESS 1[0m in 0.65s]
[0m10:09:19.783153 [debug] [Thread-2 (]: Finished running node model.sentinel_insurance.stg_agents
[0m10:09:19.783868 [debug] [Thread-2 (]: Began running node model.sentinel_insurance.stg_parties
[0m10:09:19.782127 [info ] [Thread-1 (]: 1 of 22 OK created sql view model demoModel_18_staging.stg_agencies ............ [[32mSUCCESS 1[0m in 0.66s]
[0m10:09:19.785804 [debug] [Thread-1 (]: Finished running node model.sentinel_insurance.stg_agencies
[0m10:09:19.786466 [debug] [Thread-1 (]: Began running node model.sentinel_insurance.stg_policies
[0m10:09:19.787197 [info ] [Thread-1 (]: 6 of 22 START sql view model demoModel_18_staging.stg_policies ................. [RUN]
[0m10:09:19.787916 [debug] [Thread-1 (]: Re-using an available connection from the pool (formerly model.sentinel_insurance.stg_agencies, now model.sentinel_insurance.stg_policies)
[0m10:09:19.788528 [debug] [Thread-1 (]: Began compiling node model.sentinel_insurance.stg_policies
[0m10:09:19.784629 [info ] [Thread-2 (]: 5 of 22 START sql view model demoModel_18_staging.stg_parties .................. [RUN]
[0m10:09:19.796925 [debug] [Thread-2 (]: Re-using an available connection from the pool (formerly model.sentinel_insurance.stg_agents, now model.sentinel_insurance.stg_parties)
[0m10:09:19.797653 [debug] [Thread-2 (]: Began compiling node model.sentinel_insurance.stg_parties
[0m10:09:19.804046 [debug] [Thread-2 (]: Writing injected SQL for node "model.sentinel_insurance.stg_parties"
[0m10:09:19.805725 [debug] [Thread-1 (]: Writing injected SQL for node "model.sentinel_insurance.stg_policies"
[0m10:09:19.806986 [debug] [Thread-2 (]: Began executing node model.sentinel_insurance.stg_parties
[0m10:09:19.813889 [debug] [Thread-1 (]: Began executing node model.sentinel_insurance.stg_policies
[0m10:09:19.819319 [debug] [Thread-1 (]: Writing runtime sql for node "model.sentinel_insurance.stg_policies"
[0m10:09:19.822182 [debug] [Thread-1 (]: Using snowflake connection "model.sentinel_insurance.stg_policies"
[0m10:09:19.823014 [debug] [Thread-1 (]: On model.sentinel_insurance.stg_policies: /* {"app": "dbt", "dbt_version": "1.9.10", "profile_name": "ekai_dbt", "target_name": "dev", "node_id": "model.sentinel_insurance.stg_policies"} */
create or replace   view EKAI.demoModel_18_staging.stg_policies
  
   as (
    

WITH source AS (
    SELECT * FROM SENTINEL_INSURANCE.BRONZE.POLICY
),

standardized AS (
    SELECT
        -- Primary Key
        POLICY_ID,

        -- Business Identifiers
        POLICY_NUMBER,
        POLICY_VERSION,

        -- Dates
        TRY_TO_DATE(EFFECTIVE_DATE) AS EFFECTIVE_DATE,
        TRY_TO_DATE(EXPIRATION_DATE) AS EXPIRATION_DATE,
        TRY_TO_DATE(CANCELLATION_DATE) AS CANCELLATION_DATE,

        -- Status & Classification
        STATUS,
        COALESCE(LOB_CODE, 'Unclassified') AS LOB_CODE,
        COALESCE(STATE_CODE, 'Unclassified') AS STATE_CODE,
        TERRITORY_CODE,

        -- Financial
        ANNUAL_PREMIUM,
        WRITTEN_PREMIUM,
        BUNDLE_DISCOUNT_PCT,

        -- Relationships
        AGENT_ID,
        PARTY_ID,

        -- Risk Attributes
        RISK_SCORE,
        IS_BUNDLE,

        -- Additional Attributes
        UNDERWRITER,
        BILLING_TYPE,
        PAYMENT_PLAN,
        CANCELLATION_REASON,

        -- Audit Fields
        CREATED_DATE,
        UPDATED_DATE

    FROM source
)

SELECT * FROM standardized
  );
[0m10:09:19.813107 [debug] [Thread-2 (]: Writing runtime sql for node "model.sentinel_insurance.stg_parties"
[0m10:09:19.827582 [debug] [Thread-2 (]: Using snowflake connection "model.sentinel_insurance.stg_parties"
[0m10:09:19.828333 [debug] [Thread-2 (]: On model.sentinel_insurance.stg_parties: /* {"app": "dbt", "dbt_version": "1.9.10", "profile_name": "ekai_dbt", "target_name": "dev", "node_id": "model.sentinel_insurance.stg_parties"} */
create or replace   view EKAI.demoModel_18_staging.stg_parties
  
   as (
    

WITH source AS (
    SELECT * FROM SENTINEL_INSURANCE.BRONZE.PARTY
),

standardized AS (
    SELECT
        -- Primary Key
        PARTY_ID,

        -- Party Classification
        PARTY_TYPE,
        PARTY_NAME,

        -- Individual Information
        FIRST_NAME,
        LAST_NAME,
        TRY_TO_DATE(DATE_OF_BIRTH) AS DATE_OF_BIRTH,
        GENDER,
        SSN_ENCRYPTED,
        CREDIT_SCORE,

        -- Organization Information
        EIN_ENCRYPTED,

        -- Relationship Information
        TRY_TO_DATE(CUSTOMER_SINCE) AS CUSTOMER_SINCE,
        IS_ACTIVE,

        -- Location Information
        PRIMARY_STATE,

        -- Contact Information
        PHONE,
        EMAIL,

        -- Audit Fields
        CREATED_DATE,
        UPDATED_DATE

    FROM source
)

SELECT * FROM standardized
  );
[0m10:09:20.074021 [debug] [Thread-2 (]: SQL status: SUCCESS 1 in 0.245 seconds
[0m10:09:20.078677 [debug] [Thread-2 (]: Sending event: {'category': 'dbt', 'action': 'run_model', 'label': 'a2474fd3-a9a8-4342-bdda-2c9f8c390ac6', 'context': [<snowplow_tracker.self_describing_json.SelfDescribingJson object at 0x7f78d07d2b40>]}
[0m10:09:20.079707 [info ] [Thread-2 (]: 5 of 22 OK created sql view model demoModel_18_staging.stg_parties ............. [[32mSUCCESS 1[0m in 0.28s]
[0m10:09:20.080609 [debug] [Thread-2 (]: Finished running node model.sentinel_insurance.stg_parties
[0m10:09:20.081726 [debug] [Thread-2 (]: Began running node model.sentinel_insurance.stg_policy_coverages
[0m10:09:20.082506 [info ] [Thread-2 (]: 7 of 22 START sql view model demoModel_18_staging.stg_policy_coverages ......... [RUN]
[0m10:09:20.083200 [debug] [Thread-2 (]: Re-using an available connection from the pool (formerly model.sentinel_insurance.stg_parties, now model.sentinel_insurance.stg_policy_coverages)
[0m10:09:20.083840 [debug] [Thread-2 (]: Began compiling node model.sentinel_insurance.stg_policy_coverages
[0m10:09:20.089221 [debug] [Thread-2 (]: Writing injected SQL for node "model.sentinel_insurance.stg_policy_coverages"
[0m10:09:20.092108 [debug] [Thread-2 (]: Began executing node model.sentinel_insurance.stg_policy_coverages
[0m10:09:20.097702 [debug] [Thread-2 (]: Writing runtime sql for node "model.sentinel_insurance.stg_policy_coverages"
[0m10:09:20.099783 [debug] [Thread-2 (]: Using snowflake connection "model.sentinel_insurance.stg_policy_coverages"
[0m10:09:20.100517 [debug] [Thread-2 (]: On model.sentinel_insurance.stg_policy_coverages: /* {"app": "dbt", "dbt_version": "1.9.10", "profile_name": "ekai_dbt", "target_name": "dev", "node_id": "model.sentinel_insurance.stg_policy_coverages"} */
create or replace   view EKAI.demoModel_18_staging.stg_policy_coverages
  
   as (
    

WITH source AS (
    SELECT * FROM SENTINEL_INSURANCE.BRONZE.POLICY_COVERAGE
),

standardized AS (
    SELECT
        -- Primary Key
        COVERAGE_ID,

        -- Foreign Keys
        POLICY_ID,
        COVERAGE_CODE,

        -- Coverage Details
        TRY_TO_DATE(EFFECTIVE_DATE) AS EFFECTIVE_DATE,
        TRY_TO_DATE(EXPIRATION_DATE) AS EXPIRATION_DATE,
        LIMIT_AMOUNT,
        LIMIT_TYPE,
        DEDUCTIBLE_AMOUNT,
        PREMIUM_AMOUNT,

        -- Flags
        IS_MANDATORY,

        -- Audit Fields
        CREATED_DATE

    FROM source
)

SELECT * FROM standardized
  );
[0m10:09:20.104405 [debug] [Thread-1 (]: SQL status: SUCCESS 1 in 0.281 seconds
[0m10:09:20.108948 [debug] [Thread-1 (]: Sending event: {'category': 'dbt', 'action': 'run_model', 'label': 'a2474fd3-a9a8-4342-bdda-2c9f8c390ac6', 'context': [<snowplow_tracker.self_describing_json.SelfDescribingJson object at 0x7f78d81d7c20>]}
[0m10:09:20.109986 [info ] [Thread-1 (]: 6 of 22 OK created sql view model demoModel_18_staging.stg_policies ............ [[32mSUCCESS 1[0m in 0.32s]
[0m10:09:20.110867 [debug] [Thread-1 (]: Finished running node model.sentinel_insurance.stg_policies
[0m10:09:20.111582 [debug] [Thread-1 (]: Began running node model.sentinel_insurance.stg_policy_premiums
[0m10:09:20.112418 [info ] [Thread-1 (]: 8 of 22 START sql view model demoModel_18_staging.stg_policy_premiums .......... [RUN]
[0m10:09:20.113237 [debug] [Thread-1 (]: Re-using an available connection from the pool (formerly model.sentinel_insurance.stg_policies, now model.sentinel_insurance.stg_policy_premiums)
[0m10:09:20.113885 [debug] [Thread-1 (]: Began compiling node model.sentinel_insurance.stg_policy_premiums
[0m10:09:20.119383 [debug] [Thread-1 (]: Writing injected SQL for node "model.sentinel_insurance.stg_policy_premiums"
[0m10:09:20.121576 [debug] [Thread-1 (]: Began executing node model.sentinel_insurance.stg_policy_premiums
[0m10:09:20.127669 [debug] [Thread-1 (]: Writing runtime sql for node "model.sentinel_insurance.stg_policy_premiums"
[0m10:09:20.130344 [debug] [Thread-1 (]: Using snowflake connection "model.sentinel_insurance.stg_policy_premiums"
[0m10:09:20.131076 [debug] [Thread-1 (]: On model.sentinel_insurance.stg_policy_premiums: /* {"app": "dbt", "dbt_version": "1.9.10", "profile_name": "ekai_dbt", "target_name": "dev", "node_id": "model.sentinel_insurance.stg_policy_premiums"} */
create or replace   view EKAI.demoModel_18_staging.stg_policy_premiums
  
   as (
    

WITH source AS (
    SELECT * FROM SENTINEL_INSURANCE.BRONZE.POLICY_PREMIUM
),

standardized AS (
    SELECT
        -- Primary Key
        PREMIUM_ID,

        -- Foreign Keys
        POLICY_ID,

        -- Transaction Details
        TRY_TO_DATE(TRANSACTION_DATE) AS TRANSACTION_DATE,
        TRY_TO_DATE(ACCOUNTING_DATE) AS ACCOUNTING_DATE,
        TRANSACTION_TYPE,

        -- Financial Amounts
        WRITTEN_PREMIUM,
        EARNED_PREMIUM,
        COMMISSION_AMOUNT,
        TAX_AMOUNT,
        FEE_AMOUNT,

        -- Audit Fields
        CREATED_DATE

    FROM source
)

SELECT * FROM standardized
  );
[0m10:09:20.353193 [debug] [Thread-2 (]: SQL status: SUCCESS 1 in 0.252 seconds
[0m10:09:20.358085 [debug] [Thread-2 (]: Sending event: {'category': 'dbt', 'action': 'run_model', 'label': 'a2474fd3-a9a8-4342-bdda-2c9f8c390ac6', 'context': [<snowplow_tracker.self_describing_json.SelfDescribingJson object at 0x7f78ad682120>]}
[0m10:09:20.359187 [info ] [Thread-2 (]: 7 of 22 OK created sql view model demoModel_18_staging.stg_policy_coverages .... [[32mSUCCESS 1[0m in 0.27s]
[0m10:09:20.360061 [debug] [Thread-2 (]: Finished running node model.sentinel_insurance.stg_policy_coverages
[0m10:09:20.360703 [debug] [Thread-2 (]: Began running node model.sentinel_insurance.stg_ref_cause_of_loss
[0m10:09:20.361705 [info ] [Thread-2 (]: 9 of 22 START sql view model demoModel_18_staging.stg_ref_cause_of_loss ........ [RUN]
[0m10:09:20.362355 [debug] [Thread-2 (]: Re-using an available connection from the pool (formerly model.sentinel_insurance.stg_policy_coverages, now model.sentinel_insurance.stg_ref_cause_of_loss)
[0m10:09:20.362893 [debug] [Thread-2 (]: Began compiling node model.sentinel_insurance.stg_ref_cause_of_loss
[0m10:09:20.368290 [debug] [Thread-2 (]: Writing injected SQL for node "model.sentinel_insurance.stg_ref_cause_of_loss"
[0m10:09:20.370570 [debug] [Thread-2 (]: Began executing node model.sentinel_insurance.stg_ref_cause_of_loss
[0m10:09:20.377103 [debug] [Thread-2 (]: Writing runtime sql for node "model.sentinel_insurance.stg_ref_cause_of_loss"
[0m10:09:20.378974 [debug] [Thread-2 (]: Using snowflake connection "model.sentinel_insurance.stg_ref_cause_of_loss"
[0m10:09:20.379684 [debug] [Thread-2 (]: On model.sentinel_insurance.stg_ref_cause_of_loss: /* {"app": "dbt", "dbt_version": "1.9.10", "profile_name": "ekai_dbt", "target_name": "dev", "node_id": "model.sentinel_insurance.stg_ref_cause_of_loss"} */
create or replace   view EKAI.demoModel_18_staging.stg_ref_cause_of_loss
  
   as (
    

WITH source AS (
    SELECT * FROM SENTINEL_INSURANCE.BRONZE.REF_CAUSE_OF_LOSS
),

standardized AS (
    SELECT
        -- Primary Key
        CAUSE_ID,

        -- Business Identifiers
        CAUSE_CODE,
        CAUSE_NAME,

        -- Classification
        CAUSE_CATEGORY,

        -- Statistical Metrics
        AVG_SEVERITY,
        FREQUENCY_WEIGHT,

        -- Audit Fields
        CREATED_DATE

    FROM source
)

SELECT * FROM standardized
  );
[0m10:09:20.383402 [debug] [Thread-1 (]: SQL status: SUCCESS 1 in 0.252 seconds
[0m10:09:20.396407 [debug] [Thread-1 (]: Sending event: {'category': 'dbt', 'action': 'run_model', 'label': 'a2474fd3-a9a8-4342-bdda-2c9f8c390ac6', 'context': [<snowplow_tracker.self_describing_json.SelfDescribingJson object at 0x7f78ad62fd40>]}
[0m10:09:20.397669 [info ] [Thread-1 (]: 8 of 22 OK created sql view model demoModel_18_staging.stg_policy_premiums ..... [[32mSUCCESS 1[0m in 0.28s]
[0m10:09:20.398919 [debug] [Thread-1 (]: Finished running node model.sentinel_insurance.stg_policy_premiums
[0m10:09:20.400718 [debug] [Thread-1 (]: Began running node model.sentinel_insurance.stg_ref_coverage_codes
[0m10:09:20.401625 [info ] [Thread-1 (]: 10 of 22 START sql view model demoModel_18_staging.stg_ref_coverage_codes ...... [RUN]
[0m10:09:20.402434 [debug] [Thread-1 (]: Re-using an available connection from the pool (formerly model.sentinel_insurance.stg_policy_premiums, now model.sentinel_insurance.stg_ref_coverage_codes)
[0m10:09:20.403080 [debug] [Thread-1 (]: Began compiling node model.sentinel_insurance.stg_ref_coverage_codes
[0m10:09:20.409673 [debug] [Thread-1 (]: Writing injected SQL for node "model.sentinel_insurance.stg_ref_coverage_codes"
[0m10:09:20.411752 [debug] [Thread-1 (]: Began executing node model.sentinel_insurance.stg_ref_coverage_codes
[0m10:09:20.418576 [debug] [Thread-1 (]: Writing runtime sql for node "model.sentinel_insurance.stg_ref_coverage_codes"
[0m10:09:20.420494 [debug] [Thread-1 (]: Using snowflake connection "model.sentinel_insurance.stg_ref_coverage_codes"
[0m10:09:20.421631 [debug] [Thread-1 (]: On model.sentinel_insurance.stg_ref_coverage_codes: /* {"app": "dbt", "dbt_version": "1.9.10", "profile_name": "ekai_dbt", "target_name": "dev", "node_id": "model.sentinel_insurance.stg_ref_coverage_codes"} */
create or replace   view EKAI.demoModel_18_staging.stg_ref_coverage_codes
  
   as (
    

WITH source AS (
    SELECT * FROM SENTINEL_INSURANCE.BRONZE.REF_COVERAGE_CODE
),

standardized AS (
    SELECT
        -- Primary Key
        COVERAGE_ID,

        -- Business Identifiers
        COVERAGE_CODE,
        COVERAGE_NAME,

        -- Classification
        LOB_CODE,

        -- Default Terms
        DEFAULT_LIMIT,
        DEFAULT_DEDUCTIBLE,

        -- Requirements
        IS_REQUIRED,

        -- Audit Fields
        CREATED_DATE

    FROM source
)

SELECT * FROM standardized
  );
[0m10:09:20.607934 [debug] [Thread-2 (]: SQL status: SUCCESS 1 in 0.227 seconds
[0m10:09:20.612780 [debug] [Thread-2 (]: Sending event: {'category': 'dbt', 'action': 'run_model', 'label': 'a2474fd3-a9a8-4342-bdda-2c9f8c390ac6', 'context': [<snowplow_tracker.self_describing_json.SelfDescribingJson object at 0x7f78da2a2d80>]}
[0m10:09:20.622196 [info ] [Thread-2 (]: 9 of 22 OK created sql view model demoModel_18_staging.stg_ref_cause_of_loss ... [[32mSUCCESS 1[0m in 0.25s]
[0m10:09:20.623182 [debug] [Thread-2 (]: Finished running node model.sentinel_insurance.stg_ref_cause_of_loss
[0m10:09:20.623895 [debug] [Thread-2 (]: Began running node model.sentinel_insurance.stg_ref_line_of_business
[0m10:09:20.624677 [info ] [Thread-2 (]: 11 of 22 START sql view model demoModel_18_staging.stg_ref_line_of_business .... [RUN]
[0m10:09:20.629516 [debug] [Thread-2 (]: Re-using an available connection from the pool (formerly model.sentinel_insurance.stg_ref_cause_of_loss, now model.sentinel_insurance.stg_ref_line_of_business)
[0m10:09:20.630190 [debug] [Thread-2 (]: Began compiling node model.sentinel_insurance.stg_ref_line_of_business
[0m10:09:20.643807 [debug] [Thread-2 (]: Writing injected SQL for node "model.sentinel_insurance.stg_ref_line_of_business"
[0m10:09:20.651893 [debug] [Thread-1 (]: SQL status: SUCCESS 1 in 0.229 seconds
[0m10:09:20.667241 [debug] [Thread-2 (]: Began executing node model.sentinel_insurance.stg_ref_line_of_business
[0m10:09:20.666357 [debug] [Thread-1 (]: Sending event: {'category': 'dbt', 'action': 'run_model', 'label': 'a2474fd3-a9a8-4342-bdda-2c9f8c390ac6', 'context': [<snowplow_tracker.self_describing_json.SelfDescribingJson object at 0x7f78ad644350>]}
[0m10:09:20.674653 [info ] [Thread-1 (]: 10 of 22 OK created sql view model demoModel_18_staging.stg_ref_coverage_codes . [[32mSUCCESS 1[0m in 0.26s]
[0m10:09:20.675953 [debug] [Thread-1 (]: Finished running node model.sentinel_insurance.stg_ref_coverage_codes
[0m10:09:20.676712 [debug] [Thread-1 (]: Began running node model.sentinel_insurance.stg_ref_states
[0m10:09:20.678311 [debug] [Thread-2 (]: Writing runtime sql for node "model.sentinel_insurance.stg_ref_line_of_business"
[0m10:09:20.680168 [debug] [Thread-2 (]: Using snowflake connection "model.sentinel_insurance.stg_ref_line_of_business"
[0m10:09:20.680914 [debug] [Thread-2 (]: On model.sentinel_insurance.stg_ref_line_of_business: /* {"app": "dbt", "dbt_version": "1.9.10", "profile_name": "ekai_dbt", "target_name": "dev", "node_id": "model.sentinel_insurance.stg_ref_line_of_business"} */
create or replace   view EKAI.demoModel_18_staging.stg_ref_line_of_business
  
   as (
    

WITH source AS (
    SELECT * FROM SENTINEL_INSURANCE.BRONZE.REF_LINE_OF_BUSINESS
),

standardized AS (
    SELECT
        -- Primary Key
        LOB_ID,

        -- Business Identifiers
        LOB_CODE,
        LOB_NAME,

        -- Classification
        SEGMENT,

        -- Benchmark Metrics
        AVG_PREMIUM,
        CLAIM_FREQUENCY,
        POLICY_WEIGHT,

        -- Status
        ACTIVE_FLAG AS IS_ACTIVE,

        -- Audit Fields
        CREATED_DATE

    FROM source
)

SELECT * FROM standardized
  );
[0m10:09:20.677628 [info ] [Thread-1 (]: 12 of 22 START sql view model demoModel_18_staging.stg_ref_states .............. [RUN]
[0m10:09:20.683480 [debug] [Thread-1 (]: Re-using an available connection from the pool (formerly model.sentinel_insurance.stg_ref_coverage_codes, now model.sentinel_insurance.stg_ref_states)
[0m10:09:20.684271 [debug] [Thread-1 (]: Began compiling node model.sentinel_insurance.stg_ref_states
[0m10:09:20.689902 [debug] [Thread-1 (]: Writing injected SQL for node "model.sentinel_insurance.stg_ref_states"
[0m10:09:20.692136 [debug] [Thread-1 (]: Began executing node model.sentinel_insurance.stg_ref_states
[0m10:09:20.700285 [debug] [Thread-1 (]: Writing runtime sql for node "model.sentinel_insurance.stg_ref_states"
[0m10:09:20.702823 [debug] [Thread-1 (]: Using snowflake connection "model.sentinel_insurance.stg_ref_states"
[0m10:09:20.703537 [debug] [Thread-1 (]: On model.sentinel_insurance.stg_ref_states: /* {"app": "dbt", "dbt_version": "1.9.10", "profile_name": "ekai_dbt", "target_name": "dev", "node_id": "model.sentinel_insurance.stg_ref_states"} */
create or replace   view EKAI.demoModel_18_staging.stg_ref_states
  
   as (
    

WITH source AS (
    SELECT * FROM SENTINEL_INSURANCE.BRONZE.REF_STATE
),

standardized AS (
    SELECT
        -- Primary Key
        STATE_ID,

        -- Business Identifiers
        STATE_CODE,
        STATE_NAME,

        -- Geographic Classification
        REGION,
        TERRITORY_CODE,

        -- Regulatory Attributes
        NO_FAULT_AUTO,
        WC_MONOPOLISTIC,

        -- Audit Fields
        CREATED_DATE

    FROM source
)

SELECT * FROM standardized
  );
[0m10:09:20.980881 [debug] [Thread-2 (]: SQL status: SUCCESS 1 in 0.299 seconds
[0m10:09:20.986318 [debug] [Thread-2 (]: Sending event: {'category': 'dbt', 'action': 'run_model', 'label': 'a2474fd3-a9a8-4342-bdda-2c9f8c390ac6', 'context': [<snowplow_tracker.self_describing_json.SelfDescribingJson object at 0x7f78ad6ae300>]}
[0m10:09:20.990257 [debug] [Thread-1 (]: SQL status: SUCCESS 1 in 0.286 seconds
[0m10:09:20.987415 [info ] [Thread-2 (]: 11 of 22 OK created sql view model demoModel_18_staging.stg_ref_line_of_business  [[32mSUCCESS 1[0m in 0.36s]
[0m10:09:21.001826 [debug] [Thread-2 (]: Finished running node model.sentinel_insurance.stg_ref_line_of_business
[0m10:09:21.002853 [debug] [Thread-2 (]: Began running node model.sentinel_insurance.dim_agents
[0m10:09:21.004887 [debug] [Thread-1 (]: Sending event: {'category': 'dbt', 'action': 'run_model', 'label': 'a2474fd3-a9a8-4342-bdda-2c9f8c390ac6', 'context': [<snowplow_tracker.self_describing_json.SelfDescribingJson object at 0x7f78ad6a2a20>]}
[0m10:09:21.003704 [info ] [Thread-2 (]: 13 of 22 START sql view model demoModel_18_marts.dim_agents .................... [RUN]
[0m10:09:21.006669 [debug] [Thread-2 (]: Re-using an available connection from the pool (formerly model.sentinel_insurance.stg_ref_line_of_business, now model.sentinel_insurance.dim_agents)
[0m10:09:21.007300 [debug] [Thread-2 (]: Began compiling node model.sentinel_insurance.dim_agents
[0m10:09:21.005927 [info ] [Thread-1 (]: 12 of 22 OK created sql view model demoModel_18_staging.stg_ref_states ......... [[32mSUCCESS 1[0m in 0.32s]
[0m10:09:21.014995 [debug] [Thread-1 (]: Finished running node model.sentinel_insurance.stg_ref_states
[0m10:09:21.015698 [debug] [Thread-1 (]: Began running node model.sentinel_insurance.dim_agencies
[0m10:09:21.016459 [info ] [Thread-1 (]: 14 of 22 START sql view model demoModel_18_marts.dim_agencies .................. [RUN]
[0m10:09:21.018037 [debug] [Thread-1 (]: Re-using an available connection from the pool (formerly model.sentinel_insurance.stg_ref_states, now model.sentinel_insurance.dim_agencies)
[0m10:09:21.019206 [debug] [Thread-1 (]: Began compiling node model.sentinel_insurance.dim_agencies
[0m10:09:21.024645 [debug] [Thread-1 (]: Writing injected SQL for node "model.sentinel_insurance.dim_agencies"
[0m10:09:21.025751 [debug] [Thread-2 (]: Writing injected SQL for node "model.sentinel_insurance.dim_agents"
[0m10:09:21.026775 [debug] [Thread-1 (]: Began executing node model.sentinel_insurance.dim_agencies
[0m10:09:21.033194 [debug] [Thread-2 (]: Began executing node model.sentinel_insurance.dim_agents
[0m10:09:21.038657 [debug] [Thread-2 (]: Writing runtime sql for node "model.sentinel_insurance.dim_agents"
[0m10:09:21.040621 [debug] [Thread-2 (]: Using snowflake connection "model.sentinel_insurance.dim_agents"
[0m10:09:21.042059 [debug] [Thread-2 (]: On model.sentinel_insurance.dim_agents: /* {"app": "dbt", "dbt_version": "1.9.10", "profile_name": "ekai_dbt", "target_name": "dev", "node_id": "model.sentinel_insurance.dim_agents"} */
create or replace   view EKAI.demoModel_18_marts.dim_agents
  
   as (
    

WITH agents AS (
    SELECT * FROM EKAI.demoModel_18_staging.stg_agents
),

final AS (
    SELECT
        -- Primary Key
        AGENT_ID,

        -- Business Identifiers
        AGENT_CODE,

        -- Personal Information
        FIRST_NAME,
        LAST_NAME,
        FULL_NAME,

        -- Foreign Keys
        AGENCY_ID,

        -- Commission Information
        COMMISSION_SPLIT,

        -- Status & Licensing
        IS_ACTIVE,
        HIRE_DATE,
        LICENSE_NUMBER,
        LICENSE_STATE

    FROM agents
)

SELECT * FROM final
  );
[0m10:09:21.045688 [debug] [Thread-1 (]: Writing runtime sql for node "model.sentinel_insurance.dim_agencies"
[0m10:09:21.047447 [debug] [Thread-1 (]: Using snowflake connection "model.sentinel_insurance.dim_agencies"
[0m10:09:21.048128 [debug] [Thread-1 (]: On model.sentinel_insurance.dim_agencies: /* {"app": "dbt", "dbt_version": "1.9.10", "profile_name": "ekai_dbt", "target_name": "dev", "node_id": "model.sentinel_insurance.dim_agencies"} */
create or replace   view EKAI.demoModel_18_marts.dim_agencies
  
   as (
    

WITH agencies AS (
    SELECT * FROM EKAI.demoModel_18_staging.stg_agencies
),

final AS (
    SELECT
        -- Primary Key
        AGENCY_ID,

        -- Business Identifiers
        AGENCY_CODE,
        AGENCY_NAME,

        -- Agency Details
        AGENCY_TYPE,
        COMMISSION_RATE,

        -- Status
        IS_ACTIVE,

        -- Location
        STATE_CODE,
        CITY

    FROM agencies
)

SELECT * FROM final
  );
[0m10:09:21.456460 [debug] [Thread-2 (]: SQL status: SUCCESS 1 in 0.414 seconds
[0m10:09:21.467024 [debug] [Thread-1 (]: SQL status: SUCCESS 1 in 0.416 seconds
[0m10:09:21.474271 [debug] [Thread-1 (]: Sending event: {'category': 'dbt', 'action': 'run_model', 'label': 'a2474fd3-a9a8-4342-bdda-2c9f8c390ac6', 'context': [<snowplow_tracker.self_describing_json.SelfDescribingJson object at 0x7f78ad6ace90>]}
[0m10:09:21.475372 [info ] [Thread-1 (]: 14 of 22 OK created sql view model demoModel_18_marts.dim_agencies ............. [[32mSUCCESS 1[0m in 0.46s]
[0m10:09:21.476288 [debug] [Thread-1 (]: Finished running node model.sentinel_insurance.dim_agencies
[0m10:09:21.477489 [debug] [Thread-1 (]: Began running node model.sentinel_insurance.dim_policies
[0m10:09:21.478340 [info ] [Thread-1 (]: 15 of 22 START sql view model demoModel_18_marts.dim_policies .................. [RUN]
[0m10:09:21.479106 [debug] [Thread-1 (]: Re-using an available connection from the pool (formerly model.sentinel_insurance.dim_agencies, now model.sentinel_insurance.dim_policies)
[0m10:09:21.479768 [debug] [Thread-1 (]: Began compiling node model.sentinel_insurance.dim_policies
[0m10:09:21.465368 [debug] [Thread-2 (]: Sending event: {'category': 'dbt', 'action': 'run_model', 'label': 'a2474fd3-a9a8-4342-bdda-2c9f8c390ac6', 'context': [<snowplow_tracker.self_describing_json.SelfDescribingJson object at 0x7f78d81c1610>]}
[0m10:09:21.490158 [info ] [Thread-2 (]: 13 of 22 OK created sql view model demoModel_18_marts.dim_agents ............... [[32mSUCCESS 1[0m in 0.46s]
[0m10:09:21.491142 [debug] [Thread-2 (]: Finished running node model.sentinel_insurance.dim_agents
[0m10:09:21.491843 [debug] [Thread-2 (]: Began running node model.sentinel_insurance.fct_policy_premiums
[0m10:09:21.492652 [info ] [Thread-2 (]: 16 of 22 START sql view model demoModel_18_marts.fct_policy_premiums ........... [RUN]
[0m10:09:21.497200 [debug] [Thread-2 (]: Re-using an available connection from the pool (formerly model.sentinel_insurance.dim_agents, now model.sentinel_insurance.fct_policy_premiums)
[0m10:09:21.498008 [debug] [Thread-2 (]: Began compiling node model.sentinel_insurance.fct_policy_premiums
[0m10:09:21.510455 [debug] [Thread-1 (]: Writing injected SQL for node "model.sentinel_insurance.dim_policies"
[0m10:09:21.513596 [debug] [Thread-1 (]: Began executing node model.sentinel_insurance.dim_policies
[0m10:09:21.508471 [debug] [Thread-2 (]: Writing injected SQL for node "model.sentinel_insurance.fct_policy_premiums"
[0m10:09:21.523442 [debug] [Thread-1 (]: Writing runtime sql for node "model.sentinel_insurance.dim_policies"
[0m10:09:21.526769 [debug] [Thread-1 (]: Using snowflake connection "model.sentinel_insurance.dim_policies"
[0m10:09:21.527676 [debug] [Thread-1 (]: On model.sentinel_insurance.dim_policies: /* {"app": "dbt", "dbt_version": "1.9.10", "profile_name": "ekai_dbt", "target_name": "dev", "node_id": "model.sentinel_insurance.dim_policies"} */
create or replace   view EKAI.demoModel_18_marts.dim_policies
  
   as (
    

WITH policies AS (
    SELECT * FROM EKAI.demoModel_18_staging.stg_policies
),

parties AS (
    SELECT * FROM EKAI.demoModel_18_staging.stg_parties
),

-- Current Exposure Logic: Get latest version per policy number
latest_versions AS (
    SELECT
        POLICY_NUMBER,
        MAX(POLICY_VERSION) AS MAX_VERSION
    FROM policies
    GROUP BY POLICY_NUMBER
),

current_exposure AS (
    SELECT
        p.POLICY_ID,
        p.POLICY_NUMBER,
        p.POLICY_VERSION,
        p.EFFECTIVE_DATE,
        p.EXPIRATION_DATE,
        p.STATUS,
        p.LOB_CODE,
        p.STATE_CODE,
        p.ANNUAL_PREMIUM,
        p.AGENT_ID,
        p.PARTY_ID,
        p.IS_BUNDLE,
        p.RISK_SCORE,

        -- Policyholder name from Party table
        pt.PARTY_NAME AS POLICYHOLDER_NAME

    FROM policies p
    INNER JOIN latest_versions lv
        ON p.POLICY_NUMBER = lv.POLICY_NUMBER
        AND p.POLICY_VERSION = lv.MAX_VERSION
    LEFT JOIN parties pt
        ON p.PARTY_ID = pt.PARTY_ID
),

final AS (
    SELECT
        -- Primary Key
        POLICY_ID,

        -- Business Identifiers
        POLICY_NUMBER,
        POLICY_VERSION,

        -- Dates
        EFFECTIVE_DATE,
        EXPIRATION_DATE,

        -- Status & Classification
        STATUS,
        LOB_CODE,
        STATE_CODE,

        -- Financial
        ANNUAL_PREMIUM,

        -- Relationships
        AGENT_ID,
        PARTY_ID,
        POLICYHOLDER_NAME,

        -- Risk Attributes
        IS_BUNDLE,
        RISK_SCORE

    FROM current_exposure
)

SELECT * FROM final
  );
[0m10:09:21.529210 [debug] [Thread-2 (]: Began executing node model.sentinel_insurance.fct_policy_premiums
[0m10:09:21.535708 [debug] [Thread-2 (]: Writing runtime sql for node "model.sentinel_insurance.fct_policy_premiums"
[0m10:09:21.538961 [debug] [Thread-2 (]: Using snowflake connection "model.sentinel_insurance.fct_policy_premiums"
[0m10:09:21.539800 [debug] [Thread-2 (]: On model.sentinel_insurance.fct_policy_premiums: /* {"app": "dbt", "dbt_version": "1.9.10", "profile_name": "ekai_dbt", "target_name": "dev", "node_id": "model.sentinel_insurance.fct_policy_premiums"} */
create or replace   view EKAI.demoModel_18_marts.fct_policy_premiums
  
   as (
    

WITH policy_premiums AS (
    SELECT * FROM EKAI.demoModel_18_staging.stg_policy_premiums
),

policies AS (
    SELECT * FROM EKAI.demoModel_18_staging.stg_policies
),

agents AS (
    SELECT * FROM EKAI.demoModel_18_staging.stg_agents
),

enriched AS (
    SELECT
        pp.PREMIUM_ID,
        pp.POLICY_ID,
        pp.TRANSACTION_DATE,
        pp.ACCOUNTING_DATE,
        pp.TRANSACTION_TYPE,
        pp.WRITTEN_PREMIUM,
        pp.EARNED_PREMIUM,
        pp.COMMISSION_AMOUNT,
        pp.TAX_AMOUNT,
        pp.FEE_AMOUNT,

        -- Get agent commission split for Agent Net Revenue calculation
        a.COMMISSION_SPLIT

    FROM policy_premiums pp
    LEFT JOIN policies p ON pp.POLICY_ID = p.POLICY_ID
    LEFT JOIN agents a ON p.AGENT_ID = a.AGENT_ID
),

final AS (
    SELECT
        -- Primary Key
        PREMIUM_ID,

        -- Foreign Keys
        POLICY_ID,

        -- Transaction Details
        TRANSACTION_DATE,
        ACCOUNTING_DATE,
        TRANSACTION_TYPE,

        -- Financial Amounts
        WRITTEN_PREMIUM,
        EARNED_PREMIUM,
        COMMISSION_AMOUNT,
        TAX_AMOUNT,
        FEE_AMOUNT,

        -- Calculated Field: Agent Net Revenue
        -- Agent Net Revenue = Commission Amount × Agent Commission Split
        COMMISSION_AMOUNT * COALESCE(COMMISSION_SPLIT, 0) AS AGENT_NET_REVENUE

    FROM enriched
)

SELECT * FROM final
  );
[0m10:09:21.987078 [debug] [Thread-3 (]: SQL status: SUCCESS 1 in 2.635 seconds
[0m10:09:21.991684 [debug] [Thread-3 (]: Sending event: {'category': 'dbt', 'action': 'run_model', 'label': 'a2474fd3-a9a8-4342-bdda-2c9f8c390ac6', 'context': [<snowplow_tracker.self_describing_json.SelfDescribingJson object at 0x7f78ad67dd00>]}
[0m10:09:21.992749 [info ] [Thread-3 (]: 3 of 22 OK created sql view model demoModel_18_staging.stg_claim_payments ...... [[32mSUCCESS 1[0m in 2.86s]
[0m10:09:21.993867 [debug] [Thread-3 (]: Finished running node model.sentinel_insurance.stg_claim_payments
[0m10:09:21.994813 [debug] [Thread-3 (]: Began running node model.sentinel_insurance.dim_cause_of_loss
[0m10:09:21.995766 [info ] [Thread-3 (]: 17 of 22 START sql view model demoModel_18_marts.dim_cause_of_loss ............. [RUN]
[0m10:09:21.996507 [debug] [Thread-3 (]: Re-using an available connection from the pool (formerly model.sentinel_insurance.stg_claim_payments, now model.sentinel_insurance.dim_cause_of_loss)
[0m10:09:21.997396 [debug] [Thread-3 (]: Began compiling node model.sentinel_insurance.dim_cause_of_loss
[0m10:09:22.002682 [debug] [Thread-3 (]: Writing injected SQL for node "model.sentinel_insurance.dim_cause_of_loss"
[0m10:09:22.004900 [debug] [Thread-3 (]: Began executing node model.sentinel_insurance.dim_cause_of_loss
[0m10:09:22.011143 [debug] [Thread-3 (]: Writing runtime sql for node "model.sentinel_insurance.dim_cause_of_loss"
[0m10:09:22.012990 [debug] [Thread-3 (]: Using snowflake connection "model.sentinel_insurance.dim_cause_of_loss"
[0m10:09:22.013720 [debug] [Thread-3 (]: On model.sentinel_insurance.dim_cause_of_loss: /* {"app": "dbt", "dbt_version": "1.9.10", "profile_name": "ekai_dbt", "target_name": "dev", "node_id": "model.sentinel_insurance.dim_cause_of_loss"} */
create or replace   view EKAI.demoModel_18_marts.dim_cause_of_loss
  
   as (
    

WITH cause_of_loss AS (
    SELECT * FROM EKAI.demoModel_18_staging.stg_ref_cause_of_loss
),

final AS (
    SELECT
        -- Primary Key
        CAUSE_ID,

        -- Business Identifiers
        CAUSE_CODE,
        CAUSE_NAME,

        -- Classification
        CAUSE_CATEGORY,

        -- Statistical Metrics
        AVG_SEVERITY

    FROM cause_of_loss
)

SELECT * FROM final
  );
[0m10:09:22.017810 [debug] [Thread-2 (]: SQL status: SUCCESS 1 in 0.477 seconds
[0m10:09:22.020568 [debug] [Thread-2 (]: Sending event: {'category': 'dbt', 'action': 'run_model', 'label': 'a2474fd3-a9a8-4342-bdda-2c9f8c390ac6', 'context': [<snowplow_tracker.self_describing_json.SelfDescribingJson object at 0x7f78d8155f40>]}
[0m10:09:22.021468 [info ] [Thread-2 (]: 16 of 22 OK created sql view model demoModel_18_marts.fct_policy_premiums ...... [[32mSUCCESS 1[0m in 0.52s]
[0m10:09:22.022409 [debug] [Thread-2 (]: Finished running node model.sentinel_insurance.fct_policy_premiums
[0m10:09:22.023091 [debug] [Thread-2 (]: Began running node model.sentinel_insurance.dim_coverage_codes
[0m10:09:22.023839 [info ] [Thread-2 (]: 18 of 22 START sql view model demoModel_18_marts.dim_coverage_codes ............ [RUN]
[0m10:09:22.024558 [debug] [Thread-2 (]: Re-using an available connection from the pool (formerly model.sentinel_insurance.fct_policy_premiums, now model.sentinel_insurance.dim_coverage_codes)
[0m10:09:22.025263 [debug] [Thread-2 (]: Began compiling node model.sentinel_insurance.dim_coverage_codes
[0m10:09:22.030352 [debug] [Thread-2 (]: Writing injected SQL for node "model.sentinel_insurance.dim_coverage_codes"
[0m10:09:22.036384 [debug] [Thread-2 (]: Began executing node model.sentinel_insurance.dim_coverage_codes
[0m10:09:22.042268 [debug] [Thread-2 (]: Writing runtime sql for node "model.sentinel_insurance.dim_coverage_codes"
[0m10:09:22.044164 [debug] [Thread-2 (]: Using snowflake connection "model.sentinel_insurance.dim_coverage_codes"
[0m10:09:22.045319 [debug] [Thread-2 (]: On model.sentinel_insurance.dim_coverage_codes: /* {"app": "dbt", "dbt_version": "1.9.10", "profile_name": "ekai_dbt", "target_name": "dev", "node_id": "model.sentinel_insurance.dim_coverage_codes"} */
create or replace   view EKAI.demoModel_18_marts.dim_coverage_codes
  
   as (
    

WITH coverage_codes AS (
    SELECT * FROM EKAI.demoModel_18_staging.stg_ref_coverage_codes
),

final AS (
    SELECT
        -- Primary Key
        COVERAGE_ID,

        -- Business Identifiers
        COVERAGE_CODE,
        COVERAGE_NAME,

        -- Classification
        LOB_CODE,

        -- Default Terms
        DEFAULT_LIMIT,
        DEFAULT_DEDUCTIBLE,

        -- Requirements
        IS_REQUIRED

    FROM coverage_codes
)

SELECT * FROM final
  );
[0m10:09:22.349887 [debug] [Thread-4 (]: SQL status: SUCCESS 1 in 2.965 seconds
[0m10:09:22.353694 [debug] [Thread-4 (]: Sending event: {'category': 'dbt', 'action': 'run_model', 'label': 'a2474fd3-a9a8-4342-bdda-2c9f8c390ac6', 'context': [<snowplow_tracker.self_describing_json.SelfDescribingJson object at 0x7f78d99d48c0>]}
[0m10:09:22.354489 [info ] [Thread-4 (]: 4 of 22 OK created sql view model demoModel_18_staging.stg_claims .............. [[32mSUCCESS 1[0m in 3.20s]
[0m10:09:22.355254 [debug] [Thread-4 (]: Finished running node model.sentinel_insurance.stg_claims
[0m10:09:22.355768 [debug] [Thread-4 (]: Began running node model.sentinel_insurance.dim_line_of_business
[0m10:09:22.357216 [info ] [Thread-4 (]: 19 of 22 START sql view model demoModel_18_marts.dim_line_of_business .......... [RUN]
[0m10:09:22.358028 [debug] [Thread-4 (]: Re-using an available connection from the pool (formerly model.sentinel_insurance.stg_claims, now model.sentinel_insurance.dim_line_of_business)
[0m10:09:22.358692 [debug] [Thread-4 (]: Began compiling node model.sentinel_insurance.dim_line_of_business
[0m10:09:22.364286 [debug] [Thread-4 (]: Writing injected SQL for node "model.sentinel_insurance.dim_line_of_business"
[0m10:09:22.369749 [debug] [Thread-2 (]: SQL status: SUCCESS 1 in 0.324 seconds
[0m10:09:22.374318 [debug] [Thread-2 (]: Sending event: {'category': 'dbt', 'action': 'run_model', 'label': 'a2474fd3-a9a8-4342-bdda-2c9f8c390ac6', 'context': [<snowplow_tracker.self_describing_json.SelfDescribingJson object at 0x7f78f4012960>]}
[0m10:09:22.375426 [info ] [Thread-2 (]: 18 of 22 OK created sql view model demoModel_18_marts.dim_coverage_codes ....... [[32mSUCCESS 1[0m in 0.35s]
[0m10:09:22.377270 [debug] [Thread-2 (]: Finished running node model.sentinel_insurance.dim_coverage_codes
[0m10:09:22.378025 [debug] [Thread-2 (]: Began running node model.sentinel_insurance.dim_states
[0m10:09:22.378801 [info ] [Thread-2 (]: 20 of 22 START sql view model demoModel_18_marts.dim_states .................... [RUN]
[0m10:09:22.379528 [debug] [Thread-2 (]: Re-using an available connection from the pool (formerly model.sentinel_insurance.dim_coverage_codes, now model.sentinel_insurance.dim_states)
[0m10:09:22.380231 [debug] [Thread-2 (]: Began compiling node model.sentinel_insurance.dim_states
[0m10:09:22.386296 [debug] [Thread-4 (]: Began executing node model.sentinel_insurance.dim_line_of_business
[0m10:09:22.385638 [debug] [Thread-2 (]: Writing injected SQL for node "model.sentinel_insurance.dim_states"
[0m10:09:22.395017 [debug] [Thread-3 (]: SQL status: SUCCESS 1 in 0.380 seconds
[0m10:09:22.401394 [debug] [Thread-1 (]: SQL status: SUCCESS 1 in 0.873 seconds
[0m10:09:22.405673 [debug] [Thread-1 (]: Sending event: {'category': 'dbt', 'action': 'run_model', 'label': 'a2474fd3-a9a8-4342-bdda-2c9f8c390ac6', 'context': [<snowplow_tracker.self_describing_json.SelfDescribingJson object at 0x7f78ad6f3da0>]}
[0m10:09:22.406700 [info ] [Thread-1 (]: 15 of 22 OK created sql view model demoModel_18_marts.dim_policies ............. [[32mSUCCESS 1[0m in 0.93s]
[0m10:09:22.407681 [debug] [Thread-1 (]: Finished running node model.sentinel_insurance.dim_policies
[0m10:09:22.408372 [debug] [Thread-1 (]: Began running node model.sentinel_insurance.fct_claim_payments
[0m10:09:22.410104 [debug] [Thread-4 (]: Writing runtime sql for node "model.sentinel_insurance.dim_line_of_business"
[0m10:09:22.399465 [debug] [Thread-3 (]: Sending event: {'category': 'dbt', 'action': 'run_model', 'label': 'a2474fd3-a9a8-4342-bdda-2c9f8c390ac6', 'context': [<snowplow_tracker.self_describing_json.SelfDescribingJson object at 0x7f78d82e9970>]}
[0m10:09:22.411127 [debug] [Thread-2 (]: Began executing node model.sentinel_insurance.dim_states
[0m10:09:22.411971 [info ] [Thread-1 (]: 21 of 22 START sql view model demoModel_18_marts.fct_claim_payments ............ [RUN]
[0m10:09:22.421588 [debug] [Thread-1 (]: Re-using an available connection from the pool (formerly model.sentinel_insurance.dim_policies, now model.sentinel_insurance.fct_claim_payments)
[0m10:09:22.422253 [debug] [Thread-1 (]: Began compiling node model.sentinel_insurance.fct_claim_payments
[0m10:09:22.413909 [debug] [Thread-4 (]: Using snowflake connection "model.sentinel_insurance.dim_line_of_business"
[0m10:09:22.428247 [debug] [Thread-4 (]: On model.sentinel_insurance.dim_line_of_business: /* {"app": "dbt", "dbt_version": "1.9.10", "profile_name": "ekai_dbt", "target_name": "dev", "node_id": "model.sentinel_insurance.dim_line_of_business"} */
create or replace   view EKAI.demoModel_18_marts.dim_line_of_business
  
   as (
    

WITH line_of_business AS (
    SELECT * FROM EKAI.demoModel_18_staging.stg_ref_line_of_business
),

final AS (
    SELECT
        -- Primary Key
        LOB_ID,

        -- Business Identifiers
        LOB_CODE,
        LOB_NAME,

        -- Classification
        SEGMENT,

        -- Benchmark Metrics
        AVG_PREMIUM,
        CLAIM_FREQUENCY,

        -- Status
        IS_ACTIVE

    FROM line_of_business
)

SELECT * FROM final
  );
[0m10:09:22.414950 [info ] [Thread-3 (]: 17 of 22 OK created sql view model demoModel_18_marts.dim_cause_of_loss ........ [[32mSUCCESS 1[0m in 0.40s]
[0m10:09:22.420588 [debug] [Thread-2 (]: Writing runtime sql for node "model.sentinel_insurance.dim_states"
[0m10:09:22.433152 [debug] [Thread-2 (]: Using snowflake connection "model.sentinel_insurance.dim_states"
[0m10:09:22.433859 [debug] [Thread-2 (]: On model.sentinel_insurance.dim_states: /* {"app": "dbt", "dbt_version": "1.9.10", "profile_name": "ekai_dbt", "target_name": "dev", "node_id": "model.sentinel_insurance.dim_states"} */
create or replace   view EKAI.demoModel_18_marts.dim_states
  
   as (
    

WITH states AS (
    SELECT * FROM EKAI.demoModel_18_staging.stg_ref_states
),

final AS (
    SELECT
        -- Primary Key
        STATE_ID,

        -- Business Identifiers
        STATE_CODE,
        STATE_NAME,

        -- Geographic Classification
        REGION,

        -- Regulatory Attributes
        NO_FAULT_AUTO

    FROM states
)

SELECT * FROM final
  );
[0m10:09:22.431041 [debug] [Thread-3 (]: Finished running node model.sentinel_insurance.dim_cause_of_loss
[0m10:09:22.427439 [debug] [Thread-1 (]: Writing injected SQL for node "model.sentinel_insurance.fct_claim_payments"
[0m10:09:22.436567 [debug] [Thread-3 (]: Began running node model.sentinel_insurance.fct_claims
[0m10:09:22.438316 [info ] [Thread-3 (]: 22 of 22 START sql view model demoModel_18_marts.fct_claims .................... [RUN]
[0m10:09:22.439354 [debug] [Thread-3 (]: Re-using an available connection from the pool (formerly model.sentinel_insurance.dim_cause_of_loss, now model.sentinel_insurance.fct_claims)
[0m10:09:22.440000 [debug] [Thread-3 (]: Began compiling node model.sentinel_insurance.fct_claims
[0m10:09:22.446820 [debug] [Thread-1 (]: Began executing node model.sentinel_insurance.fct_claim_payments
[0m10:09:22.452788 [debug] [Thread-1 (]: Writing runtime sql for node "model.sentinel_insurance.fct_claim_payments"
[0m10:09:22.454836 [debug] [Thread-1 (]: Using snowflake connection "model.sentinel_insurance.fct_claim_payments"
[0m10:09:22.455582 [debug] [Thread-1 (]: On model.sentinel_insurance.fct_claim_payments: /* {"app": "dbt", "dbt_version": "1.9.10", "profile_name": "ekai_dbt", "target_name": "dev", "node_id": "model.sentinel_insurance.fct_claim_payments"} */
create or replace   view EKAI.demoModel_18_marts.fct_claim_payments
  
   as (
    

WITH claim_payments AS (
    SELECT * FROM EKAI.demoModel_18_staging.stg_claim_payments
),

final AS (
    SELECT
        -- Primary Key
        PAYMENT_ID,

        -- Foreign Keys
        CLAIM_ID,

        -- Transaction Details
        PAYMENT_DATE,
        PAYMENT_AMOUNT,
        PAYMENT_TYPE,
        PAYMENT_METHOD,

        -- Payee Information
        PAYEE_NAME,
        PAYEE_TYPE

    FROM claim_payments
)

SELECT * FROM final
  );
[0m10:09:22.458263 [debug] [Thread-3 (]: Writing injected SQL for node "model.sentinel_insurance.fct_claims"
[0m10:09:22.460273 [debug] [Thread-3 (]: Began executing node model.sentinel_insurance.fct_claims
[0m10:09:22.468639 [debug] [Thread-3 (]: Writing runtime sql for node "model.sentinel_insurance.fct_claims"
[0m10:09:22.470989 [debug] [Thread-3 (]: Using snowflake connection "model.sentinel_insurance.fct_claims"
[0m10:09:22.471727 [debug] [Thread-3 (]: On model.sentinel_insurance.fct_claims: /* {"app": "dbt", "dbt_version": "1.9.10", "profile_name": "ekai_dbt", "target_name": "dev", "node_id": "model.sentinel_insurance.fct_claims"} */
create or replace   view EKAI.demoModel_18_marts.fct_claims
  
   as (
    

WITH claims AS (
    SELECT * FROM EKAI.demoModel_18_staging.stg_claims
),

final AS (
    SELECT
        -- Primary Key
        CLAIM_ID,

        -- Business Identifiers
        CLAIM_NUMBER,
        POLICY_ID,

        -- Dates
        LOSS_DATE,
        REPORTED_DATE,
        CLOSED_DATE,

        -- Classification
        LOB_CODE,
        STATUS,
        CAUSE_CODE,

        -- Financial Metrics (for Loss Ratio calculation)
        TOTAL_INCURRED,
        TOTAL_PAID,
        TOTAL_RESERVE,

        -- Flags
        FRAUD_FLAG,
        LITIGATION_FLAG

    FROM claims
)

SELECT * FROM final
  );
[0m10:09:22.739234 [debug] [Thread-1 (]: SQL status: SUCCESS 1 in 0.283 seconds
[0m10:09:22.743443 [debug] [Thread-1 (]: Sending event: {'category': 'dbt', 'action': 'run_model', 'label': 'a2474fd3-a9a8-4342-bdda-2c9f8c390ac6', 'context': [<snowplow_tracker.self_describing_json.SelfDescribingJson object at 0x7f78d81574d0>]}
[0m10:09:22.745324 [debug] [Thread-2 (]: SQL status: SUCCESS 1 in 0.311 seconds
[0m10:09:22.753765 [debug] [Thread-2 (]: Sending event: {'category': 'dbt', 'action': 'run_model', 'label': 'a2474fd3-a9a8-4342-bdda-2c9f8c390ac6', 'context': [<snowplow_tracker.self_describing_json.SelfDescribingJson object at 0x7f78ad62e000>]}
[0m10:09:22.749346 [info ] [Thread-1 (]: 21 of 22 OK created sql view model demoModel_18_marts.fct_claim_payments ....... [[32mSUCCESS 1[0m in 0.32s]
[0m10:09:22.755949 [debug] [Thread-1 (]: Finished running node model.sentinel_insurance.fct_claim_payments
[0m10:09:22.755288 [info ] [Thread-2 (]: 20 of 22 OK created sql view model demoModel_18_marts.dim_states ............... [[32mSUCCESS 1[0m in 0.37s]
[0m10:09:22.757033 [debug] [Thread-2 (]: Finished running node model.sentinel_insurance.dim_states
[0m10:09:22.767517 [debug] [Thread-4 (]: SQL status: SUCCESS 1 in 0.338 seconds
[0m10:09:22.772135 [debug] [Thread-4 (]: Sending event: {'category': 'dbt', 'action': 'run_model', 'label': 'a2474fd3-a9a8-4342-bdda-2c9f8c390ac6', 'context': [<snowplow_tracker.self_describing_json.SelfDescribingJson object at 0x7f78ad6f2de0>]}
[0m10:09:22.773443 [info ] [Thread-4 (]: 19 of 22 OK created sql view model demoModel_18_marts.dim_line_of_business ..... [[32mSUCCESS 1[0m in 0.41s]
[0m10:09:22.774395 [debug] [Thread-4 (]: Finished running node model.sentinel_insurance.dim_line_of_business
[0m10:09:22.847099 [debug] [Thread-3 (]: SQL status: SUCCESS 1 in 0.375 seconds
[0m10:09:22.852157 [debug] [Thread-3 (]: Sending event: {'category': 'dbt', 'action': 'run_model', 'label': 'a2474fd3-a9a8-4342-bdda-2c9f8c390ac6', 'context': [<snowplow_tracker.self_describing_json.SelfDescribingJson object at 0x7f78d8155ca0>]}
[0m10:09:22.853408 [info ] [Thread-3 (]: 22 of 22 OK created sql view model demoModel_18_marts.fct_claims ............... [[32mSUCCESS 1[0m in 0.41s]
[0m10:09:22.854388 [debug] [Thread-3 (]: Finished running node model.sentinel_insurance.fct_claims
[0m10:09:22.857123 [debug] [MainThread]: Connection 'master' was properly closed.
[0m10:09:22.857762 [debug] [MainThread]: Connection 'model.sentinel_insurance.fct_claim_payments' was left open.
[0m10:09:22.858350 [debug] [MainThread]: On model.sentinel_insurance.fct_claim_payments: Close
[0m10:09:22.926918 [debug] [MainThread]: Connection 'model.sentinel_insurance.dim_states' was left open.
[0m10:09:22.927753 [debug] [MainThread]: On model.sentinel_insurance.dim_states: Close
[0m10:09:22.997098 [debug] [MainThread]: Connection 'model.sentinel_insurance.fct_claims' was left open.
[0m10:09:22.997901 [debug] [MainThread]: On model.sentinel_insurance.fct_claims: Close
[0m10:09:23.050993 [debug] [MainThread]: Connection 'model.sentinel_insurance.dim_line_of_business' was left open.
[0m10:09:23.051830 [debug] [MainThread]: On model.sentinel_insurance.dim_line_of_business: Close
[0m10:09:23.114344 [info ] [MainThread]: 
[0m10:09:23.115503 [info ] [MainThread]: Finished running 22 view models in 0 hours 0 minutes and 8.12 seconds (8.12s).
[0m10:09:23.121032 [debug] [MainThread]: Command end result
[0m10:09:23.197696 [debug] [MainThread]: Wrote artifact WritableManifest to /app/workspaces/18/target/manifest.json
[0m10:09:23.201212 [debug] [MainThread]: Wrote artifact SemanticManifest to /app/workspaces/18/target/semantic_manifest.json
[0m10:09:23.212557 [debug] [MainThread]: Wrote artifact RunExecutionResult to /app/workspaces/18/target/run_results.json
[0m10:09:23.213343 [info ] [MainThread]: 
[0m10:09:23.214050 [info ] [MainThread]: [32mCompleted successfully[0m
[0m10:09:23.214617 [info ] [MainThread]: 
[0m10:09:23.215176 [info ] [MainThread]: Done. PASS=22 WARN=0 ERROR=0 SKIP=0 TOTAL=22
[0m10:09:23.216643 [debug] [MainThread]: Resource report: {"command_name": "run", "command_success": true, "command_wall_clock_time": 13.556124, "process_in_blocks": "0", "process_kernel_time": 0.526981, "process_mem_max_rss": "252972", "process_out_blocks": "4152", "process_user_time": 11.318484}
[0m10:09:23.219660 [debug] [MainThread]: Command `dbt run` succeeded at 10:09:23.219487 after 13.56 seconds
[0m10:09:23.220352 [debug] [MainThread]: Sending event: {'category': 'dbt', 'action': 'invocation', 'label': 'end', 'context': [<snowplow_tracker.self_describing_json.SelfDescribingJson object at 0x7f78f0c19280>, <snowplow_tracker.self_describing_json.SelfDescribingJson object at 0x7f78daa5d670>, <snowplow_tracker.self_describing_json.SelfDescribingJson object at 0x7f78f2001670>]}
[0m10:09:23.288390 [debug] [MainThread]: An error was encountered while trying to send an event
[0m10:09:23.290014 [debug] [MainThread]: Flushing usage events
[0m10:09:39.405216 [debug] [MainThread]: Sending event: {'category': 'dbt', 'action': 'invocation', 'label': 'start', 'context': [<snowplow_tracker.self_describing_json.SelfDescribingJson object at 0x7f7967a76120>, <snowplow_tracker.self_describing_json.SelfDescribingJson object at 0x7f7965844c20>, <snowplow_tracker.self_describing_json.SelfDescribingJson object at 0x7f7967a49a30>]}


============================== 10:09:39.472593 | 6a7f65cf-57c3-4887-bf30-2bcd5d0b484d ==============================
[0m10:09:39.472593 [info ] [MainThread]: Running with dbt=1.9.10
[0m10:09:39.474514 [debug] [MainThread]: running dbt with arguments {'target_path': 'None', 'fail_fast': 'False', 'printer_width': '80', 'invocation_command': 'dbt test', 'debug': 'False', 'partial_parse': 'True', 'quiet': 'False', 'log_cache_events': 'False', 'warn_error_options': 'WarnErrorOptions(include=[], exclude=[])', 'static_parser': 'True', 'version_check': 'True', 'use_colors': 'True', 'cache_selected_only': 'False', 'profiles_dir': '/app/workspaces/18', 'warn_error': 'None', 'empty': 'None', 'no_print': 'None', 'write_json': 'True', 'use_experimental_parser': 'False', 'indirect_selection': 'eager', 'log_format': 'default', 'introspect': 'True', 'log_path': '/app/workspaces/18/logs', 'send_anonymous_usage_stats': 'True'}
[0m10:09:43.359287 [debug] [MainThread]: Sending event: {'category': 'dbt', 'action': 'project_id', 'label': '6a7f65cf-57c3-4887-bf30-2bcd5d0b484d', 'context': [<snowplow_tracker.self_describing_json.SelfDescribingJson object at 0x7f79677aab40>]}
[0m10:09:43.493866 [debug] [MainThread]: Sending event: {'category': 'dbt', 'action': 'adapter_info', 'label': '6a7f65cf-57c3-4887-bf30-2bcd5d0b484d', 'context': [<snowplow_tracker.self_describing_json.SelfDescribingJson object at 0x7f794ed120c0>]}
[0m10:09:43.495245 [info ] [MainThread]: Registered adapter: snowflake=1.9.4
[0m10:09:43.865123 [debug] [MainThread]: checksum: c40cca0353c9a9b4dbd2a57cdc3e2440f5c9a71a795694b25a51e704baaf554e, vars: {}, profile: , target: , version: 1.9.10
[0m10:09:44.150792 [debug] [MainThread]: Partial parsing enabled: 0 files deleted, 0 files added, 0 files changed.
[0m10:09:44.151550 [debug] [MainThread]: Partial parsing enabled, no changes found, skipping parsing
[0m10:09:44.226749 [debug] [MainThread]: Sending event: {'category': 'dbt', 'action': 'load_project', 'label': '6a7f65cf-57c3-4887-bf30-2bcd5d0b484d', 'context': [<snowplow_tracker.self_describing_json.SelfDescribingJson object at 0x7f794e8fc080>]}
[0m10:09:44.390511 [debug] [MainThread]: Wrote artifact WritableManifest to /app/workspaces/18/target/manifest.json
[0m10:09:44.394129 [debug] [MainThread]: Wrote artifact SemanticManifest to /app/workspaces/18/target/semantic_manifest.json
[0m10:09:44.706348 [debug] [MainThread]: Sending event: {'category': 'dbt', 'action': 'resource_counts', 'label': '6a7f65cf-57c3-4887-bf30-2bcd5d0b484d', 'context': [<snowplow_tracker.self_describing_json.SelfDescribingJson object at 0x7f794e197410>]}
[0m10:09:44.707295 [info ] [MainThread]: Found 22 models, 9 data tests, 12 sources, 616 macros
[0m10:09:44.711880 [debug] [MainThread]: Sending event: {'category': 'dbt', 'action': 'runnable_timing', 'label': '6a7f65cf-57c3-4887-bf30-2bcd5d0b484d', 'context': [<snowplow_tracker.self_describing_json.SelfDescribingJson object at 0x7f794e991670>]}
[0m10:09:44.721325 [info ] [MainThread]: 
[0m10:09:44.722149 [info ] [MainThread]: Concurrency: 4 threads (target='dev')
[0m10:09:44.722702 [info ] [MainThread]: 
[0m10:09:44.723532 [debug] [MainThread]: Acquiring new snowflake connection 'master'
[0m10:09:44.754569 [debug] [ThreadPool]: Acquiring new snowflake connection 'list_EKAI_demoModel_18_marts'
[0m10:09:44.784922 [debug] [ThreadPool]: Acquiring new snowflake connection 'list_EKAI_demoModel_18_staging'
[0m10:09:45.014466 [debug] [ThreadPool]: Using snowflake connection "list_EKAI_demoModel_18_marts"
[0m10:09:45.015241 [debug] [ThreadPool]: On list_EKAI_demoModel_18_marts: /* {"app": "dbt", "dbt_version": "1.9.10", "profile_name": "ekai_dbt", "target_name": "dev", "connection_name": "list_EKAI_demoModel_18_marts"} */
alter session set quoted_identifiers_ignore_case = false;
[0m10:09:45.015807 [debug] [ThreadPool]: Opening a new connection, currently in state init
[0m10:09:45.021297 [debug] [ThreadPool]: Using snowflake connection "list_EKAI_demoModel_18_staging"
[0m10:09:45.022222 [debug] [ThreadPool]: On list_EKAI_demoModel_18_staging: /* {"app": "dbt", "dbt_version": "1.9.10", "profile_name": "ekai_dbt", "target_name": "dev", "connection_name": "list_EKAI_demoModel_18_staging"} */
alter session set quoted_identifiers_ignore_case = false;
[0m10:09:45.022805 [debug] [ThreadPool]: Opening a new connection, currently in state init
[0m10:09:47.703276 [debug] [ThreadPool]: SQL status: SUCCESS 1 in 2.687 seconds
[0m10:09:47.710114 [debug] [ThreadPool]: Using snowflake connection "list_EKAI_demoModel_18_marts"
[0m10:09:47.711231 [debug] [ThreadPool]: On list_EKAI_demoModel_18_marts: /* {"app": "dbt", "dbt_version": "1.9.10", "profile_name": "ekai_dbt", "target_name": "dev", "connection_name": "list_EKAI_demoModel_18_marts"} */
show objects in EKAI.demoModel_18_marts
    limit 10000
    
;
[0m10:09:47.714133 [debug] [ThreadPool]: SQL status: SUCCESS 1 in 2.691 seconds
[0m10:09:47.717097 [debug] [ThreadPool]: Using snowflake connection "list_EKAI_demoModel_18_staging"
[0m10:09:47.717741 [debug] [ThreadPool]: On list_EKAI_demoModel_18_staging: /* {"app": "dbt", "dbt_version": "1.9.10", "profile_name": "ekai_dbt", "target_name": "dev", "connection_name": "list_EKAI_demoModel_18_staging"} */
show objects in EKAI.demoModel_18_staging
    limit 10000
    
;
[0m10:09:47.825210 [debug] [ThreadPool]: SQL status: SUCCESS 10 in 0.113 seconds
[0m10:09:47.828624 [debug] [ThreadPool]: Using snowflake connection "list_EKAI_demoModel_18_marts"
[0m10:09:47.829478 [debug] [ThreadPool]: On list_EKAI_demoModel_18_marts: /* {"app": "dbt", "dbt_version": "1.9.10", "profile_name": "ekai_dbt", "target_name": "dev", "connection_name": "list_EKAI_demoModel_18_marts"} */
alter session unset quoted_identifiers_ignore_case;
[0m10:09:47.839747 [debug] [ThreadPool]: SQL status: SUCCESS 12 in 0.121 seconds
[0m10:09:47.843100 [debug] [ThreadPool]: Using snowflake connection "list_EKAI_demoModel_18_staging"
[0m10:09:47.843775 [debug] [ThreadPool]: On list_EKAI_demoModel_18_staging: /* {"app": "dbt", "dbt_version": "1.9.10", "profile_name": "ekai_dbt", "target_name": "dev", "connection_name": "list_EKAI_demoModel_18_staging"} */
alter session unset quoted_identifiers_ignore_case;
[0m10:09:47.904962 [debug] [ThreadPool]: SQL status: SUCCESS 1 in 0.075 seconds
[0m10:09:47.914685 [debug] [ThreadPool]: SQL status: SUCCESS 1 in 0.070 seconds
[0m10:09:47.920300 [debug] [MainThread]: Sending event: {'category': 'dbt', 'action': 'runnable_timing', 'label': '6a7f65cf-57c3-4887-bf30-2bcd5d0b484d', 'context': [<snowplow_tracker.self_describing_json.SelfDescribingJson object at 0x7f7967540d70>]}
[0m10:09:47.929222 [debug] [Thread-1 (]: Began running node test.sentinel_insurance.test_agent_net_revenue_calculation
[0m10:09:47.930032 [info ] [Thread-1 (]: 1 of 9 START test test_agent_net_revenue_calculation ........................... [RUN]
[0m10:09:47.931341 [debug] [Thread-1 (]: Re-using an available connection from the pool (formerly list_EKAI_demoModel_18_staging, now test.sentinel_insurance.test_agent_net_revenue_calculation)
[0m10:09:47.932035 [debug] [Thread-1 (]: Began compiling node test.sentinel_insurance.test_agent_net_revenue_calculation
[0m10:09:47.949145 [debug] [Thread-2 (]: Began running node test.sentinel_insurance.test_code_consistency_cause
[0m10:09:47.953099 [info ] [Thread-2 (]: 2 of 9 START test test_code_consistency_cause .................................. [RUN]
[0m10:09:47.953945 [debug] [Thread-2 (]: Re-using an available connection from the pool (formerly list_EKAI_demoModel_18_marts, now test.sentinel_insurance.test_code_consistency_cause)
[0m10:09:47.954573 [debug] [Thread-2 (]: Began compiling node test.sentinel_insurance.test_code_consistency_cause
[0m10:09:47.951188 [debug] [Thread-3 (]: Began running node test.sentinel_insurance.test_code_consistency_lob
[0m10:09:47.961715 [info ] [Thread-3 (]: 3 of 9 START test test_code_consistency_lob .................................... [RUN]
[0m10:09:47.962683 [debug] [Thread-3 (]: Acquiring new snowflake connection 'test.sentinel_insurance.test_code_consistency_lob'
[0m10:09:47.963363 [debug] [Thread-3 (]: Began compiling node test.sentinel_insurance.test_code_consistency_lob
[0m10:09:47.950335 [debug] [Thread-1 (]: Writing injected SQL for node "test.sentinel_insurance.test_agent_net_revenue_calculation"
[0m10:09:47.960921 [debug] [Thread-4 (]: Began running node test.sentinel_insurance.test_code_consistency_state
[0m10:09:47.971455 [info ] [Thread-4 (]: 4 of 9 START test test_code_consistency_state .................................. [RUN]
[0m10:09:47.960153 [debug] [Thread-2 (]: Writing injected SQL for node "test.sentinel_insurance.test_code_consistency_cause"
[0m10:09:47.973617 [debug] [Thread-2 (]: Began executing node test.sentinel_insurance.test_code_consistency_cause
[0m10:09:47.970609 [debug] [Thread-1 (]: Began executing node test.sentinel_insurance.test_agent_net_revenue_calculation
[0m10:09:47.972398 [debug] [Thread-4 (]: Acquiring new snowflake connection 'test.sentinel_insurance.test_code_consistency_state'
[0m10:09:47.997263 [debug] [Thread-4 (]: Began compiling node test.sentinel_insurance.test_code_consistency_state
[0m10:09:47.969518 [debug] [Thread-3 (]: Writing injected SQL for node "test.sentinel_insurance.test_code_consistency_lob"
[0m10:09:48.013925 [debug] [Thread-3 (]: Began executing node test.sentinel_insurance.test_code_consistency_lob
[0m10:09:48.003341 [debug] [Thread-4 (]: Writing injected SQL for node "test.sentinel_insurance.test_code_consistency_state"
[0m10:09:48.028594 [debug] [Thread-4 (]: Began executing node test.sentinel_insurance.test_code_consistency_state
[0m10:09:48.103014 [debug] [Thread-1 (]: Writing runtime sql for node "test.sentinel_insurance.test_agent_net_revenue_calculation"
[0m10:09:48.106490 [debug] [Thread-1 (]: Using snowflake connection "test.sentinel_insurance.test_agent_net_revenue_calculation"
[0m10:09:48.107354 [debug] [Thread-1 (]: On test.sentinel_insurance.test_agent_net_revenue_calculation: /* {"app": "dbt", "dbt_version": "1.9.10", "profile_name": "ekai_dbt", "target_name": "dev", "node_id": "test.sentinel_insurance.test_agent_net_revenue_calculation"} */
select
      count(*) as failures,
      count(*) != 0 as should_warn,
      count(*) != 0 as should_error
    from (
      
    
  -- Test: Agent Net Revenue Calculation Validation (Sampled)
-- Validates AGENT_NET_REVENUE = COMMISSION_AMOUNT × COMMISSION_SPLIT
-- Uses sampling to limit scan to ~10,000 rows for efficiency

WITH sampled_premiums AS (
    SELECT
        PREMIUM_ID,
        COMMISSION_AMOUNT,
        AGENT_NET_REVENUE,
        p.AGENT_ID,
        a.COMMISSION_SPLIT
    FROM EKAI.demoModel_18_marts.fct_policy_premiums pp
    LEFT JOIN EKAI.demoModel_18_marts.dim_policies p ON pp.POLICY_ID = p.POLICY_ID
    LEFT JOIN EKAI.demoModel_18_marts.dim_agents a ON p.AGENT_ID = a.AGENT_ID
    -- Efficient sampling using SAMPLE clause (Snowflake specific)
    SAMPLE BERNOULLI (10000 ROWS)
    WHERE COMMISSION_AMOUNT IS NOT NULL
        AND AGENT_NET_REVENUE IS NOT NULL
),

failed_calculations AS (
    SELECT
        PREMIUM_ID,
        COMMISSION_AMOUNT,
        COMMISSION_SPLIT,
        AGENT_NET_REVENUE,
        COMMISSION_AMOUNT * COALESCE(COMMISSION_SPLIT, 0) AS expected_agent_net_revenue,
        ABS(AGENT_NET_REVENUE - (COMMISSION_AMOUNT * COALESCE(COMMISSION_SPLIT, 0))) AS difference
    FROM sampled_premiums
    WHERE ABS(AGENT_NET_REVENUE - (COMMISSION_AMOUNT * COALESCE(COMMISSION_SPLIT, 0))) >= 0.01
)

-- This test will fail if any sampled records have incorrect calculations
SELECT *
FROM failed_calculations
  
  
      
    ) dbt_internal_test
[0m10:09:48.112345 [debug] [Thread-3 (]: Writing runtime sql for node "test.sentinel_insurance.test_code_consistency_lob"
[0m10:09:48.115334 [debug] [Thread-3 (]: Using snowflake connection "test.sentinel_insurance.test_code_consistency_lob"
[0m10:09:48.116112 [debug] [Thread-3 (]: On test.sentinel_insurance.test_code_consistency_lob: /* {"app": "dbt", "dbt_version": "1.9.10", "profile_name": "ekai_dbt", "target_name": "dev", "node_id": "test.sentinel_insurance.test_code_consistency_lob"} */
select
      count(*) as failures,
      count(*) != 0 as should_warn,
      count(*) != 0 as should_error
    from (
      
    
  -- Test: LOB_CODE Consistency Validation
-- Ensures all LOB_CODE values in fact/dim tables exist in dim_line_of_business
-- Uses efficient LEFT JOIN approach with sampling

WITH lob_reference AS (
    SELECT DISTINCT LOB_CODE
    FROM EKAI.demoModel_18_marts.dim_line_of_business
),

-- Sample from fct_claims (limit to 100k rows)
claims_lob AS (
    SELECT DISTINCT
        'fct_claims' AS source_table,
        LOB_CODE
    FROM EKAI.demoModel_18_marts.fct_claims
    SAMPLE BERNOULLI (100000 ROWS)
    WHERE LOB_CODE IS NOT NULL
),

-- Sample from dim_policies (limit to 50k rows)
policies_lob AS (
    SELECT DISTINCT
        'dim_policies' AS source_table,
        LOB_CODE
    FROM EKAI.demoModel_18_marts.dim_policies
    SAMPLE BERNOULLI (50000 ROWS)
    WHERE LOB_CODE IS NOT NULL
),

all_lob_codes AS (
    SELECT * FROM claims_lob
    UNION ALL
    SELECT * FROM policies_lob
),

orphaned_lob_codes AS (
    SELECT
        a.source_table,
        a.LOB_CODE
    FROM all_lob_codes a
    LEFT JOIN lob_reference r ON a.LOB_CODE = r.LOB_CODE
    WHERE r.LOB_CODE IS NULL
        AND a.LOB_CODE != 'Unclassified'  -- Allow 'Unclassified' as per BRD
)

-- This test will warn if any LOB codes don't exist in reference table
SELECT *
FROM orphaned_lob_codes
  
  
      
    ) dbt_internal_test
[0m10:09:48.116820 [debug] [Thread-3 (]: Opening a new connection, currently in state init
[0m10:09:48.126890 [debug] [Thread-2 (]: Writing runtime sql for node "test.sentinel_insurance.test_code_consistency_cause"
[0m10:09:48.129530 [debug] [Thread-2 (]: Using snowflake connection "test.sentinel_insurance.test_code_consistency_cause"
[0m10:09:48.130334 [debug] [Thread-2 (]: On test.sentinel_insurance.test_code_consistency_cause: /* {"app": "dbt", "dbt_version": "1.9.10", "profile_name": "ekai_dbt", "target_name": "dev", "node_id": "test.sentinel_insurance.test_code_consistency_cause"} */
select
      count(*) as failures,
      count(*) != 0 as should_warn,
      count(*) != 0 as should_error
    from (
      
    
  -- Test: CAUSE_CODE Consistency Validation
-- Ensures all CAUSE_CODE values in fct_claims exist in dim_cause_of_loss
-- Uses efficient sampling approach

WITH cause_reference AS (
    SELECT DISTINCT CAUSE_CODE
    FROM EKAI.demoModel_18_marts.dim_cause_of_loss
),

-- Sample from fct_claims (limit to 100k rows)
claims_cause AS (
    SELECT DISTINCT
        CAUSE_CODE
    FROM EKAI.demoModel_18_marts.fct_claims
    SAMPLE BERNOULLI (100000 ROWS)
    WHERE CAUSE_CODE IS NOT NULL
),

orphaned_cause_codes AS (
    SELECT
        'fct_claims' AS source_table,
        c.CAUSE_CODE
    FROM claims_cause c
    LEFT JOIN cause_reference r ON c.CAUSE_CODE = r.CAUSE_CODE
    WHERE r.CAUSE_CODE IS NULL
)

-- This test will warn if any cause codes don't exist in reference table
SELECT *
FROM orphaned_cause_codes
  
  
      
    ) dbt_internal_test
[0m10:09:48.159992 [debug] [Thread-4 (]: Writing runtime sql for node "test.sentinel_insurance.test_code_consistency_state"
[0m10:09:48.162891 [debug] [Thread-4 (]: Using snowflake connection "test.sentinel_insurance.test_code_consistency_state"
[0m10:09:48.163670 [debug] [Thread-4 (]: On test.sentinel_insurance.test_code_consistency_state: /* {"app": "dbt", "dbt_version": "1.9.10", "profile_name": "ekai_dbt", "target_name": "dev", "node_id": "test.sentinel_insurance.test_code_consistency_state"} */
select
      count(*) as failures,
      count(*) != 0 as should_warn,
      count(*) != 0 as should_error
    from (
      
    
  -- Test: STATE_CODE Consistency Validation
-- Ensures all STATE_CODE values in dim tables exist in dim_states
-- Uses efficient sampling approach

WITH state_reference AS (
    SELECT DISTINCT STATE_CODE
    FROM EKAI.demoModel_18_marts.dim_states
),

-- Sample from dim_policies (limit to 50k rows)
policies_state AS (
    SELECT DISTINCT
        'dim_policies' AS source_table,
        STATE_CODE
    FROM EKAI.demoModel_18_marts.dim_policies
    SAMPLE BERNOULLI (50000 ROWS)
    WHERE STATE_CODE IS NOT NULL
),

-- Sample from dim_agencies (typically small, no sampling needed)
agencies_state AS (
    SELECT DISTINCT
        'dim_agencies' AS source_table,
        STATE_CODE
    FROM EKAI.demoModel_18_marts.dim_agencies
    WHERE STATE_CODE IS NOT NULL
),

all_state_codes AS (
    SELECT * FROM policies_state
    UNION ALL
    SELECT * FROM agencies_state
),

orphaned_state_codes AS (
    SELECT
        a.source_table,
        a.STATE_CODE
    FROM all_state_codes a
    LEFT JOIN state_reference r ON a.STATE_CODE = r.STATE_CODE
    WHERE r.STATE_CODE IS NULL
        AND a.STATE_CODE != 'Unclassified'  -- Allow 'Unclassified' as per BRD
)

-- This test will warn if any state codes don't exist in reference table
SELECT *
FROM orphaned_state_codes
  
  
      
    ) dbt_internal_test
[0m10:09:48.164652 [debug] [Thread-4 (]: Opening a new connection, currently in state init
[0m10:09:48.231876 [debug] [Thread-1 (]: Snowflake adapter: Snowflake query id: 01c27881-0206-20b8-0004-644a004487d2
[0m10:09:48.232798 [debug] [Thread-1 (]: Snowflake adapter: Snowflake error: 001003 (42000): SQL compilation error:
syntax error line 21 at position 51 unexpected 'ON'.
syntax error line 26 at position 0 unexpected ')'.
[0m10:09:48.244387 [debug] [Thread-1 (]: Database Error in test test_agent_net_revenue_calculation (tests/marts/test_agent_net_revenue_calculation.sql)
  001003 (42000): SQL compilation error:
  syntax error line 21 at position 51 unexpected 'ON'.
  syntax error line 26 at position 0 unexpected ')'.
  compiled code at target/run/sentinel_insurance/tests/marts/test_agent_net_revenue_calculation.sql
[0m10:09:48.245636 [error] [Thread-1 (]: 1 of 9 ERROR test_agent_net_revenue_calculation ................................ [[31mERROR[0m in 0.31s]
[0m10:09:48.246591 [debug] [Thread-1 (]: Finished running node test.sentinel_insurance.test_agent_net_revenue_calculation
[0m10:09:48.249177 [debug] [Thread-1 (]: Began running node test.sentinel_insurance.test_loss_ratio_reasonableness
[0m10:09:48.250866 [debug] [Thread-7 (]: Marking all children of 'test.sentinel_insurance.test_agent_net_revenue_calculation' to be skipped because of status 'error'.  Reason: Database Error in test test_agent_net_revenue_calculation (tests/marts/test_agent_net_revenue_calculation.sql)
  001003 (42000): SQL compilation error:
  syntax error line 21 at position 51 unexpected 'ON'.
  syntax error line 26 at position 0 unexpected ')'.
  compiled code at target/run/sentinel_insurance/tests/marts/test_agent_net_revenue_calculation.sql.
[0m10:09:48.249931 [info ] [Thread-1 (]: 5 of 9 START test test_loss_ratio_reasonableness ............................... [RUN]
[0m10:09:48.252751 [debug] [Thread-1 (]: Re-using an available connection from the pool (formerly test.sentinel_insurance.test_agent_net_revenue_calculation, now test.sentinel_insurance.test_loss_ratio_reasonableness)
[0m10:09:48.253493 [debug] [Thread-1 (]: Began compiling node test.sentinel_insurance.test_loss_ratio_reasonableness
[0m10:09:48.261942 [debug] [Thread-1 (]: Writing injected SQL for node "test.sentinel_insurance.test_loss_ratio_reasonableness"
[0m10:09:48.262997 [debug] [Thread-1 (]: Began executing node test.sentinel_insurance.test_loss_ratio_reasonableness
[0m10:09:48.272637 [debug] [Thread-1 (]: Writing runtime sql for node "test.sentinel_insurance.test_loss_ratio_reasonableness"
[0m10:09:48.278955 [debug] [Thread-1 (]: Using snowflake connection "test.sentinel_insurance.test_loss_ratio_reasonableness"
[0m10:09:48.280192 [debug] [Thread-1 (]: On test.sentinel_insurance.test_loss_ratio_reasonableness: /* {"app": "dbt", "dbt_version": "1.9.10", "profile_name": "ekai_dbt", "target_name": "dev", "node_id": "test.sentinel_insurance.test_loss_ratio_reasonableness"} */
select
      count(*) as failures,
      count(*) != 0 as should_warn,
      count(*) != 0 as should_error
    from (
      
    
  -- Test: Loss Ratio Reasonableness Check (Cross-Model Consistency)
-- Validates that Loss Ratio (Total Incurred / Earned Premium) is between 0 and 2 (200%)
-- Uses stratified sampling by LOB_CODE for efficiency and representation

WITH sampled_claims AS (
    -- Stratified sample: 10k rows per LOB (if available)
    SELECT
        POLICY_ID,
        LOB_CODE,
        TOTAL_INCURRED
    FROM EKAI.demoModel_18_marts.fct_claims
    QUALIFY ROW_NUMBER() OVER (PARTITION BY LOB_CODE ORDER BY RANDOM()) <= 10000
    WHERE TOTAL_INCURRED IS NOT NULL
),

sampled_premiums AS (
    -- Stratified sample: Match policies from claims
    SELECT
        p.POLICY_ID,
        p.LOB_CODE,
        SUM(pp.EARNED_PREMIUM) AS total_earned_premium
    FROM EKAI.demoModel_18_marts.dim_policies p
    INNER JOIN EKAI.demoModel_18_marts.fct_policy_premiums pp ON p.POLICY_ID = pp.POLICY_ID
    WHERE pp.EARNED_PREMIUM IS NOT NULL
    GROUP BY p.POLICY_ID, p.LOB_CODE
),

lob_aggregates AS (
    SELECT
        COALESCE(c.LOB_CODE, p.LOB_CODE) AS LOB_CODE,
        SUM(c.TOTAL_INCURRED) AS total_incurred,
        SUM(p.total_earned_premium) AS total_earned_premium
    FROM sampled_claims c
    FULL OUTER JOIN sampled_premiums p ON c.POLICY_ID = p.POLICY_ID
    GROUP BY COALESCE(c.LOB_CODE, p.LOB_CODE)
),

loss_ratio_check AS (
    SELECT
        LOB_CODE,
        total_incurred,
        total_earned_premium,
        CASE
            WHEN total_earned_premium = 0 OR total_earned_premium IS NULL THEN NULL
            ELSE total_incurred / total_earned_premium
        END AS loss_ratio
    FROM lob_aggregates
),

failed_checks AS (
    SELECT
        LOB_CODE,
        total_incurred,
        total_earned_premium,
        loss_ratio
    FROM loss_ratio_check
    WHERE loss_ratio IS NOT NULL
        AND (loss_ratio < 0 OR loss_ratio > 2)
)

-- This test will warn if loss ratio is outside reasonable bounds
SELECT *
FROM failed_checks
  
  
      
    ) dbt_internal_test
[0m10:09:48.405486 [debug] [Thread-1 (]: Snowflake adapter: Snowflake query id: 01c27881-0206-213a-0004-644a0044e04a
[0m10:09:48.406073 [debug] [Thread-1 (]: Snowflake adapter: Snowflake error: 001003 (42000): SQL compilation error:
syntax error line 20 at position 4 unexpected 'WHERE'.
syntax error line 23 at position 20 unexpected '('.
syntax error line 28 at position 11 unexpected '('.
syntax error line 33 at position 0 unexpected ')'.
[0m10:09:48.409819 [debug] [Thread-1 (]: Database Error in test test_loss_ratio_reasonableness (tests/marts/test_loss_ratio_reasonableness.sql)
  001003 (42000): SQL compilation error:
  syntax error line 20 at position 4 unexpected 'WHERE'.
  syntax error line 23 at position 20 unexpected '('.
  syntax error line 28 at position 11 unexpected '('.
  syntax error line 33 at position 0 unexpected ')'.
  compiled code at target/run/sentinel_insurance/tests/marts/test_loss_ratio_reasonableness.sql
[0m10:09:48.410805 [error] [Thread-1 (]: 5 of 9 ERROR test_loss_ratio_reasonableness .................................... [[31mERROR[0m in 0.16s]
[0m10:09:48.411758 [debug] [Thread-1 (]: Finished running node test.sentinel_insurance.test_loss_ratio_reasonableness
[0m10:09:48.412737 [debug] [Thread-1 (]: Began running node test.sentinel_insurance.test_not_null_critical_fields
[0m10:09:48.414199 [debug] [Thread-7 (]: Marking all children of 'test.sentinel_insurance.test_loss_ratio_reasonableness' to be skipped because of status 'error'.  Reason: Database Error in test test_loss_ratio_reasonableness (tests/marts/test_loss_ratio_reasonableness.sql)
  001003 (42000): SQL compilation error:
  syntax error line 20 at position 4 unexpected 'WHERE'.
  syntax error line 23 at position 20 unexpected '('.
  syntax error line 28 at position 11 unexpected '('.
  syntax error line 33 at position 0 unexpected ')'.
  compiled code at target/run/sentinel_insurance/tests/marts/test_loss_ratio_reasonableness.sql.
[0m10:09:48.413443 [info ] [Thread-1 (]: 6 of 9 START test test_not_null_critical_fields ................................ [RUN]
[0m10:09:48.415258 [debug] [Thread-1 (]: Re-using an available connection from the pool (formerly test.sentinel_insurance.test_loss_ratio_reasonableness, now test.sentinel_insurance.test_not_null_critical_fields)
[0m10:09:48.415918 [debug] [Thread-1 (]: Began compiling node test.sentinel_insurance.test_not_null_critical_fields
[0m10:09:48.428104 [debug] [Thread-1 (]: Writing injected SQL for node "test.sentinel_insurance.test_not_null_critical_fields"
[0m10:09:48.429310 [debug] [Thread-1 (]: Began executing node test.sentinel_insurance.test_not_null_critical_fields
[0m10:09:48.434582 [debug] [Thread-1 (]: Writing runtime sql for node "test.sentinel_insurance.test_not_null_critical_fields"
[0m10:09:48.445358 [debug] [Thread-1 (]: Using snowflake connection "test.sentinel_insurance.test_not_null_critical_fields"
[0m10:09:48.446529 [debug] [Thread-1 (]: On test.sentinel_insurance.test_not_null_critical_fields: /* {"app": "dbt", "dbt_version": "1.9.10", "profile_name": "ekai_dbt", "target_name": "dev", "node_id": "test.sentinel_insurance.test_not_null_critical_fields"} */
select
      count(*) as failures,
      count(*) != 0 as should_warn,
      count(*) != 0 as should_error
    from (
      
    
  -- Test: Critical NOT NULL Validations (Efficient Sampling)
-- Uses HLL (HyperLogLog) to efficiently count NULL values in critical fields
-- This is more efficient than scanning all rows for large datasets

WITH fct_claims_nulls AS (
    SELECT
        'fct_claims' AS source_table,
        'CLAIM_ID' AS column_name,
        APPROX_COUNT_DISTINCT(CASE WHEN CLAIM_ID IS NULL THEN 1 END) AS approx_null_count
    FROM EKAI.demoModel_18_marts.fct_claims
    HAVING APPROX_COUNT_DISTINCT(CASE WHEN CLAIM_ID IS NULL THEN 1 END) > 0

    UNION ALL

    SELECT
        'fct_claims' AS source_table,
        'POLICY_ID' AS column_name,
        APPROX_COUNT_DISTINCT(CASE WHEN POLICY_ID IS NULL THEN 1 END) AS approx_null_count
    FROM EKAI.demoModel_18_marts.fct_claims
    HAVING APPROX_COUNT_DISTINCT(CASE WHEN POLICY_ID IS NULL THEN 1 END) > 0

    UNION ALL

    SELECT
        'fct_claims' AS source_table,
        'LOB_CODE' AS column_name,
        APPROX_COUNT_DISTINCT(CASE WHEN LOB_CODE IS NULL THEN 1 END) AS approx_null_count
    FROM EKAI.demoModel_18_marts.fct_claims
    HAVING APPROX_COUNT_DISTINCT(CASE WHEN LOB_CODE IS NULL THEN 1 END) > 0

    UNION ALL

    SELECT
        'fct_claims' AS source_table,
        'TOTAL_INCURRED' AS column_name,
        APPROX_COUNT_DISTINCT(CASE WHEN TOTAL_INCURRED IS NULL THEN 1 END) AS approx_null_count
    FROM EKAI.demoModel_18_marts.fct_claims
    HAVING APPROX_COUNT_DISTINCT(CASE WHEN TOTAL_INCURRED IS NULL THEN 1 END) > 0
),

fct_policy_premiums_nulls AS (
    SELECT
        'fct_policy_premiums' AS source_table,
        'PREMIUM_ID' AS column_name,
        APPROX_COUNT_DISTINCT(CASE WHEN PREMIUM_ID IS NULL THEN 1 END) AS approx_null_count
    FROM EKAI.demoModel_18_marts.fct_policy_premiums
    HAVING APPROX_COUNT_DISTINCT(CASE WHEN PREMIUM_ID IS NULL THEN 1 END) > 0

    UNION ALL

    SELECT
        'fct_policy_premiums' AS source_table,
        'POLICY_ID' AS column_name,
        APPROX_COUNT_DISTINCT(CASE WHEN POLICY_ID IS NULL THEN 1 END) AS approx_null_count
    FROM EKAI.demoModel_18_marts.fct_policy_premiums
    HAVING APPROX_COUNT_DISTINCT(CASE WHEN POLICY_ID IS NULL THEN 1 END) > 0

    UNION ALL

    SELECT
        'fct_policy_premiums' AS source_table,
        'EARNED_PREMIUM' AS column_name,
        APPROX_COUNT_DISTINCT(CASE WHEN EARNED_PREMIUM IS NULL THEN 1 END) AS approx_null_count
    FROM EKAI.demoModel_18_marts.fct_policy_premiums
    HAVING APPROX_COUNT_DISTINCT(CASE WHEN EARNED_PREMIUM IS NULL THEN 1 END) > 0
),

dim_policies_nulls AS (
    SELECT
        'dim_policies' AS source_table,
        'POLICY_ID' AS column_name,
        APPROX_COUNT_DISTINCT(CASE WHEN POLICY_ID IS NULL THEN 1 END) AS approx_null_count
    FROM EKAI.demoModel_18_marts.dim_policies
    HAVING APPROX_COUNT_DISTINCT(CASE WHEN POLICY_ID IS NULL THEN 1 END) > 0

    UNION ALL

    SELECT
        'dim_policies' AS source_table,
        'POLICY_NUMBER' AS column_name,
        APPROX_COUNT_DISTINCT(CASE WHEN POLICY_NUMBER IS NULL THEN 1 END) AS approx_null_count
    FROM EKAI.demoModel_18_marts.dim_policies
    HAVING APPROX_COUNT_DISTINCT(CASE WHEN POLICY_NUMBER IS NULL THEN 1 END) > 0

    UNION ALL

    SELECT
        'dim_policies' AS source_table,
        'POLICY_VERSION' AS column_name,
        APPROX_COUNT_DISTINCT(CASE WHEN POLICY_VERSION IS NULL THEN 1 END) AS approx_null_count
    FROM EKAI.demoModel_18_marts.dim_policies
    HAVING APPROX_COUNT_DISTINCT(CASE WHEN POLICY_VERSION IS NULL THEN 1 END) > 0

    UNION ALL

    SELECT
        'dim_policies' AS source_table,
        'LOB_CODE' AS column_name,
        APPROX_COUNT_DISTINCT(CASE WHEN LOB_CODE IS NULL THEN 1 END) AS approx_null_count
    FROM EKAI.demoModel_18_marts.dim_policies
    HAVING APPROX_COUNT_DISTINCT(CASE WHEN LOB_CODE IS NULL THEN 1 END) > 0

    UNION ALL

    SELECT
        'dim_policies' AS source_table,
        'STATE_CODE' AS column_name,
        APPROX_COUNT_DISTINCT(CASE WHEN STATE_CODE IS NULL THEN 1 END) AS approx_null_count
    FROM EKAI.demoModel_18_marts.dim_policies
    HAVING APPROX_COUNT_DISTINCT(CASE WHEN STATE_CODE IS NULL THEN 1 END) > 0
),

dim_agents_nulls AS (
    SELECT
        'dim_agents' AS source_table,
        'AGENT_ID' AS column_name,
        APPROX_COUNT_DISTINCT(CASE WHEN AGENT_ID IS NULL THEN 1 END) AS approx_null_count
    FROM EKAI.demoModel_18_marts.dim_agents
    HAVING APPROX_COUNT_DISTINCT(CASE WHEN AGENT_ID IS NULL THEN 1 END) > 0

    UNION ALL

    SELECT
        'dim_agents' AS source_table,
        'AGENCY_ID' AS column_name,
        APPROX_COUNT_DISTINCT(CASE WHEN AGENCY_ID IS NULL THEN 1 END) AS approx_null_count
    FROM EKAI.demoModel_18_marts.dim_agents
    HAVING APPROX_COUNT_DISTINCT(CASE WHEN AGENCY_ID IS NULL THEN 1 END) > 0

    UNION ALL

    SELECT
        'dim_agents' AS source_table,
        'COMMISSION_SPLIT' AS column_name,
        APPROX_COUNT_DISTINCT(CASE WHEN COMMISSION_SPLIT IS NULL THEN 1 END) AS approx_null_count
    FROM EKAI.demoModel_18_marts.dim_agents
    HAVING APPROX_COUNT_DISTINCT(CASE WHEN COMMISSION_SPLIT IS NULL THEN 1 END) > 0
),

dim_agencies_nulls AS (
    SELECT
        'dim_agencies' AS source_table,
        'AGENCY_ID' AS column_name,
        APPROX_COUNT_DISTINCT(CASE WHEN AGENCY_ID IS NULL THEN 1 END) AS approx_null_count
    FROM EKAI.demoModel_18_marts.dim_agencies
    HAVING APPROX_COUNT_DISTINCT(CASE WHEN AGENCY_ID IS NULL THEN 1 END) > 0

    UNION ALL

    SELECT
        'dim_agencies' AS source_table,
        'COMMISSION_RATE' AS column_name,
        APPROX_COUNT_DISTINCT(CASE WHEN COMMISSION_RATE IS NULL THEN 1 END) AS approx_null_count
    FROM EKAI.demoModel_18_marts.dim_agencies
    HAVING APPROX_COUNT_DISTINCT(CASE WHEN COMMISSION_RATE IS NULL THEN 1 END) > 0
),

all_null_violations AS (
    SELECT * FROM fct_claims_nulls
    UNION ALL
    SELECT * FROM fct_policy_premiums_nulls
    UNION ALL
    SELECT * FROM dim_policies_nulls
    UNION ALL
    SELECT * FROM dim_agents_nulls
    UNION ALL
    SELECT * FROM dim_agencies_nulls
)

-- This test will fail if any critical fields have NULL values
SELECT *
FROM all_null_violations
  
  
      
    ) dbt_internal_test
[0m10:09:49.911325 [debug] [Thread-2 (]: SQL status: SUCCESS 1 in 1.780 seconds
[0m10:09:49.926742 [info ] [Thread-2 (]: 2 of 9 PASS test_code_consistency_cause ........................................ [[32mPASS[0m in 1.97s]
[0m10:09:49.927845 [debug] [Thread-2 (]: Finished running node test.sentinel_insurance.test_code_consistency_cause
[0m10:09:49.928863 [debug] [Thread-2 (]: Began running node test.sentinel_insurance.test_premium_transaction_count
[0m10:09:49.929562 [info ] [Thread-2 (]: 7 of 9 START test test_premium_transaction_count ............................... [RUN]
[0m10:09:49.930508 [debug] [Thread-2 (]: Re-using an available connection from the pool (formerly test.sentinel_insurance.test_code_consistency_cause, now test.sentinel_insurance.test_premium_transaction_count)
[0m10:09:49.931146 [debug] [Thread-2 (]: Began compiling node test.sentinel_insurance.test_premium_transaction_count
[0m10:09:49.936432 [debug] [Thread-2 (]: Writing injected SQL for node "test.sentinel_insurance.test_premium_transaction_count"
[0m10:09:49.938237 [debug] [Thread-2 (]: Began executing node test.sentinel_insurance.test_premium_transaction_count
[0m10:09:49.943617 [debug] [Thread-2 (]: Writing runtime sql for node "test.sentinel_insurance.test_premium_transaction_count"
[0m10:09:49.946380 [debug] [Thread-2 (]: Using snowflake connection "test.sentinel_insurance.test_premium_transaction_count"
[0m10:09:49.947286 [debug] [Thread-2 (]: On test.sentinel_insurance.test_premium_transaction_count: /* {"app": "dbt", "dbt_version": "1.9.10", "profile_name": "ekai_dbt", "target_name": "dev", "node_id": "test.sentinel_insurance.test_premium_transaction_count"} */
select
      count(*) as failures,
      count(*) != 0 as should_warn,
      count(*) != 0 as should_error
    from (
      
    
  -- Test: Premium Transaction Count Reasonableness (Sampled)
-- Validates that active policies have at least one premium transaction
-- Uses sampling to limit performance impact

WITH sampled_active_policies AS (
    SELECT
        POLICY_ID,
        POLICY_NUMBER,
        STATUS
    FROM EKAI.demoModel_18_marts.dim_policies
    WHERE STATUS = 'Active'
    -- Sample 5,000 active policies
    SAMPLE BERNOULLI (5000 ROWS)
),

premium_transaction_count AS (
    SELECT
        p.POLICY_ID,
        p.POLICY_NUMBER,
        p.STATUS,
        COUNT(pp.PREMIUM_ID) AS premium_transaction_count
    FROM sampled_active_policies p
    LEFT JOIN EKAI.demoModel_18_marts.fct_policy_premiums pp ON p.POLICY_ID = pp.POLICY_ID
    GROUP BY p.POLICY_ID, p.POLICY_NUMBER, p.STATUS
),

policies_without_premiums AS (
    SELECT
        POLICY_ID,
        POLICY_NUMBER,
        STATUS,
        premium_transaction_count
    FROM premium_transaction_count
    WHERE premium_transaction_count = 0
)

-- This test will warn if active policies have no premium transactions
SELECT *
FROM policies_without_premiums
  
  
      
    ) dbt_internal_test
[0m10:09:50.052301 [debug] [Thread-2 (]: Snowflake adapter: Snowflake query id: 01c27881-0206-213a-0004-644a0044e04e
[0m10:09:50.053250 [debug] [Thread-2 (]: Snowflake adapter: Snowflake error: 001003 (42000): SQL compilation error:
syntax error line 20 at position 4 unexpected 'SAMPLE'.
syntax error line 20 at position 22 unexpected '5000'.
syntax error line 23 at position 29 unexpected '('.
syntax error line 28 at position 13 unexpected '('.
syntax error line 32 at position 0 unexpected ')'.
[0m10:09:50.058765 [debug] [Thread-2 (]: Database Error in test test_premium_transaction_count (tests/marts/test_premium_transaction_count.sql)
  001003 (42000): SQL compilation error:
  syntax error line 20 at position 4 unexpected 'SAMPLE'.
  syntax error line 20 at position 22 unexpected '5000'.
  syntax error line 23 at position 29 unexpected '('.
  syntax error line 28 at position 13 unexpected '('.
  syntax error line 32 at position 0 unexpected ')'.
  compiled code at target/run/sentinel_insurance/tests/marts/test_premium_transaction_count.sql
[0m10:09:50.059709 [error] [Thread-2 (]: 7 of 9 ERROR test_premium_transaction_count .................................... [[31mERROR[0m in 0.13s]
[0m10:09:50.060638 [debug] [Thread-2 (]: Finished running node test.sentinel_insurance.test_premium_transaction_count
[0m10:09:50.061707 [debug] [Thread-2 (]: Began running node test.sentinel_insurance.test_primary_key_uniqueness_efficient
[0m10:09:50.063091 [debug] [Thread-7 (]: Marking all children of 'test.sentinel_insurance.test_premium_transaction_count' to be skipped because of status 'error'.  Reason: Database Error in test test_premium_transaction_count (tests/marts/test_premium_transaction_count.sql)
  001003 (42000): SQL compilation error:
  syntax error line 20 at position 4 unexpected 'SAMPLE'.
  syntax error line 20 at position 22 unexpected '5000'.
  syntax error line 23 at position 29 unexpected '('.
  syntax error line 28 at position 13 unexpected '('.
  syntax error line 32 at position 0 unexpected ')'.
  compiled code at target/run/sentinel_insurance/tests/marts/test_premium_transaction_count.sql.
[0m10:09:50.062352 [info ] [Thread-2 (]: 8 of 9 START test test_primary_key_uniqueness_efficient ........................ [RUN]
[0m10:09:50.064142 [debug] [Thread-2 (]: Re-using an available connection from the pool (formerly test.sentinel_insurance.test_premium_transaction_count, now test.sentinel_insurance.test_primary_key_uniqueness_efficient)
[0m10:09:50.064807 [debug] [Thread-2 (]: Began compiling node test.sentinel_insurance.test_primary_key_uniqueness_efficient
[0m10:09:50.071767 [debug] [Thread-2 (]: Writing injected SQL for node "test.sentinel_insurance.test_primary_key_uniqueness_efficient"
[0m10:09:50.073590 [debug] [Thread-2 (]: Began executing node test.sentinel_insurance.test_primary_key_uniqueness_efficient
[0m10:09:50.079419 [debug] [Thread-2 (]: Writing runtime sql for node "test.sentinel_insurance.test_primary_key_uniqueness_efficient"
[0m10:09:50.084049 [debug] [Thread-2 (]: Using snowflake connection "test.sentinel_insurance.test_primary_key_uniqueness_efficient"
[0m10:09:50.084952 [debug] [Thread-2 (]: On test.sentinel_insurance.test_primary_key_uniqueness_efficient: /* {"app": "dbt", "dbt_version": "1.9.10", "profile_name": "ekai_dbt", "target_name": "dev", "node_id": "test.sentinel_insurance.test_primary_key_uniqueness_efficient"} */
select
      count(*) as failures,
      count(*) != 0 as should_warn,
      count(*) != 0 as should_error
    from (
      
    
  -- Test: Efficient Primary Key Uniqueness Check using HyperLogLog (Probabilistic)
-- Tests multiple models for PK uniqueness using approximate distinct counts
-- This is more efficient than full scans for large datasets

WITH fct_claims_check AS (
    SELECT
        'fct_claims' AS model_name,
        'CLAIM_ID' AS pk_column,
        COUNT(*) AS total_rows,
        HLL(CLAIM_ID) AS approx_distinct_count
    FROM EKAI.demoModel_18_marts.fct_claims
    HAVING COUNT(*) != HLL(CLAIM_ID)
),

fct_claim_payments_check AS (
    SELECT
        'fct_claim_payments' AS model_name,
        'PAYMENT_ID' AS pk_column,
        COUNT(*) AS total_rows,
        HLL(PAYMENT_ID) AS approx_distinct_count
    FROM EKAI.demoModel_18_marts.fct_claim_payments
    HAVING COUNT(*) != HLL(PAYMENT_ID)
),

fct_policy_premiums_check AS (
    SELECT
        'fct_policy_premiums' AS model_name,
        'PREMIUM_ID' AS pk_column,
        COUNT(*) AS total_rows,
        HLL(PREMIUM_ID) AS approx_distinct_count
    FROM EKAI.demoModel_18_marts.fct_policy_premiums
    HAVING COUNT(*) != HLL(PREMIUM_ID)
),

dim_policies_check AS (
    SELECT
        'dim_policies' AS model_name,
        'POLICY_ID' AS pk_column,
        COUNT(*) AS total_rows,
        HLL(POLICY_ID) AS approx_distinct_count
    FROM EKAI.demoModel_18_marts.dim_policies
    HAVING COUNT(*) != HLL(POLICY_ID)
),

dim_agents_check AS (
    SELECT
        'dim_agents' AS model_name,
        'AGENT_ID' AS pk_column,
        COUNT(*) AS total_rows,
        HLL(AGENT_ID) AS approx_distinct_count
    FROM EKAI.demoModel_18_marts.dim_agents
    HAVING COUNT(*) != HLL(AGENT_ID)
),

dim_agencies_check AS (
    SELECT
        'dim_agencies' AS model_name,
        'AGENCY_ID' AS pk_column,
        COUNT(*) AS total_rows,
        HLL(AGENCY_ID) AS approx_distinct_count
    FROM EKAI.demoModel_18_marts.dim_agencies
    HAVING COUNT(*) != HLL(AGENCY_ID)
),

all_failures AS (
    SELECT * FROM fct_claims_check
    UNION ALL
    SELECT * FROM fct_claim_payments_check
    UNION ALL
    SELECT * FROM fct_policy_premiums_check
    UNION ALL
    SELECT * FROM dim_policies_check
    UNION ALL
    SELECT * FROM dim_agents_check
    UNION ALL
    SELECT * FROM dim_agencies_check
)

-- This test will fail if any model has duplicate primary keys
SELECT *
FROM all_failures
  
  
      
    ) dbt_internal_test
[0m10:09:52.793530 [debug] [Thread-3 (]: SQL status: SUCCESS 1 in 4.677 seconds
[0m10:09:52.797748 [info ] [Thread-3 (]: 3 of 9 PASS test_code_consistency_lob .......................................... [[32mPASS[0m in 4.84s]
[0m10:09:52.798835 [debug] [Thread-3 (]: Finished running node test.sentinel_insurance.test_code_consistency_lob
[0m10:09:52.799822 [debug] [Thread-3 (]: Began running node test.sentinel_insurance.test_value_ranges_sampled
[0m10:09:52.800562 [info ] [Thread-3 (]: 9 of 9 START test test_value_ranges_sampled .................................... [RUN]
[0m10:09:52.801542 [debug] [Thread-3 (]: Re-using an available connection from the pool (formerly test.sentinel_insurance.test_code_consistency_lob, now test.sentinel_insurance.test_value_ranges_sampled)
[0m10:09:52.802244 [debug] [Thread-3 (]: Began compiling node test.sentinel_insurance.test_value_ranges_sampled
[0m10:09:52.812522 [debug] [Thread-3 (]: Writing injected SQL for node "test.sentinel_insurance.test_value_ranges_sampled"
[0m10:09:52.813880 [debug] [Thread-3 (]: Began executing node test.sentinel_insurance.test_value_ranges_sampled
[0m10:09:52.819490 [debug] [Thread-3 (]: Writing runtime sql for node "test.sentinel_insurance.test_value_ranges_sampled"
[0m10:09:52.826713 [debug] [Thread-3 (]: Using snowflake connection "test.sentinel_insurance.test_value_ranges_sampled"
[0m10:09:52.827747 [debug] [Thread-3 (]: On test.sentinel_insurance.test_value_ranges_sampled: /* {"app": "dbt", "dbt_version": "1.9.10", "profile_name": "ekai_dbt", "target_name": "dev", "node_id": "test.sentinel_insurance.test_value_ranges_sampled"} */
select
      count(*) as failures,
      count(*) != 0 as should_warn,
      count(*) != 0 as should_error
    from (
      
    
  -- Test: Comprehensive Value Range Validations (Sampled)
-- Tests multiple value range conditions across models using efficient sampling
-- Covers TOTAL_INCURRED >= 0, TOTAL_PAID >= 0, TOTAL_RESERVE >= 0, etc.

WITH claims_sample AS (
    SELECT
        'fct_claims' AS source_table,
        CLAIM_ID AS record_id,
        'TOTAL_INCURRED' AS failed_column,
        TOTAL_INCURRED AS failed_value
    FROM EKAI.demoModel_18_marts.fct_claims
    SAMPLE BERNOULLI (50000 ROWS)
    WHERE TOTAL_INCURRED < 0

    UNION ALL

    SELECT
        'fct_claims' AS source_table,
        CLAIM_ID AS record_id,
        'TOTAL_PAID' AS failed_column,
        TOTAL_PAID AS failed_value
    FROM EKAI.demoModel_18_marts.fct_claims
    SAMPLE BERNOULLI (50000 ROWS)
    WHERE TOTAL_PAID < 0

    UNION ALL

    SELECT
        'fct_claims' AS source_table,
        CLAIM_ID AS record_id,
        'TOTAL_RESERVE' AS failed_column,
        TOTAL_RESERVE AS failed_value
    FROM EKAI.demoModel_18_marts.fct_claims
    SAMPLE BERNOULLI (50000 ROWS)
    WHERE TOTAL_RESERVE < 0
),

premiums_sample AS (
    SELECT
        'fct_policy_premiums' AS source_table,
        PREMIUM_ID AS record_id,
        'EARNED_PREMIUM' AS failed_column,
        EARNED_PREMIUM AS failed_value
    FROM EKAI.demoModel_18_marts.fct_policy_premiums
    SAMPLE BERNOULLI (50000 ROWS)
    WHERE EARNED_PREMIUM < 0

    UNION ALL

    SELECT
        'fct_policy_premiums' AS source_table,
        PREMIUM_ID AS record_id,
        'WRITTEN_PREMIUM' AS failed_column,
        WRITTEN_PREMIUM AS failed_value
    FROM EKAI.demoModel_18_marts.fct_policy_premiums
    SAMPLE BERNOULLI (50000 ROWS)
    WHERE WRITTEN_PREMIUM < 0

    UNION ALL

    SELECT
        'fct_policy_premiums' AS source_table,
        PREMIUM_ID AS record_id,
        'COMMISSION_AMOUNT' AS failed_column,
        COMMISSION_AMOUNT AS failed_value
    FROM EKAI.demoModel_18_marts.fct_policy_premiums
    SAMPLE BERNOULLI (50000 ROWS)
    WHERE COMMISSION_AMOUNT < 0

    UNION ALL

    SELECT
        'fct_policy_premiums' AS source_table,
        PREMIUM_ID AS record_id,
        'AGENT_NET_REVENUE' AS failed_column,
        AGENT_NET_REVENUE AS failed_value
    FROM EKAI.demoModel_18_marts.fct_policy_premiums
    SAMPLE BERNOULLI (50000 ROWS)
    WHERE AGENT_NET_REVENUE < 0
),

policies_sample AS (
    SELECT
        'dim_policies' AS source_table,
        POLICY_ID AS record_id,
        'ANNUAL_PREMIUM' AS failed_column,
        ANNUAL_PREMIUM AS failed_value
    FROM EKAI.demoModel_18_marts.dim_policies
    SAMPLE BERNOULLI (20000 ROWS)
    WHERE ANNUAL_PREMIUM IS NOT NULL AND ANNUAL_PREMIUM <= 0

    UNION ALL

    SELECT
        'dim_policies' AS source_table,
        POLICY_ID AS record_id,
        'RISK_SCORE' AS failed_column,
        RISK_SCORE AS failed_value
    FROM EKAI.demoModel_18_marts.dim_policies
    SAMPLE BERNOULLI (20000 ROWS)
    WHERE RISK_SCORE IS NOT NULL AND (RISK_SCORE < 1 OR RISK_SCORE > 100)
),

agents_sample AS (
    SELECT
        'dim_agents' AS source_table,
        AGENT_ID AS record_id,
        'COMMISSION_SPLIT' AS failed_column,
        COMMISSION_SPLIT AS failed_value
    FROM EKAI.demoModel_18_marts.dim_agents
    WHERE COMMISSION_SPLIT IS NOT NULL AND (COMMISSION_SPLIT < 0 OR COMMISSION_SPLIT > 1)
),

agencies_sample AS (
    SELECT
        'dim_agencies' AS source_table,
        AGENCY_ID AS record_id,
        'COMMISSION_RATE' AS failed_column,
        COMMISSION_RATE AS failed_value
    FROM EKAI.demoModel_18_marts.dim_agencies
    WHERE COMMISSION_RATE IS NOT NULL AND (COMMISSION_RATE < 0 OR COMMISSION_RATE > 1)
),

all_failures AS (
    SELECT * FROM claims_sample
    UNION ALL
    SELECT * FROM premiums_sample
    UNION ALL
    SELECT * FROM policies_sample
    UNION ALL
    SELECT * FROM agents_sample
    UNION ALL
    SELECT * FROM agencies_sample
)

-- This test will fail if any values are outside expected ranges
SELECT *
FROM all_failures
  
  
      
    ) dbt_internal_test
[0m10:09:52.835964 [debug] [Thread-4 (]: SQL status: SUCCESS 1 in 4.671 seconds
[0m10:09:52.839875 [info ] [Thread-4 (]: 4 of 9 PASS test_code_consistency_state ........................................ [[32mPASS[0m in 4.87s]
[0m10:09:52.841955 [debug] [Thread-4 (]: Finished running node test.sentinel_insurance.test_code_consistency_state
[0m10:09:53.740056 [debug] [Thread-2 (]: SQL status: SUCCESS 1 in 3.654 seconds
[0m10:09:53.742658 [error] [Thread-2 (]: 8 of 9 FAIL 6 test_primary_key_uniqueness_efficient ............................ [[31mFAIL 6[0m in 3.68s]
[0m10:09:53.743426 [debug] [Thread-2 (]: Finished running node test.sentinel_insurance.test_primary_key_uniqueness_efficient
[0m10:09:53.806255 [debug] [Thread-1 (]: SQL status: SUCCESS 1 in 5.359 seconds
[0m10:09:53.810541 [info ] [Thread-1 (]: 6 of 9 PASS test_not_null_critical_fields ...................................... [[32mPASS[0m in 5.39s]
[0m10:09:53.811627 [debug] [Thread-1 (]: Finished running node test.sentinel_insurance.test_not_null_critical_fields
[0m10:09:55.063316 [debug] [Thread-3 (]: SQL status: SUCCESS 1 in 2.235 seconds
[0m10:09:55.067094 [error] [Thread-3 (]: 9 of 9 FAIL 72272 test_value_ranges_sampled .................................... [[31mFAIL 72272[0m in 2.27s]
[0m10:09:55.068157 [debug] [Thread-3 (]: Finished running node test.sentinel_insurance.test_value_ranges_sampled
[0m10:09:55.070794 [debug] [MainThread]: Connection 'master' was properly closed.
[0m10:09:55.071455 [debug] [MainThread]: Connection 'test.sentinel_insurance.test_primary_key_uniqueness_efficient' was left open.
[0m10:09:55.072024 [debug] [MainThread]: On test.sentinel_insurance.test_primary_key_uniqueness_efficient: Close
[0m10:09:55.148233 [debug] [MainThread]: Connection 'test.sentinel_insurance.test_not_null_critical_fields' was left open.
[0m10:09:55.150999 [debug] [MainThread]: On test.sentinel_insurance.test_not_null_critical_fields: Close
[0m10:09:55.207946 [debug] [MainThread]: Connection 'test.sentinel_insurance.test_value_ranges_sampled' was left open.
[0m10:09:55.208797 [debug] [MainThread]: On test.sentinel_insurance.test_value_ranges_sampled: Close
[0m10:09:55.267158 [debug] [MainThread]: Connection 'test.sentinel_insurance.test_code_consistency_state' was left open.
[0m10:09:55.267959 [debug] [MainThread]: On test.sentinel_insurance.test_code_consistency_state: Close
[0m10:09:55.329006 [info ] [MainThread]: 
[0m10:09:55.329818 [info ] [MainThread]: Finished running 9 data tests in 0 hours 0 minutes and 10.61 seconds (10.61s).
[0m10:09:55.332468 [debug] [MainThread]: Command end result
[0m10:09:55.422666 [debug] [MainThread]: Wrote artifact WritableManifest to /app/workspaces/18/target/manifest.json
[0m10:09:55.426104 [debug] [MainThread]: Wrote artifact SemanticManifest to /app/workspaces/18/target/semantic_manifest.json
[0m10:09:55.436406 [debug] [MainThread]: Wrote artifact RunExecutionResult to /app/workspaces/18/target/run_results.json
[0m10:09:55.437222 [info ] [MainThread]: 
[0m10:09:55.438519 [info ] [MainThread]: [31mCompleted with 5 errors, 0 partial successes, and 0 warnings:[0m
[0m10:09:55.439146 [info ] [MainThread]: 
[0m10:09:55.439800 [error] [MainThread]:   Database Error in test test_agent_net_revenue_calculation (tests/marts/test_agent_net_revenue_calculation.sql)
  001003 (42000): SQL compilation error:
  syntax error line 21 at position 51 unexpected 'ON'.
  syntax error line 26 at position 0 unexpected ')'.
  compiled code at target/run/sentinel_insurance/tests/marts/test_agent_net_revenue_calculation.sql
[0m10:09:55.440356 [info ] [MainThread]: 
[0m10:09:55.441019 [error] [MainThread]:   Database Error in test test_loss_ratio_reasonableness (tests/marts/test_loss_ratio_reasonableness.sql)
  001003 (42000): SQL compilation error:
  syntax error line 20 at position 4 unexpected 'WHERE'.
  syntax error line 23 at position 20 unexpected '('.
  syntax error line 28 at position 11 unexpected '('.
  syntax error line 33 at position 0 unexpected ')'.
  compiled code at target/run/sentinel_insurance/tests/marts/test_loss_ratio_reasonableness.sql
[0m10:09:55.441553 [info ] [MainThread]: 
[0m10:09:55.442146 [error] [MainThread]:   Database Error in test test_premium_transaction_count (tests/marts/test_premium_transaction_count.sql)
  001003 (42000): SQL compilation error:
  syntax error line 20 at position 4 unexpected 'SAMPLE'.
  syntax error line 20 at position 22 unexpected '5000'.
  syntax error line 23 at position 29 unexpected '('.
  syntax error line 28 at position 13 unexpected '('.
  syntax error line 32 at position 0 unexpected ')'.
  compiled code at target/run/sentinel_insurance/tests/marts/test_premium_transaction_count.sql
[0m10:09:55.442665 [info ] [MainThread]: 
[0m10:09:55.443253 [error] [MainThread]: [31mFailure in test test_primary_key_uniqueness_efficient (tests/marts/test_primary_key_uniqueness_efficient.sql)[0m
[0m10:09:55.443828 [error] [MainThread]:   Got 6 results, configured to fail if != 0
[0m10:09:55.444311 [info ] [MainThread]: 
[0m10:09:55.444945 [info ] [MainThread]:   compiled code at target/compiled/sentinel_insurance/tests/marts/test_primary_key_uniqueness_efficient.sql
[0m10:09:55.445512 [info ] [MainThread]: 
[0m10:09:55.446155 [error] [MainThread]: [31mFailure in test test_value_ranges_sampled (tests/marts/test_value_ranges_sampled.sql)[0m
[0m10:09:55.446767 [error] [MainThread]:   Got 72272 results, configured to fail if != 0
[0m10:09:55.447293 [info ] [MainThread]: 
[0m10:09:55.447946 [info ] [MainThread]:   compiled code at target/compiled/sentinel_insurance/tests/marts/test_value_ranges_sampled.sql
[0m10:09:55.448495 [info ] [MainThread]: 
[0m10:09:55.449099 [info ] [MainThread]: Done. PASS=4 WARN=0 ERROR=5 SKIP=0 TOTAL=9
[0m10:09:55.450459 [debug] [MainThread]: Resource report: {"command_name": "test", "command_success": false, "command_wall_clock_time": 16.214539, "process_in_blocks": "824", "process_kernel_time": 0.463811, "process_mem_max_rss": "278052", "process_out_blocks": "3952", "process_user_time": 11.084847}
[0m10:09:55.451252 [debug] [MainThread]: Command `dbt test` failed at 10:09:55.451135 after 16.22 seconds
[0m10:09:55.451906 [debug] [MainThread]: Sending event: {'category': 'dbt', 'action': 'invocation', 'label': 'end', 'context': [<snowplow_tracker.self_describing_json.SelfDescribingJson object at 0x7f796942baa0>, <snowplow_tracker.self_describing_json.SelfDescribingJson object at 0x7f79657bdac0>, <snowplow_tracker.self_describing_json.SelfDescribingJson object at 0x7f794daf54f0>]}
[0m10:09:55.452555 [debug] [MainThread]: Flushing usage events
[0m10:09:55.492099 [debug] [MainThread]: An error was encountered while trying to flush usage events
[0m10:10:49.766557 [debug] [MainThread]: Sending event: {'category': 'dbt', 'action': 'invocation', 'label': 'start', 'context': [<snowplow_tracker.self_describing_json.SelfDescribingJson object at 0x7f6a286cbe00>, <snowplow_tracker.self_describing_json.SelfDescribingJson object at 0x7f6a27d3f3e0>, <snowplow_tracker.self_describing_json.SelfDescribingJson object at 0x7f6a27d3c530>]}


============================== 10:10:49.833970 | 14168826-733c-422e-baca-4b1dab1dab9c ==============================
[0m10:10:49.833970 [info ] [MainThread]: Running with dbt=1.9.10
[0m10:10:49.834908 [debug] [MainThread]: running dbt with arguments {'target_path': 'None', 'partial_parse': 'True', 'log_cache_events': 'False', 'warn_error': 'None', 'send_anonymous_usage_stats': 'True', 'debug': 'False', 'cache_selected_only': 'False', 'log_format': 'default', 'quiet': 'False', 'empty': 'None', 'version_check': 'True', 'printer_width': '80', 'log_path': '/app/workspaces/18/logs', 'fail_fast': 'False', 'indirect_selection': 'eager', 'write_json': 'True', 'profiles_dir': '/app/workspaces/18', 'use_colors': 'True', 'static_parser': 'True', 'introspect': 'True', 'use_experimental_parser': 'False', 'warn_error_options': 'WarnErrorOptions(include=[], exclude=[])', 'no_print': 'None', 'invocation_command': 'dbt test'}
[0m10:10:54.043828 [debug] [MainThread]: Sending event: {'category': 'dbt', 'action': 'project_id', 'label': '14168826-733c-422e-baca-4b1dab1dab9c', 'context': [<snowplow_tracker.self_describing_json.SelfDescribingJson object at 0x7f6a27965a30>]}
[0m10:10:54.175993 [debug] [MainThread]: Sending event: {'category': 'dbt', 'action': 'adapter_info', 'label': '14168826-733c-422e-baca-4b1dab1dab9c', 'context': [<snowplow_tracker.self_describing_json.SelfDescribingJson object at 0x7f6a11665850>]}
[0m10:10:54.177402 [info ] [MainThread]: Registered adapter: snowflake=1.9.4
[0m10:10:54.521032 [debug] [MainThread]: checksum: c40cca0353c9a9b4dbd2a57cdc3e2440f5c9a71a795694b25a51e704baaf554e, vars: {}, profile: , target: , version: 1.9.10
[0m10:10:54.801297 [debug] [MainThread]: Partial parsing enabled: 0 files deleted, 0 files added, 3 files changed.
[0m10:10:54.802562 [debug] [MainThread]: Partial parsing: updated file: sentinel_insurance://tests/marts/test_premium_transaction_count.sql
[0m10:10:54.803292 [debug] [MainThread]: Partial parsing: updated file: sentinel_insurance://tests/marts/test_loss_ratio_reasonableness.sql
[0m10:10:54.803938 [debug] [MainThread]: Partial parsing: updated file: sentinel_insurance://tests/marts/test_agent_net_revenue_calculation.sql
[0m10:10:55.220083 [debug] [MainThread]: Sending event: {'category': 'dbt', 'action': 'load_project', 'label': '14168826-733c-422e-baca-4b1dab1dab9c', 'context': [<snowplow_tracker.self_describing_json.SelfDescribingJson object at 0x7f6a10e94620>]}
[0m10:10:55.505640 [debug] [MainThread]: Wrote artifact WritableManifest to /app/workspaces/18/target/manifest.json
[0m10:10:55.509086 [debug] [MainThread]: Wrote artifact SemanticManifest to /app/workspaces/18/target/semantic_manifest.json
[0m10:10:55.792631 [debug] [MainThread]: Sending event: {'category': 'dbt', 'action': 'resource_counts', 'label': '14168826-733c-422e-baca-4b1dab1dab9c', 'context': [<snowplow_tracker.self_describing_json.SelfDescribingJson object at 0x7f6a10d06690>]}
[0m10:10:55.794149 [info ] [MainThread]: Found 22 models, 9 data tests, 12 sources, 616 macros
[0m10:10:55.794843 [debug] [MainThread]: Sending event: {'category': 'dbt', 'action': 'runnable_timing', 'label': '14168826-733c-422e-baca-4b1dab1dab9c', 'context': [<snowplow_tracker.self_describing_json.SelfDescribingJson object at 0x7f6a10b726f0>]}
[0m10:10:55.799147 [info ] [MainThread]: 
[0m10:10:55.799859 [info ] [MainThread]: Concurrency: 4 threads (target='dev')
[0m10:10:55.800415 [info ] [MainThread]: 
[0m10:10:55.801449 [debug] [MainThread]: Acquiring new snowflake connection 'master'
[0m10:10:55.810052 [debug] [ThreadPool]: Acquiring new snowflake connection 'list_EKAI_demoModel_18_staging'
[0m10:10:55.832582 [debug] [ThreadPool]: Acquiring new snowflake connection 'list_EKAI_demoModel_18_marts'
[0m10:10:55.913134 [debug] [ThreadPool]: Using snowflake connection "list_EKAI_demoModel_18_staging"
[0m10:10:55.913918 [debug] [ThreadPool]: On list_EKAI_demoModel_18_staging: /* {"app": "dbt", "dbt_version": "1.9.10", "profile_name": "ekai_dbt", "target_name": "dev", "connection_name": "list_EKAI_demoModel_18_staging"} */
alter session set quoted_identifiers_ignore_case = false;
[0m10:10:55.914482 [debug] [ThreadPool]: Opening a new connection, currently in state init
[0m10:10:55.947864 [debug] [ThreadPool]: Using snowflake connection "list_EKAI_demoModel_18_marts"
[0m10:10:55.948669 [debug] [ThreadPool]: On list_EKAI_demoModel_18_marts: /* {"app": "dbt", "dbt_version": "1.9.10", "profile_name": "ekai_dbt", "target_name": "dev", "connection_name": "list_EKAI_demoModel_18_marts"} */
alter session set quoted_identifiers_ignore_case = false;
[0m10:10:55.949292 [debug] [ThreadPool]: Opening a new connection, currently in state init
[0m10:10:58.593845 [debug] [ThreadPool]: SQL status: SUCCESS 1 in 2.644 seconds
[0m10:10:58.600896 [debug] [ThreadPool]: Using snowflake connection "list_EKAI_demoModel_18_marts"
[0m10:10:58.601629 [debug] [ThreadPool]: On list_EKAI_demoModel_18_marts: /* {"app": "dbt", "dbt_version": "1.9.10", "profile_name": "ekai_dbt", "target_name": "dev", "connection_name": "list_EKAI_demoModel_18_marts"} */
show objects in EKAI.demoModel_18_marts
    limit 10000
    
;
[0m10:10:58.613615 [debug] [ThreadPool]: SQL status: SUCCESS 1 in 2.699 seconds
[0m10:10:58.619517 [debug] [ThreadPool]: Using snowflake connection "list_EKAI_demoModel_18_staging"
[0m10:10:58.620278 [debug] [ThreadPool]: On list_EKAI_demoModel_18_staging: /* {"app": "dbt", "dbt_version": "1.9.10", "profile_name": "ekai_dbt", "target_name": "dev", "connection_name": "list_EKAI_demoModel_18_staging"} */
show objects in EKAI.demoModel_18_staging
    limit 10000
    
;
[0m10:10:58.780498 [debug] [ThreadPool]: SQL status: SUCCESS 10 in 0.178 seconds
[0m10:10:58.783678 [debug] [ThreadPool]: Using snowflake connection "list_EKAI_demoModel_18_marts"
[0m10:10:58.784123 [debug] [ThreadPool]: On list_EKAI_demoModel_18_marts: /* {"app": "dbt", "dbt_version": "1.9.10", "profile_name": "ekai_dbt", "target_name": "dev", "connection_name": "list_EKAI_demoModel_18_marts"} */
alter session unset quoted_identifiers_ignore_case;
[0m10:10:58.832698 [debug] [ThreadPool]: SQL status: SUCCESS 12 in 0.212 seconds
[0m10:10:58.844260 [debug] [ThreadPool]: Using snowflake connection "list_EKAI_demoModel_18_staging"
[0m10:10:58.844995 [debug] [ThreadPool]: On list_EKAI_demoModel_18_staging: /* {"app": "dbt", "dbt_version": "1.9.10", "profile_name": "ekai_dbt", "target_name": "dev", "connection_name": "list_EKAI_demoModel_18_staging"} */
alter session unset quoted_identifiers_ignore_case;
[0m10:10:58.880672 [debug] [ThreadPool]: SQL status: SUCCESS 1 in 0.096 seconds
[0m10:10:58.958921 [debug] [ThreadPool]: SQL status: SUCCESS 1 in 0.113 seconds
[0m10:10:58.964754 [debug] [MainThread]: Sending event: {'category': 'dbt', 'action': 'runnable_timing', 'label': '14168826-733c-422e-baca-4b1dab1dab9c', 'context': [<snowplow_tracker.self_describing_json.SelfDescribingJson object at 0x7f6a10cdb200>]}
[0m10:10:58.971401 [debug] [Thread-1 (]: Began running node test.sentinel_insurance.test_agent_net_revenue_calculation
[0m10:10:58.972213 [info ] [Thread-1 (]: 1 of 9 START test test_agent_net_revenue_calculation ........................... [RUN]
[0m10:10:58.973290 [debug] [Thread-1 (]: Re-using an available connection from the pool (formerly list_EKAI_demoModel_18_staging, now test.sentinel_insurance.test_agent_net_revenue_calculation)
[0m10:10:58.973990 [debug] [Thread-1 (]: Began compiling node test.sentinel_insurance.test_agent_net_revenue_calculation
[0m10:10:58.983255 [debug] [Thread-2 (]: Began running node test.sentinel_insurance.test_code_consistency_cause
[0m10:10:58.984057 [info ] [Thread-2 (]: 2 of 9 START test test_code_consistency_cause .................................. [RUN]
[0m10:10:58.985107 [debug] [Thread-2 (]: Re-using an available connection from the pool (formerly list_EKAI_demoModel_18_marts, now test.sentinel_insurance.test_code_consistency_cause)
[0m10:10:58.985918 [debug] [Thread-2 (]: Began compiling node test.sentinel_insurance.test_code_consistency_cause
[0m10:10:58.991417 [debug] [Thread-2 (]: Writing injected SQL for node "test.sentinel_insurance.test_code_consistency_cause"
[0m10:10:58.992486 [debug] [Thread-2 (]: Began executing node test.sentinel_insurance.test_code_consistency_cause
[0m10:10:59.001289 [debug] [Thread-3 (]: Began running node test.sentinel_insurance.test_code_consistency_lob
[0m10:10:59.002095 [info ] [Thread-3 (]: 3 of 9 START test test_code_consistency_lob .................................... [RUN]
[0m10:10:59.002951 [debug] [Thread-3 (]: Acquiring new snowflake connection 'test.sentinel_insurance.test_code_consistency_lob'
[0m10:10:59.003562 [debug] [Thread-3 (]: Began compiling node test.sentinel_insurance.test_code_consistency_lob
[0m10:10:59.022223 [debug] [Thread-1 (]: Writing injected SQL for node "test.sentinel_insurance.test_agent_net_revenue_calculation"
[0m10:10:59.023372 [debug] [Thread-1 (]: Began executing node test.sentinel_insurance.test_agent_net_revenue_calculation
[0m10:10:59.030965 [debug] [Thread-4 (]: Began running node test.sentinel_insurance.test_code_consistency_state
[0m10:10:59.031797 [info ] [Thread-4 (]: 4 of 9 START test test_code_consistency_state .................................. [RUN]
[0m10:10:59.032681 [debug] [Thread-4 (]: Acquiring new snowflake connection 'test.sentinel_insurance.test_code_consistency_state'
[0m10:10:59.033705 [debug] [Thread-4 (]: Began compiling node test.sentinel_insurance.test_code_consistency_state
[0m10:10:59.039296 [debug] [Thread-4 (]: Writing injected SQL for node "test.sentinel_insurance.test_code_consistency_state"
[0m10:10:59.040304 [debug] [Thread-4 (]: Began executing node test.sentinel_insurance.test_code_consistency_state
[0m10:10:59.009572 [debug] [Thread-3 (]: Writing injected SQL for node "test.sentinel_insurance.test_code_consistency_lob"
[0m10:10:59.074584 [debug] [Thread-3 (]: Began executing node test.sentinel_insurance.test_code_consistency_lob
[0m10:10:59.094862 [debug] [Thread-2 (]: Writing runtime sql for node "test.sentinel_insurance.test_code_consistency_cause"
[0m10:10:59.097382 [debug] [Thread-2 (]: Using snowflake connection "test.sentinel_insurance.test_code_consistency_cause"
[0m10:10:59.098210 [debug] [Thread-2 (]: On test.sentinel_insurance.test_code_consistency_cause: /* {"app": "dbt", "dbt_version": "1.9.10", "profile_name": "ekai_dbt", "target_name": "dev", "node_id": "test.sentinel_insurance.test_code_consistency_cause"} */
select
      count(*) as failures,
      count(*) != 0 as should_warn,
      count(*) != 0 as should_error
    from (
      
    
  -- Test: CAUSE_CODE Consistency Validation
-- Ensures all CAUSE_CODE values in fct_claims exist in dim_cause_of_loss
-- Uses efficient sampling approach

WITH cause_reference AS (
    SELECT DISTINCT CAUSE_CODE
    FROM EKAI.demoModel_18_marts.dim_cause_of_loss
),

-- Sample from fct_claims (limit to 100k rows)
claims_cause AS (
    SELECT DISTINCT
        CAUSE_CODE
    FROM EKAI.demoModel_18_marts.fct_claims
    SAMPLE BERNOULLI (100000 ROWS)
    WHERE CAUSE_CODE IS NOT NULL
),

orphaned_cause_codes AS (
    SELECT
        'fct_claims' AS source_table,
        c.CAUSE_CODE
    FROM claims_cause c
    LEFT JOIN cause_reference r ON c.CAUSE_CODE = r.CAUSE_CODE
    WHERE r.CAUSE_CODE IS NULL
)

-- This test will warn if any cause codes don't exist in reference table
SELECT *
FROM orphaned_cause_codes
  
  
      
    ) dbt_internal_test
[0m10:10:59.103669 [debug] [Thread-1 (]: Writing runtime sql for node "test.sentinel_insurance.test_agent_net_revenue_calculation"
[0m10:10:59.106993 [debug] [Thread-1 (]: Using snowflake connection "test.sentinel_insurance.test_agent_net_revenue_calculation"
[0m10:10:59.107836 [debug] [Thread-1 (]: On test.sentinel_insurance.test_agent_net_revenue_calculation: /* {"app": "dbt", "dbt_version": "1.9.10", "profile_name": "ekai_dbt", "target_name": "dev", "node_id": "test.sentinel_insurance.test_agent_net_revenue_calculation"} */
select
      count(*) as failures,
      count(*) != 0 as should_warn,
      count(*) != 0 as should_error
    from (
      
    
  -- Test: Agent Net Revenue Calculation Validation (Sampled)
-- Validates AGENT_NET_REVENUE = COMMISSION_AMOUNT × COMMISSION_SPLIT
-- Uses sampling to limit scan to ~10,000 rows for efficiency

WITH sampled_premiums AS (
    SELECT
        pp.PREMIUM_ID,
        pp.COMMISSION_AMOUNT,
        pp.AGENT_NET_REVENUE,
        p.AGENT_ID,
        a.COMMISSION_SPLIT
    FROM EKAI.demoModel_18_marts.fct_policy_premiums pp
    LEFT JOIN EKAI.demoModel_18_marts.dim_policies p ON pp.POLICY_ID = p.POLICY_ID
    LEFT JOIN EKAI.demoModel_18_marts.dim_agents a ON p.AGENT_ID = a.AGENT_ID
    WHERE pp.COMMISSION_AMOUNT IS NOT NULL
        AND pp.AGENT_NET_REVENUE IS NOT NULL
    -- Efficient sampling using QUALIFY clause
    QUALIFY ROW_NUMBER() OVER (ORDER BY RANDOM()) <= 10000
),

failed_calculations AS (
    SELECT
        PREMIUM_ID,
        COMMISSION_AMOUNT,
        COMMISSION_SPLIT,
        AGENT_NET_REVENUE,
        COMMISSION_AMOUNT * COALESCE(COMMISSION_SPLIT, 0) AS expected_agent_net_revenue,
        ABS(AGENT_NET_REVENUE - (COMMISSION_AMOUNT * COALESCE(COMMISSION_SPLIT, 0))) AS difference
    FROM sampled_premiums
    WHERE ABS(AGENT_NET_REVENUE - (COMMISSION_AMOUNT * COALESCE(COMMISSION_SPLIT, 0))) >= 0.01
)

-- This test will fail if any sampled records have incorrect calculations
SELECT *
FROM failed_calculations
  
  
      
    ) dbt_internal_test
[0m10:10:59.141464 [debug] [Thread-4 (]: Writing runtime sql for node "test.sentinel_insurance.test_code_consistency_state"
[0m10:10:59.144482 [debug] [Thread-4 (]: Using snowflake connection "test.sentinel_insurance.test_code_consistency_state"
[0m10:10:59.145322 [debug] [Thread-4 (]: On test.sentinel_insurance.test_code_consistency_state: /* {"app": "dbt", "dbt_version": "1.9.10", "profile_name": "ekai_dbt", "target_name": "dev", "node_id": "test.sentinel_insurance.test_code_consistency_state"} */
select
      count(*) as failures,
      count(*) != 0 as should_warn,
      count(*) != 0 as should_error
    from (
      
    
  -- Test: STATE_CODE Consistency Validation
-- Ensures all STATE_CODE values in dim tables exist in dim_states
-- Uses efficient sampling approach

WITH state_reference AS (
    SELECT DISTINCT STATE_CODE
    FROM EKAI.demoModel_18_marts.dim_states
),

-- Sample from dim_policies (limit to 50k rows)
policies_state AS (
    SELECT DISTINCT
        'dim_policies' AS source_table,
        STATE_CODE
    FROM EKAI.demoModel_18_marts.dim_policies
    SAMPLE BERNOULLI (50000 ROWS)
    WHERE STATE_CODE IS NOT NULL
),

-- Sample from dim_agencies (typically small, no sampling needed)
agencies_state AS (
    SELECT DISTINCT
        'dim_agencies' AS source_table,
        STATE_CODE
    FROM EKAI.demoModel_18_marts.dim_agencies
    WHERE STATE_CODE IS NOT NULL
),

all_state_codes AS (
    SELECT * FROM policies_state
    UNION ALL
    SELECT * FROM agencies_state
),

orphaned_state_codes AS (
    SELECT
        a.source_table,
        a.STATE_CODE
    FROM all_state_codes a
    LEFT JOIN state_reference r ON a.STATE_CODE = r.STATE_CODE
    WHERE r.STATE_CODE IS NULL
        AND a.STATE_CODE != 'Unclassified'  -- Allow 'Unclassified' as per BRD
)

-- This test will warn if any state codes don't exist in reference table
SELECT *
FROM orphaned_state_codes
  
  
      
    ) dbt_internal_test
[0m10:10:59.146021 [debug] [Thread-4 (]: Opening a new connection, currently in state init
[0m10:10:59.150121 [debug] [Thread-3 (]: Writing runtime sql for node "test.sentinel_insurance.test_code_consistency_lob"
[0m10:10:59.153139 [debug] [Thread-3 (]: Using snowflake connection "test.sentinel_insurance.test_code_consistency_lob"
[0m10:10:59.153920 [debug] [Thread-3 (]: On test.sentinel_insurance.test_code_consistency_lob: /* {"app": "dbt", "dbt_version": "1.9.10", "profile_name": "ekai_dbt", "target_name": "dev", "node_id": "test.sentinel_insurance.test_code_consistency_lob"} */
select
      count(*) as failures,
      count(*) != 0 as should_warn,
      count(*) != 0 as should_error
    from (
      
    
  -- Test: LOB_CODE Consistency Validation
-- Ensures all LOB_CODE values in fact/dim tables exist in dim_line_of_business
-- Uses efficient LEFT JOIN approach with sampling

WITH lob_reference AS (
    SELECT DISTINCT LOB_CODE
    FROM EKAI.demoModel_18_marts.dim_line_of_business
),

-- Sample from fct_claims (limit to 100k rows)
claims_lob AS (
    SELECT DISTINCT
        'fct_claims' AS source_table,
        LOB_CODE
    FROM EKAI.demoModel_18_marts.fct_claims
    SAMPLE BERNOULLI (100000 ROWS)
    WHERE LOB_CODE IS NOT NULL
),

-- Sample from dim_policies (limit to 50k rows)
policies_lob AS (
    SELECT DISTINCT
        'dim_policies' AS source_table,
        LOB_CODE
    FROM EKAI.demoModel_18_marts.dim_policies
    SAMPLE BERNOULLI (50000 ROWS)
    WHERE LOB_CODE IS NOT NULL
),

all_lob_codes AS (
    SELECT * FROM claims_lob
    UNION ALL
    SELECT * FROM policies_lob
),

orphaned_lob_codes AS (
    SELECT
        a.source_table,
        a.LOB_CODE
    FROM all_lob_codes a
    LEFT JOIN lob_reference r ON a.LOB_CODE = r.LOB_CODE
    WHERE r.LOB_CODE IS NULL
        AND a.LOB_CODE != 'Unclassified'  -- Allow 'Unclassified' as per BRD
)

-- This test will warn if any LOB codes don't exist in reference table
SELECT *
FROM orphaned_lob_codes
  
  
      
    ) dbt_internal_test
[0m10:10:59.154607 [debug] [Thread-3 (]: Opening a new connection, currently in state init
[0m10:10:59.541665 [debug] [Thread-2 (]: SQL status: SUCCESS 1 in 0.443 seconds
[0m10:10:59.563186 [info ] [Thread-2 (]: 2 of 9 PASS test_code_consistency_cause ........................................ [[32mPASS[0m in 0.58s]
[0m10:10:59.564318 [debug] [Thread-2 (]: Finished running node test.sentinel_insurance.test_code_consistency_cause
[0m10:10:59.565542 [debug] [Thread-2 (]: Began running node test.sentinel_insurance.test_loss_ratio_reasonableness
[0m10:10:59.566171 [info ] [Thread-2 (]: 5 of 9 START test test_loss_ratio_reasonableness ............................... [RUN]
[0m10:10:59.566887 [debug] [Thread-2 (]: Re-using an available connection from the pool (formerly test.sentinel_insurance.test_code_consistency_cause, now test.sentinel_insurance.test_loss_ratio_reasonableness)
[0m10:10:59.567517 [debug] [Thread-2 (]: Began compiling node test.sentinel_insurance.test_loss_ratio_reasonableness
[0m10:10:59.573967 [debug] [Thread-2 (]: Writing injected SQL for node "test.sentinel_insurance.test_loss_ratio_reasonableness"
[0m10:10:59.575216 [debug] [Thread-2 (]: Began executing node test.sentinel_insurance.test_loss_ratio_reasonableness
[0m10:10:59.580732 [debug] [Thread-2 (]: Writing runtime sql for node "test.sentinel_insurance.test_loss_ratio_reasonableness"
[0m10:10:59.585241 [debug] [Thread-2 (]: Using snowflake connection "test.sentinel_insurance.test_loss_ratio_reasonableness"
[0m10:10:59.586072 [debug] [Thread-2 (]: On test.sentinel_insurance.test_loss_ratio_reasonableness: /* {"app": "dbt", "dbt_version": "1.9.10", "profile_name": "ekai_dbt", "target_name": "dev", "node_id": "test.sentinel_insurance.test_loss_ratio_reasonableness"} */
select
      count(*) as failures,
      count(*) != 0 as should_warn,
      count(*) != 0 as should_error
    from (
      
    
  -- Test: Loss Ratio Reasonableness Check (Cross-Model Consistency)
-- Validates that Loss Ratio (Total Incurred / Earned Premium) is between 0 and 2 (200%)
-- Uses stratified sampling by LOB_CODE for efficiency and representation

WITH sampled_claims AS (
    -- Stratified sample: 10k rows per LOB (if available)
    SELECT
        POLICY_ID,
        LOB_CODE,
        TOTAL_INCURRED
    FROM EKAI.demoModel_18_marts.fct_claims
    QUALIFY ROW_NUMBER() OVER (PARTITION BY LOB_CODE ORDER BY RANDOM()) <= 10000
    WHERE TOTAL_INCURRED IS NOT NULL
),

sampled_premiums AS (
    -- Stratified sample: Match policies from claims
    SELECT
        p.POLICY_ID,
        p.LOB_CODE,
        SUM(pp.EARNED_PREMIUM) AS TOTAL_EARNED_PREMIUM
    FROM EKAI.demoModel_18_marts.dim_policies p
    INNER JOIN EKAI.demoModel_18_marts.fct_policy_premiums pp ON p.POLICY_ID = pp.POLICY_ID
    WHERE pp.EARNED_PREMIUM IS NOT NULL
    GROUP BY p.POLICY_ID, p.LOB_CODE
),

lob_aggregates AS (
    SELECT
        COALESCE(c.LOB_CODE, p.LOB_CODE) AS LOB_CODE,
        SUM(c.TOTAL_INCURRED) AS TOTAL_INCURRED,
        SUM(p.TOTAL_EARNED_PREMIUM) AS TOTAL_EARNED_PREMIUM
    FROM sampled_claims c
    FULL OUTER JOIN sampled_premiums p ON c.POLICY_ID = p.POLICY_ID
    GROUP BY COALESCE(c.LOB_CODE, p.LOB_CODE)
),

loss_ratio_check AS (
    SELECT
        LOB_CODE,
        TOTAL_INCURRED,
        TOTAL_EARNED_PREMIUM,
        CASE
            WHEN TOTAL_EARNED_PREMIUM = 0 OR TOTAL_EARNED_PREMIUM IS NULL THEN NULL
            ELSE TOTAL_INCURRED / TOTAL_EARNED_PREMIUM
        END AS LOSS_RATIO
    FROM lob_aggregates
),

failed_checks AS (
    SELECT
        LOB_CODE,
        TOTAL_INCURRED,
        TOTAL_EARNED_PREMIUM,
        LOSS_RATIO
    FROM loss_ratio_check
    WHERE LOSS_RATIO IS NOT NULL
        AND (LOSS_RATIO < 0 OR LOSS_RATIO > 2)
)

-- This test will warn if loss ratio is outside reasonable bounds
SELECT *
FROM failed_checks
  
  
      
    ) dbt_internal_test
[0m10:10:59.677173 [debug] [Thread-2 (]: Snowflake adapter: Snowflake query id: 01c27882-0206-20b8-0004-644a004487ee
[0m10:10:59.678158 [debug] [Thread-2 (]: Snowflake adapter: Snowflake error: 001003 (42000): SQL compilation error:
syntax error line 20 at position 4 unexpected 'WHERE'.
syntax error line 23 at position 20 unexpected '('.
syntax error line 28 at position 11 unexpected '('.
syntax error line 33 at position 0 unexpected ')'.
[0m10:10:59.689663 [debug] [Thread-2 (]: Database Error in test test_loss_ratio_reasonableness (tests/marts/test_loss_ratio_reasonableness.sql)
  001003 (42000): SQL compilation error:
  syntax error line 20 at position 4 unexpected 'WHERE'.
  syntax error line 23 at position 20 unexpected '('.
  syntax error line 28 at position 11 unexpected '('.
  syntax error line 33 at position 0 unexpected ')'.
  compiled code at target/run/sentinel_insurance/tests/marts/test_loss_ratio_reasonableness.sql
[0m10:10:59.690835 [error] [Thread-2 (]: 5 of 9 ERROR test_loss_ratio_reasonableness .................................... [[31mERROR[0m in 0.12s]
[0m10:10:59.691860 [debug] [Thread-2 (]: Finished running node test.sentinel_insurance.test_loss_ratio_reasonableness
[0m10:10:59.692627 [debug] [Thread-2 (]: Began running node test.sentinel_insurance.test_not_null_critical_fields
[0m10:10:59.693341 [info ] [Thread-2 (]: 6 of 9 START test test_not_null_critical_fields ................................ [RUN]
[0m10:10:59.697935 [debug] [Thread-2 (]: Re-using an available connection from the pool (formerly test.sentinel_insurance.test_loss_ratio_reasonableness, now test.sentinel_insurance.test_not_null_critical_fields)
[0m10:10:59.698678 [debug] [Thread-2 (]: Began compiling node test.sentinel_insurance.test_not_null_critical_fields
[0m10:10:59.706460 [debug] [Thread-7 (]: Marking all children of 'test.sentinel_insurance.test_loss_ratio_reasonableness' to be skipped because of status 'error'.  Reason: Database Error in test test_loss_ratio_reasonableness (tests/marts/test_loss_ratio_reasonableness.sql)
  001003 (42000): SQL compilation error:
  syntax error line 20 at position 4 unexpected 'WHERE'.
  syntax error line 23 at position 20 unexpected '('.
  syntax error line 28 at position 11 unexpected '('.
  syntax error line 33 at position 0 unexpected ')'.
  compiled code at target/run/sentinel_insurance/tests/marts/test_loss_ratio_reasonableness.sql.
[0m10:10:59.713791 [debug] [Thread-2 (]: Writing injected SQL for node "test.sentinel_insurance.test_not_null_critical_fields"
[0m10:10:59.714834 [debug] [Thread-2 (]: Began executing node test.sentinel_insurance.test_not_null_critical_fields
[0m10:10:59.720625 [debug] [Thread-2 (]: Writing runtime sql for node "test.sentinel_insurance.test_not_null_critical_fields"
[0m10:10:59.731430 [debug] [Thread-2 (]: Using snowflake connection "test.sentinel_insurance.test_not_null_critical_fields"
[0m10:10:59.732602 [debug] [Thread-2 (]: On test.sentinel_insurance.test_not_null_critical_fields: /* {"app": "dbt", "dbt_version": "1.9.10", "profile_name": "ekai_dbt", "target_name": "dev", "node_id": "test.sentinel_insurance.test_not_null_critical_fields"} */
select
      count(*) as failures,
      count(*) != 0 as should_warn,
      count(*) != 0 as should_error
    from (
      
    
  -- Test: Critical NOT NULL Validations (Efficient Sampling)
-- Uses HLL (HyperLogLog) to efficiently count NULL values in critical fields
-- This is more efficient than scanning all rows for large datasets

WITH fct_claims_nulls AS (
    SELECT
        'fct_claims' AS source_table,
        'CLAIM_ID' AS column_name,
        APPROX_COUNT_DISTINCT(CASE WHEN CLAIM_ID IS NULL THEN 1 END) AS approx_null_count
    FROM EKAI.demoModel_18_marts.fct_claims
    HAVING APPROX_COUNT_DISTINCT(CASE WHEN CLAIM_ID IS NULL THEN 1 END) > 0

    UNION ALL

    SELECT
        'fct_claims' AS source_table,
        'POLICY_ID' AS column_name,
        APPROX_COUNT_DISTINCT(CASE WHEN POLICY_ID IS NULL THEN 1 END) AS approx_null_count
    FROM EKAI.demoModel_18_marts.fct_claims
    HAVING APPROX_COUNT_DISTINCT(CASE WHEN POLICY_ID IS NULL THEN 1 END) > 0

    UNION ALL

    SELECT
        'fct_claims' AS source_table,
        'LOB_CODE' AS column_name,
        APPROX_COUNT_DISTINCT(CASE WHEN LOB_CODE IS NULL THEN 1 END) AS approx_null_count
    FROM EKAI.demoModel_18_marts.fct_claims
    HAVING APPROX_COUNT_DISTINCT(CASE WHEN LOB_CODE IS NULL THEN 1 END) > 0

    UNION ALL

    SELECT
        'fct_claims' AS source_table,
        'TOTAL_INCURRED' AS column_name,
        APPROX_COUNT_DISTINCT(CASE WHEN TOTAL_INCURRED IS NULL THEN 1 END) AS approx_null_count
    FROM EKAI.demoModel_18_marts.fct_claims
    HAVING APPROX_COUNT_DISTINCT(CASE WHEN TOTAL_INCURRED IS NULL THEN 1 END) > 0
),

fct_policy_premiums_nulls AS (
    SELECT
        'fct_policy_premiums' AS source_table,
        'PREMIUM_ID' AS column_name,
        APPROX_COUNT_DISTINCT(CASE WHEN PREMIUM_ID IS NULL THEN 1 END) AS approx_null_count
    FROM EKAI.demoModel_18_marts.fct_policy_premiums
    HAVING APPROX_COUNT_DISTINCT(CASE WHEN PREMIUM_ID IS NULL THEN 1 END) > 0

    UNION ALL

    SELECT
        'fct_policy_premiums' AS source_table,
        'POLICY_ID' AS column_name,
        APPROX_COUNT_DISTINCT(CASE WHEN POLICY_ID IS NULL THEN 1 END) AS approx_null_count
    FROM EKAI.demoModel_18_marts.fct_policy_premiums
    HAVING APPROX_COUNT_DISTINCT(CASE WHEN POLICY_ID IS NULL THEN 1 END) > 0

    UNION ALL

    SELECT
        'fct_policy_premiums' AS source_table,
        'EARNED_PREMIUM' AS column_name,
        APPROX_COUNT_DISTINCT(CASE WHEN EARNED_PREMIUM IS NULL THEN 1 END) AS approx_null_count
    FROM EKAI.demoModel_18_marts.fct_policy_premiums
    HAVING APPROX_COUNT_DISTINCT(CASE WHEN EARNED_PREMIUM IS NULL THEN 1 END) > 0
),

dim_policies_nulls AS (
    SELECT
        'dim_policies' AS source_table,
        'POLICY_ID' AS column_name,
        APPROX_COUNT_DISTINCT(CASE WHEN POLICY_ID IS NULL THEN 1 END) AS approx_null_count
    FROM EKAI.demoModel_18_marts.dim_policies
    HAVING APPROX_COUNT_DISTINCT(CASE WHEN POLICY_ID IS NULL THEN 1 END) > 0

    UNION ALL

    SELECT
        'dim_policies' AS source_table,
        'POLICY_NUMBER' AS column_name,
        APPROX_COUNT_DISTINCT(CASE WHEN POLICY_NUMBER IS NULL THEN 1 END) AS approx_null_count
    FROM EKAI.demoModel_18_marts.dim_policies
    HAVING APPROX_COUNT_DISTINCT(CASE WHEN POLICY_NUMBER IS NULL THEN 1 END) > 0

    UNION ALL

    SELECT
        'dim_policies' AS source_table,
        'POLICY_VERSION' AS column_name,
        APPROX_COUNT_DISTINCT(CASE WHEN POLICY_VERSION IS NULL THEN 1 END) AS approx_null_count
    FROM EKAI.demoModel_18_marts.dim_policies
    HAVING APPROX_COUNT_DISTINCT(CASE WHEN POLICY_VERSION IS NULL THEN 1 END) > 0

    UNION ALL

    SELECT
        'dim_policies' AS source_table,
        'LOB_CODE' AS column_name,
        APPROX_COUNT_DISTINCT(CASE WHEN LOB_CODE IS NULL THEN 1 END) AS approx_null_count
    FROM EKAI.demoModel_18_marts.dim_policies
    HAVING APPROX_COUNT_DISTINCT(CASE WHEN LOB_CODE IS NULL THEN 1 END) > 0

    UNION ALL

    SELECT
        'dim_policies' AS source_table,
        'STATE_CODE' AS column_name,
        APPROX_COUNT_DISTINCT(CASE WHEN STATE_CODE IS NULL THEN 1 END) AS approx_null_count
    FROM EKAI.demoModel_18_marts.dim_policies
    HAVING APPROX_COUNT_DISTINCT(CASE WHEN STATE_CODE IS NULL THEN 1 END) > 0
),

dim_agents_nulls AS (
    SELECT
        'dim_agents' AS source_table,
        'AGENT_ID' AS column_name,
        APPROX_COUNT_DISTINCT(CASE WHEN AGENT_ID IS NULL THEN 1 END) AS approx_null_count
    FROM EKAI.demoModel_18_marts.dim_agents
    HAVING APPROX_COUNT_DISTINCT(CASE WHEN AGENT_ID IS NULL THEN 1 END) > 0

    UNION ALL

    SELECT
        'dim_agents' AS source_table,
        'AGENCY_ID' AS column_name,
        APPROX_COUNT_DISTINCT(CASE WHEN AGENCY_ID IS NULL THEN 1 END) AS approx_null_count
    FROM EKAI.demoModel_18_marts.dim_agents
    HAVING APPROX_COUNT_DISTINCT(CASE WHEN AGENCY_ID IS NULL THEN 1 END) > 0

    UNION ALL

    SELECT
        'dim_agents' AS source_table,
        'COMMISSION_SPLIT' AS column_name,
        APPROX_COUNT_DISTINCT(CASE WHEN COMMISSION_SPLIT IS NULL THEN 1 END) AS approx_null_count
    FROM EKAI.demoModel_18_marts.dim_agents
    HAVING APPROX_COUNT_DISTINCT(CASE WHEN COMMISSION_SPLIT IS NULL THEN 1 END) > 0
),

dim_agencies_nulls AS (
    SELECT
        'dim_agencies' AS source_table,
        'AGENCY_ID' AS column_name,
        APPROX_COUNT_DISTINCT(CASE WHEN AGENCY_ID IS NULL THEN 1 END) AS approx_null_count
    FROM EKAI.demoModel_18_marts.dim_agencies
    HAVING APPROX_COUNT_DISTINCT(CASE WHEN AGENCY_ID IS NULL THEN 1 END) > 0

    UNION ALL

    SELECT
        'dim_agencies' AS source_table,
        'COMMISSION_RATE' AS column_name,
        APPROX_COUNT_DISTINCT(CASE WHEN COMMISSION_RATE IS NULL THEN 1 END) AS approx_null_count
    FROM EKAI.demoModel_18_marts.dim_agencies
    HAVING APPROX_COUNT_DISTINCT(CASE WHEN COMMISSION_RATE IS NULL THEN 1 END) > 0
),

all_null_violations AS (
    SELECT * FROM fct_claims_nulls
    UNION ALL
    SELECT * FROM fct_policy_premiums_nulls
    UNION ALL
    SELECT * FROM dim_policies_nulls
    UNION ALL
    SELECT * FROM dim_agents_nulls
    UNION ALL
    SELECT * FROM dim_agencies_nulls
)

-- This test will fail if any critical fields have NULL values
SELECT *
FROM all_null_violations
  
  
      
    ) dbt_internal_test
[0m10:11:00.682576 [debug] [Thread-1 (]: SQL status: SUCCESS 1 in 1.574 seconds
[0m10:11:00.686226 [info ] [Thread-1 (]: 1 of 9 PASS test_agent_net_revenue_calculation ................................. [[32mPASS[0m in 1.71s]
[0m10:11:00.687249 [debug] [Thread-1 (]: Finished running node test.sentinel_insurance.test_agent_net_revenue_calculation
[0m10:11:00.687970 [debug] [Thread-1 (]: Began running node test.sentinel_insurance.test_premium_transaction_count
[0m10:11:00.688605 [info ] [Thread-1 (]: 7 of 9 START test test_premium_transaction_count ............................... [RUN]
[0m10:11:00.689455 [debug] [Thread-1 (]: Re-using an available connection from the pool (formerly test.sentinel_insurance.test_agent_net_revenue_calculation, now test.sentinel_insurance.test_premium_transaction_count)
[0m10:11:00.690097 [debug] [Thread-1 (]: Began compiling node test.sentinel_insurance.test_premium_transaction_count
[0m10:11:00.695584 [debug] [Thread-1 (]: Writing injected SQL for node "test.sentinel_insurance.test_premium_transaction_count"
[0m10:11:00.696625 [debug] [Thread-1 (]: Began executing node test.sentinel_insurance.test_premium_transaction_count
[0m10:11:00.701987 [debug] [Thread-1 (]: Writing runtime sql for node "test.sentinel_insurance.test_premium_transaction_count"
[0m10:11:00.704785 [debug] [Thread-1 (]: Using snowflake connection "test.sentinel_insurance.test_premium_transaction_count"
[0m10:11:00.705758 [debug] [Thread-1 (]: On test.sentinel_insurance.test_premium_transaction_count: /* {"app": "dbt", "dbt_version": "1.9.10", "profile_name": "ekai_dbt", "target_name": "dev", "node_id": "test.sentinel_insurance.test_premium_transaction_count"} */
select
      count(*) as failures,
      count(*) != 0 as should_warn,
      count(*) != 0 as should_error
    from (
      
    
  -- Test: Premium Transaction Count Reasonableness (Sampled)
-- Validates that active policies have at least one premium transaction
-- Uses sampling to limit performance impact

WITH sampled_active_policies AS (
    SELECT
        POLICY_ID,
        POLICY_NUMBER,
        STATUS
    FROM EKAI.demoModel_18_marts.dim_policies
    WHERE STATUS = 'Active'
    -- Sample 5,000 active policies using QUALIFY
    QUALIFY ROW_NUMBER() OVER (ORDER BY RANDOM()) <= 5000
),

premium_transaction_count AS (
    SELECT
        p.POLICY_ID,
        p.POLICY_NUMBER,
        p.STATUS,
        COUNT(pp.PREMIUM_ID) AS PREMIUM_TRANSACTION_COUNT
    FROM sampled_active_policies p
    LEFT JOIN EKAI.demoModel_18_marts.fct_policy_premiums pp ON p.POLICY_ID = pp.POLICY_ID
    GROUP BY p.POLICY_ID, p.POLICY_NUMBER, p.STATUS
),

policies_without_premiums AS (
    SELECT
        POLICY_ID,
        POLICY_NUMBER,
        STATUS,
        PREMIUM_TRANSACTION_COUNT
    FROM premium_transaction_count
    WHERE PREMIUM_TRANSACTION_COUNT = 0
)

-- This test will warn if active policies have no premium transactions
SELECT *
FROM policies_without_premiums
  
  
      
    ) dbt_internal_test
[0m10:11:02.197245 [debug] [Thread-2 (]: SQL status: SUCCESS 1 in 2.463 seconds
[0m10:11:02.201400 [info ] [Thread-2 (]: 6 of 9 PASS test_not_null_critical_fields ...................................... [[32mPASS[0m in 2.50s]
[0m10:11:02.202491 [debug] [Thread-2 (]: Finished running node test.sentinel_insurance.test_not_null_critical_fields
[0m10:11:02.203605 [debug] [Thread-2 (]: Began running node test.sentinel_insurance.test_primary_key_uniqueness_efficient
[0m10:11:02.204301 [info ] [Thread-2 (]: 8 of 9 START test test_primary_key_uniqueness_efficient ........................ [RUN]
[0m10:11:02.205291 [debug] [Thread-2 (]: Re-using an available connection from the pool (formerly test.sentinel_insurance.test_not_null_critical_fields, now test.sentinel_insurance.test_primary_key_uniqueness_efficient)
[0m10:11:02.205958 [debug] [Thread-2 (]: Began compiling node test.sentinel_insurance.test_primary_key_uniqueness_efficient
[0m10:11:02.213189 [debug] [Thread-2 (]: Writing injected SQL for node "test.sentinel_insurance.test_primary_key_uniqueness_efficient"
[0m10:11:02.214259 [debug] [Thread-2 (]: Began executing node test.sentinel_insurance.test_primary_key_uniqueness_efficient
[0m10:11:02.219720 [debug] [Thread-2 (]: Writing runtime sql for node "test.sentinel_insurance.test_primary_key_uniqueness_efficient"
[0m10:11:02.224332 [debug] [Thread-2 (]: Using snowflake connection "test.sentinel_insurance.test_primary_key_uniqueness_efficient"
[0m10:11:02.225793 [debug] [Thread-2 (]: On test.sentinel_insurance.test_primary_key_uniqueness_efficient: /* {"app": "dbt", "dbt_version": "1.9.10", "profile_name": "ekai_dbt", "target_name": "dev", "node_id": "test.sentinel_insurance.test_primary_key_uniqueness_efficient"} */
select
      count(*) as failures,
      count(*) != 0 as should_warn,
      count(*) != 0 as should_error
    from (
      
    
  -- Test: Efficient Primary Key Uniqueness Check using HyperLogLog (Probabilistic)
-- Tests multiple models for PK uniqueness using approximate distinct counts
-- This is more efficient than full scans for large datasets

WITH fct_claims_check AS (
    SELECT
        'fct_claims' AS model_name,
        'CLAIM_ID' AS pk_column,
        COUNT(*) AS total_rows,
        HLL(CLAIM_ID) AS approx_distinct_count
    FROM EKAI.demoModel_18_marts.fct_claims
    HAVING COUNT(*) != HLL(CLAIM_ID)
),

fct_claim_payments_check AS (
    SELECT
        'fct_claim_payments' AS model_name,
        'PAYMENT_ID' AS pk_column,
        COUNT(*) AS total_rows,
        HLL(PAYMENT_ID) AS approx_distinct_count
    FROM EKAI.demoModel_18_marts.fct_claim_payments
    HAVING COUNT(*) != HLL(PAYMENT_ID)
),

fct_policy_premiums_check AS (
    SELECT
        'fct_policy_premiums' AS model_name,
        'PREMIUM_ID' AS pk_column,
        COUNT(*) AS total_rows,
        HLL(PREMIUM_ID) AS approx_distinct_count
    FROM EKAI.demoModel_18_marts.fct_policy_premiums
    HAVING COUNT(*) != HLL(PREMIUM_ID)
),

dim_policies_check AS (
    SELECT
        'dim_policies' AS model_name,
        'POLICY_ID' AS pk_column,
        COUNT(*) AS total_rows,
        HLL(POLICY_ID) AS approx_distinct_count
    FROM EKAI.demoModel_18_marts.dim_policies
    HAVING COUNT(*) != HLL(POLICY_ID)
),

dim_agents_check AS (
    SELECT
        'dim_agents' AS model_name,
        'AGENT_ID' AS pk_column,
        COUNT(*) AS total_rows,
        HLL(AGENT_ID) AS approx_distinct_count
    FROM EKAI.demoModel_18_marts.dim_agents
    HAVING COUNT(*) != HLL(AGENT_ID)
),

dim_agencies_check AS (
    SELECT
        'dim_agencies' AS model_name,
        'AGENCY_ID' AS pk_column,
        COUNT(*) AS total_rows,
        HLL(AGENCY_ID) AS approx_distinct_count
    FROM EKAI.demoModel_18_marts.dim_agencies
    HAVING COUNT(*) != HLL(AGENCY_ID)
),

all_failures AS (
    SELECT * FROM fct_claims_check
    UNION ALL
    SELECT * FROM fct_claim_payments_check
    UNION ALL
    SELECT * FROM fct_policy_premiums_check
    UNION ALL
    SELECT * FROM dim_policies_check
    UNION ALL
    SELECT * FROM dim_agents_check
    UNION ALL
    SELECT * FROM dim_agencies_check
)

-- This test will fail if any model has duplicate primary keys
SELECT *
FROM all_failures
  
  
      
    ) dbt_internal_test
[0m10:11:02.947663 [debug] [Thread-3 (]: SQL status: SUCCESS 1 in 3.793 seconds
[0m10:11:02.951450 [info ] [Thread-3 (]: 3 of 9 PASS test_code_consistency_lob .......................................... [[32mPASS[0m in 3.95s]
[0m10:11:02.952493 [debug] [Thread-3 (]: Finished running node test.sentinel_insurance.test_code_consistency_lob
[0m10:11:02.953747 [debug] [Thread-3 (]: Began running node test.sentinel_insurance.test_value_ranges_sampled
[0m10:11:02.954414 [info ] [Thread-3 (]: 9 of 9 START test test_value_ranges_sampled .................................... [RUN]
[0m10:11:02.957337 [debug] [Thread-3 (]: Re-using an available connection from the pool (formerly test.sentinel_insurance.test_code_consistency_lob, now test.sentinel_insurance.test_value_ranges_sampled)
[0m10:11:02.958015 [debug] [Thread-3 (]: Began compiling node test.sentinel_insurance.test_value_ranges_sampled
[0m10:11:02.970702 [debug] [Thread-3 (]: Writing injected SQL for node "test.sentinel_insurance.test_value_ranges_sampled"
[0m10:11:02.971790 [debug] [Thread-3 (]: Began executing node test.sentinel_insurance.test_value_ranges_sampled
[0m10:11:02.977114 [debug] [Thread-3 (]: Writing runtime sql for node "test.sentinel_insurance.test_value_ranges_sampled"
[0m10:11:02.984147 [debug] [Thread-3 (]: Using snowflake connection "test.sentinel_insurance.test_value_ranges_sampled"
[0m10:11:02.985218 [debug] [Thread-3 (]: On test.sentinel_insurance.test_value_ranges_sampled: /* {"app": "dbt", "dbt_version": "1.9.10", "profile_name": "ekai_dbt", "target_name": "dev", "node_id": "test.sentinel_insurance.test_value_ranges_sampled"} */
select
      count(*) as failures,
      count(*) != 0 as should_warn,
      count(*) != 0 as should_error
    from (
      
    
  -- Test: Comprehensive Value Range Validations (Sampled)
-- Tests multiple value range conditions across models using efficient sampling
-- Covers TOTAL_INCURRED >= 0, TOTAL_PAID >= 0, TOTAL_RESERVE >= 0, etc.

WITH claims_sample AS (
    SELECT
        'fct_claims' AS source_table,
        CLAIM_ID AS record_id,
        'TOTAL_INCURRED' AS failed_column,
        TOTAL_INCURRED AS failed_value
    FROM EKAI.demoModel_18_marts.fct_claims
    SAMPLE BERNOULLI (50000 ROWS)
    WHERE TOTAL_INCURRED < 0

    UNION ALL

    SELECT
        'fct_claims' AS source_table,
        CLAIM_ID AS record_id,
        'TOTAL_PAID' AS failed_column,
        TOTAL_PAID AS failed_value
    FROM EKAI.demoModel_18_marts.fct_claims
    SAMPLE BERNOULLI (50000 ROWS)
    WHERE TOTAL_PAID < 0

    UNION ALL

    SELECT
        'fct_claims' AS source_table,
        CLAIM_ID AS record_id,
        'TOTAL_RESERVE' AS failed_column,
        TOTAL_RESERVE AS failed_value
    FROM EKAI.demoModel_18_marts.fct_claims
    SAMPLE BERNOULLI (50000 ROWS)
    WHERE TOTAL_RESERVE < 0
),

premiums_sample AS (
    SELECT
        'fct_policy_premiums' AS source_table,
        PREMIUM_ID AS record_id,
        'EARNED_PREMIUM' AS failed_column,
        EARNED_PREMIUM AS failed_value
    FROM EKAI.demoModel_18_marts.fct_policy_premiums
    SAMPLE BERNOULLI (50000 ROWS)
    WHERE EARNED_PREMIUM < 0

    UNION ALL

    SELECT
        'fct_policy_premiums' AS source_table,
        PREMIUM_ID AS record_id,
        'WRITTEN_PREMIUM' AS failed_column,
        WRITTEN_PREMIUM AS failed_value
    FROM EKAI.demoModel_18_marts.fct_policy_premiums
    SAMPLE BERNOULLI (50000 ROWS)
    WHERE WRITTEN_PREMIUM < 0

    UNION ALL

    SELECT
        'fct_policy_premiums' AS source_table,
        PREMIUM_ID AS record_id,
        'COMMISSION_AMOUNT' AS failed_column,
        COMMISSION_AMOUNT AS failed_value
    FROM EKAI.demoModel_18_marts.fct_policy_premiums
    SAMPLE BERNOULLI (50000 ROWS)
    WHERE COMMISSION_AMOUNT < 0

    UNION ALL

    SELECT
        'fct_policy_premiums' AS source_table,
        PREMIUM_ID AS record_id,
        'AGENT_NET_REVENUE' AS failed_column,
        AGENT_NET_REVENUE AS failed_value
    FROM EKAI.demoModel_18_marts.fct_policy_premiums
    SAMPLE BERNOULLI (50000 ROWS)
    WHERE AGENT_NET_REVENUE < 0
),

policies_sample AS (
    SELECT
        'dim_policies' AS source_table,
        POLICY_ID AS record_id,
        'ANNUAL_PREMIUM' AS failed_column,
        ANNUAL_PREMIUM AS failed_value
    FROM EKAI.demoModel_18_marts.dim_policies
    SAMPLE BERNOULLI (20000 ROWS)
    WHERE ANNUAL_PREMIUM IS NOT NULL AND ANNUAL_PREMIUM <= 0

    UNION ALL

    SELECT
        'dim_policies' AS source_table,
        POLICY_ID AS record_id,
        'RISK_SCORE' AS failed_column,
        RISK_SCORE AS failed_value
    FROM EKAI.demoModel_18_marts.dim_policies
    SAMPLE BERNOULLI (20000 ROWS)
    WHERE RISK_SCORE IS NOT NULL AND (RISK_SCORE < 1 OR RISK_SCORE > 100)
),

agents_sample AS (
    SELECT
        'dim_agents' AS source_table,
        AGENT_ID AS record_id,
        'COMMISSION_SPLIT' AS failed_column,
        COMMISSION_SPLIT AS failed_value
    FROM EKAI.demoModel_18_marts.dim_agents
    WHERE COMMISSION_SPLIT IS NOT NULL AND (COMMISSION_SPLIT < 0 OR COMMISSION_SPLIT > 1)
),

agencies_sample AS (
    SELECT
        'dim_agencies' AS source_table,
        AGENCY_ID AS record_id,
        'COMMISSION_RATE' AS failed_column,
        COMMISSION_RATE AS failed_value
    FROM EKAI.demoModel_18_marts.dim_agencies
    WHERE COMMISSION_RATE IS NOT NULL AND (COMMISSION_RATE < 0 OR COMMISSION_RATE > 1)
),

all_failures AS (
    SELECT * FROM claims_sample
    UNION ALL
    SELECT * FROM premiums_sample
    UNION ALL
    SELECT * FROM policies_sample
    UNION ALL
    SELECT * FROM agents_sample
    UNION ALL
    SELECT * FROM agencies_sample
)

-- This test will fail if any values are outside expected ranges
SELECT *
FROM all_failures
  
  
      
    ) dbt_internal_test
[0m10:11:03.045185 [debug] [Thread-4 (]: SQL status: SUCCESS 1 in 3.899 seconds
[0m10:11:03.049069 [info ] [Thread-4 (]: 4 of 9 PASS test_code_consistency_state ........................................ [[32mPASS[0m in 4.02s]
[0m10:11:03.050135 [debug] [Thread-4 (]: Finished running node test.sentinel_insurance.test_code_consistency_state
[0m10:11:03.094703 [debug] [Thread-2 (]: SQL status: SUCCESS 1 in 0.868 seconds
[0m10:11:03.098441 [error] [Thread-2 (]: 8 of 9 FAIL 6 test_primary_key_uniqueness_efficient ............................ [[31mFAIL 6[0m in 0.89s]
[0m10:11:03.099819 [debug] [Thread-2 (]: Finished running node test.sentinel_insurance.test_primary_key_uniqueness_efficient
[0m10:11:03.524093 [debug] [Thread-1 (]: SQL status: SUCCESS 1 in 2.817 seconds
[0m10:11:03.527822 [info ] [Thread-1 (]: 7 of 9 PASS test_premium_transaction_count ..................................... [[32mPASS[0m in 2.84s]
[0m10:11:03.529704 [debug] [Thread-1 (]: Finished running node test.sentinel_insurance.test_premium_transaction_count
[0m10:11:05.045454 [debug] [Thread-3 (]: SQL status: SUCCESS 1 in 2.059 seconds
[0m10:11:05.049674 [error] [Thread-3 (]: 9 of 9 FAIL 72272 test_value_ranges_sampled .................................... [[31mFAIL 72272[0m in 2.09s]
[0m10:11:05.050739 [debug] [Thread-3 (]: Finished running node test.sentinel_insurance.test_value_ranges_sampled
[0m10:11:05.053179 [debug] [MainThread]: Connection 'master' was properly closed.
[0m10:11:05.053825 [debug] [MainThread]: Connection 'test.sentinel_insurance.test_premium_transaction_count' was left open.
[0m10:11:05.054393 [debug] [MainThread]: On test.sentinel_insurance.test_premium_transaction_count: Close
[0m10:11:05.170116 [debug] [MainThread]: Connection 'test.sentinel_insurance.test_primary_key_uniqueness_efficient' was left open.
[0m10:11:05.170950 [debug] [MainThread]: On test.sentinel_insurance.test_primary_key_uniqueness_efficient: Close
[0m10:11:05.306741 [debug] [MainThread]: Connection 'test.sentinel_insurance.test_value_ranges_sampled' was left open.
[0m10:11:05.307548 [debug] [MainThread]: On test.sentinel_insurance.test_value_ranges_sampled: Close
[0m10:11:05.427776 [debug] [MainThread]: Connection 'test.sentinel_insurance.test_code_consistency_state' was left open.
[0m10:11:05.428581 [debug] [MainThread]: On test.sentinel_insurance.test_code_consistency_state: Close
[0m10:11:05.516480 [info ] [MainThread]: 
[0m10:11:05.517948 [info ] [MainThread]: Finished running 9 data tests in 0 hours 0 minutes and 9.72 seconds (9.72s).
[0m10:11:05.520810 [debug] [MainThread]: Command end result
[0m10:11:05.588195 [debug] [MainThread]: Wrote artifact WritableManifest to /app/workspaces/18/target/manifest.json
[0m10:11:05.591563 [debug] [MainThread]: Wrote artifact SemanticManifest to /app/workspaces/18/target/semantic_manifest.json
[0m10:11:05.601942 [debug] [MainThread]: Wrote artifact RunExecutionResult to /app/workspaces/18/target/run_results.json
[0m10:11:05.602638 [info ] [MainThread]: 
[0m10:11:05.603397 [info ] [MainThread]: [31mCompleted with 3 errors, 0 partial successes, and 0 warnings:[0m
[0m10:11:05.603975 [info ] [MainThread]: 
[0m10:11:05.604661 [error] [MainThread]:   Database Error in test test_loss_ratio_reasonableness (tests/marts/test_loss_ratio_reasonableness.sql)
  001003 (42000): SQL compilation error:
  syntax error line 20 at position 4 unexpected 'WHERE'.
  syntax error line 23 at position 20 unexpected '('.
  syntax error line 28 at position 11 unexpected '('.
  syntax error line 33 at position 0 unexpected ')'.
  compiled code at target/run/sentinel_insurance/tests/marts/test_loss_ratio_reasonableness.sql
[0m10:11:05.605278 [info ] [MainThread]: 
[0m10:11:05.605908 [error] [MainThread]: [31mFailure in test test_primary_key_uniqueness_efficient (tests/marts/test_primary_key_uniqueness_efficient.sql)[0m
[0m10:11:05.606501 [error] [MainThread]:   Got 6 results, configured to fail if != 0
[0m10:11:05.606990 [info ] [MainThread]: 
[0m10:11:05.607570 [info ] [MainThread]:   compiled code at target/compiled/sentinel_insurance/tests/marts/test_primary_key_uniqueness_efficient.sql
[0m10:11:05.608079 [info ] [MainThread]: 
[0m10:11:05.608682 [error] [MainThread]: [31mFailure in test test_value_ranges_sampled (tests/marts/test_value_ranges_sampled.sql)[0m
[0m10:11:05.609303 [error] [MainThread]:   Got 72272 results, configured to fail if != 0
[0m10:11:05.609794 [info ] [MainThread]: 
[0m10:11:05.610358 [info ] [MainThread]:   compiled code at target/compiled/sentinel_insurance/tests/marts/test_value_ranges_sampled.sql
[0m10:11:05.610870 [info ] [MainThread]: 
[0m10:11:05.611428 [info ] [MainThread]: Done. PASS=6 WARN=0 ERROR=3 SKIP=0 TOTAL=9
[0m10:11:05.613211 [debug] [MainThread]: Resource report: {"command_name": "test", "command_success": false, "command_wall_clock_time": 16.027157, "process_in_blocks": "0", "process_kernel_time": 0.467517, "process_mem_max_rss": "262992", "process_out_blocks": "5600", "process_user_time": 11.322161}
[0m10:11:05.614102 [debug] [MainThread]: Command `dbt test` failed at 10:11:05.613979 after 16.03 seconds
[0m10:11:05.614767 [debug] [MainThread]: Sending event: {'category': 'dbt', 'action': 'invocation', 'label': 'end', 'context': [<snowplow_tracker.self_describing_json.SelfDescribingJson object at 0x7f6a280abe60>, <snowplow_tracker.self_describing_json.SelfDescribingJson object at 0x7f6a2873a330>, <snowplow_tracker.self_describing_json.SelfDescribingJson object at 0x7f6a2a211be0>]}
[0m10:11:05.615413 [debug] [MainThread]: Flushing usage events
[0m10:11:05.656113 [debug] [MainThread]: An error was encountered while trying to flush usage events
[0m10:11:25.203512 [debug] [MainThread]: Sending event: {'category': 'dbt', 'action': 'invocation', 'label': 'start', 'context': [<snowplow_tracker.self_describing_json.SelfDescribingJson object at 0x7f387a630fe0>, <snowplow_tracker.self_describing_json.SelfDescribingJson object at 0x7f387a48dd30>, <snowplow_tracker.self_describing_json.SelfDescribingJson object at 0x7f387a3a0740>]}


============================== 10:11:25.271806 | 136a4902-1712-4958-86be-719cc329e230 ==============================
[0m10:11:25.271806 [info ] [MainThread]: Running with dbt=1.9.10
[0m10:11:25.272738 [debug] [MainThread]: running dbt with arguments {'partial_parse': 'True', 'write_json': 'True', 'version_check': 'True', 'warn_error': 'None', 'introspect': 'True', 'log_path': '/app/workspaces/18/logs', 'printer_width': '80', 'cache_selected_only': 'False', 'no_print': 'None', 'profiles_dir': '/app/workspaces/18', 'log_cache_events': 'False', 'log_format': 'default', 'quiet': 'False', 'debug': 'False', 'warn_error_options': 'WarnErrorOptions(include=[], exclude=[])', 'static_parser': 'True', 'empty': 'None', 'target_path': 'None', 'use_colors': 'True', 'invocation_command': 'dbt test', 'use_experimental_parser': 'False', 'send_anonymous_usage_stats': 'True', 'fail_fast': 'False', 'indirect_selection': 'eager'}
[0m10:11:29.217104 [debug] [MainThread]: Sending event: {'category': 'dbt', 'action': 'project_id', 'label': '136a4902-1712-4958-86be-719cc329e230', 'context': [<snowplow_tracker.self_describing_json.SelfDescribingJson object at 0x7f3863971fd0>]}
[0m10:11:29.347752 [debug] [MainThread]: Sending event: {'category': 'dbt', 'action': 'adapter_info', 'label': '136a4902-1712-4958-86be-719cc329e230', 'context': [<snowplow_tracker.self_describing_json.SelfDescribingJson object at 0x7f3868d39e20>]}
[0m10:11:29.349195 [info ] [MainThread]: Registered adapter: snowflake=1.9.4
[0m10:11:29.684123 [debug] [MainThread]: checksum: c40cca0353c9a9b4dbd2a57cdc3e2440f5c9a71a795694b25a51e704baaf554e, vars: {}, profile: , target: , version: 1.9.10
[0m10:11:30.003264 [debug] [MainThread]: Partial parsing enabled: 0 files deleted, 0 files added, 1 files changed.
[0m10:11:30.005492 [debug] [MainThread]: Partial parsing: updated file: sentinel_insurance://tests/marts/test_loss_ratio_reasonableness.sql
[0m10:11:30.385708 [debug] [MainThread]: Sending event: {'category': 'dbt', 'action': 'load_project', 'label': '136a4902-1712-4958-86be-719cc329e230', 'context': [<snowplow_tracker.self_describing_json.SelfDescribingJson object at 0x7f3863131010>]}
[0m10:11:30.670516 [debug] [MainThread]: Wrote artifact WritableManifest to /app/workspaces/18/target/manifest.json
[0m10:11:30.673934 [debug] [MainThread]: Wrote artifact SemanticManifest to /app/workspaces/18/target/semantic_manifest.json
[0m10:11:30.960378 [debug] [MainThread]: Sending event: {'category': 'dbt', 'action': 'resource_counts', 'label': '136a4902-1712-4958-86be-719cc329e230', 'context': [<snowplow_tracker.self_describing_json.SelfDescribingJson object at 0x7f38630acc80>]}
[0m10:11:30.961432 [info ] [MainThread]: Found 22 models, 9 data tests, 12 sources, 616 macros
[0m10:11:30.962476 [debug] [MainThread]: Sending event: {'category': 'dbt', 'action': 'runnable_timing', 'label': '136a4902-1712-4958-86be-719cc329e230', 'context': [<snowplow_tracker.self_describing_json.SelfDescribingJson object at 0x7f386b55f7a0>]}
[0m10:11:30.966599 [info ] [MainThread]: 
[0m10:11:30.967316 [info ] [MainThread]: Concurrency: 4 threads (target='dev')
[0m10:11:30.967868 [info ] [MainThread]: 
[0m10:11:30.968689 [debug] [MainThread]: Acquiring new snowflake connection 'master'
[0m10:11:30.978777 [debug] [ThreadPool]: Acquiring new snowflake connection 'list_EKAI_demoModel_18_staging'
[0m10:11:30.998552 [debug] [ThreadPool]: Acquiring new snowflake connection 'list_EKAI_demoModel_18_marts'
[0m10:11:31.096573 [debug] [ThreadPool]: Using snowflake connection "list_EKAI_demoModel_18_marts"
[0m10:11:31.098765 [debug] [ThreadPool]: On list_EKAI_demoModel_18_marts: /* {"app": "dbt", "dbt_version": "1.9.10", "profile_name": "ekai_dbt", "target_name": "dev", "connection_name": "list_EKAI_demoModel_18_marts"} */
alter session set quoted_identifiers_ignore_case = false;
[0m10:11:31.099425 [debug] [ThreadPool]: Opening a new connection, currently in state init
[0m10:11:31.095861 [debug] [ThreadPool]: Using snowflake connection "list_EKAI_demoModel_18_staging"
[0m10:11:31.121537 [debug] [ThreadPool]: On list_EKAI_demoModel_18_staging: /* {"app": "dbt", "dbt_version": "1.9.10", "profile_name": "ekai_dbt", "target_name": "dev", "connection_name": "list_EKAI_demoModel_18_staging"} */
alter session set quoted_identifiers_ignore_case = false;
[0m10:11:31.122170 [debug] [ThreadPool]: Opening a new connection, currently in state init
[0m10:11:33.913160 [debug] [ThreadPool]: SQL status: SUCCESS 1 in 2.814 seconds
[0m10:11:33.920538 [debug] [ThreadPool]: Using snowflake connection "list_EKAI_demoModel_18_marts"
[0m10:11:33.921318 [debug] [ThreadPool]: On list_EKAI_demoModel_18_marts: /* {"app": "dbt", "dbt_version": "1.9.10", "profile_name": "ekai_dbt", "target_name": "dev", "connection_name": "list_EKAI_demoModel_18_marts"} */
show objects in EKAI.demoModel_18_marts
    limit 10000
    
;
[0m10:11:34.040169 [debug] [ThreadPool]: SQL status: SUCCESS 10 in 0.118 seconds
[0m10:11:34.044026 [debug] [ThreadPool]: Using snowflake connection "list_EKAI_demoModel_18_marts"
[0m10:11:34.044728 [debug] [ThreadPool]: On list_EKAI_demoModel_18_marts: /* {"app": "dbt", "dbt_version": "1.9.10", "profile_name": "ekai_dbt", "target_name": "dev", "connection_name": "list_EKAI_demoModel_18_marts"} */
alter session unset quoted_identifiers_ignore_case;
[0m10:11:34.050939 [debug] [ThreadPool]: SQL status: SUCCESS 1 in 2.929 seconds
[0m10:11:34.053810 [debug] [ThreadPool]: Using snowflake connection "list_EKAI_demoModel_18_staging"
[0m10:11:34.054500 [debug] [ThreadPool]: On list_EKAI_demoModel_18_staging: /* {"app": "dbt", "dbt_version": "1.9.10", "profile_name": "ekai_dbt", "target_name": "dev", "connection_name": "list_EKAI_demoModel_18_staging"} */
show objects in EKAI.demoModel_18_staging
    limit 10000
    
;
[0m10:11:34.172482 [debug] [ThreadPool]: SQL status: SUCCESS 1 in 0.127 seconds
[0m10:11:34.238711 [debug] [ThreadPool]: SQL status: SUCCESS 12 in 0.184 seconds
[0m10:11:34.242524 [debug] [ThreadPool]: Using snowflake connection "list_EKAI_demoModel_18_staging"
[0m10:11:34.243928 [debug] [ThreadPool]: On list_EKAI_demoModel_18_staging: /* {"app": "dbt", "dbt_version": "1.9.10", "profile_name": "ekai_dbt", "target_name": "dev", "connection_name": "list_EKAI_demoModel_18_staging"} */
alter session unset quoted_identifiers_ignore_case;
[0m10:11:34.337523 [debug] [ThreadPool]: SQL status: SUCCESS 1 in 0.093 seconds
[0m10:11:34.343803 [debug] [MainThread]: Sending event: {'category': 'dbt', 'action': 'runnable_timing', 'label': '136a4902-1712-4958-86be-719cc329e230', 'context': [<snowplow_tracker.self_describing_json.SelfDescribingJson object at 0x7f38633dcb00>]}
[0m10:11:34.349110 [debug] [Thread-1 (]: Began running node test.sentinel_insurance.test_agent_net_revenue_calculation
[0m10:11:34.349957 [info ] [Thread-1 (]: 1 of 9 START test test_agent_net_revenue_calculation ........................... [RUN]
[0m10:11:34.350749 [debug] [Thread-1 (]: Re-using an available connection from the pool (formerly list_EKAI_demoModel_18_staging, now test.sentinel_insurance.test_agent_net_revenue_calculation)
[0m10:11:34.351408 [debug] [Thread-1 (]: Began compiling node test.sentinel_insurance.test_agent_net_revenue_calculation
[0m10:11:34.361489 [debug] [Thread-2 (]: Began running node test.sentinel_insurance.test_code_consistency_cause
[0m10:11:34.369151 [debug] [Thread-1 (]: Writing injected SQL for node "test.sentinel_insurance.test_agent_net_revenue_calculation"
[0m10:11:34.370304 [debug] [Thread-1 (]: Began executing node test.sentinel_insurance.test_agent_net_revenue_calculation
[0m10:11:34.362395 [info ] [Thread-2 (]: 2 of 9 START test test_code_consistency_cause .................................. [RUN]
[0m10:11:34.381619 [debug] [Thread-2 (]: Re-using an available connection from the pool (formerly list_EKAI_demoModel_18_marts, now test.sentinel_insurance.test_code_consistency_cause)
[0m10:11:34.382368 [debug] [Thread-2 (]: Began compiling node test.sentinel_insurance.test_code_consistency_cause
[0m10:11:34.387721 [debug] [Thread-2 (]: Writing injected SQL for node "test.sentinel_insurance.test_code_consistency_cause"
[0m10:11:34.389411 [debug] [Thread-2 (]: Began executing node test.sentinel_insurance.test_code_consistency_cause
[0m10:11:34.396278 [debug] [Thread-3 (]: Began running node test.sentinel_insurance.test_code_consistency_lob
[0m10:11:34.397158 [info ] [Thread-3 (]: 3 of 9 START test test_code_consistency_lob .................................... [RUN]
[0m10:11:34.398080 [debug] [Thread-3 (]: Acquiring new snowflake connection 'test.sentinel_insurance.test_code_consistency_lob'
[0m10:11:34.399727 [debug] [Thread-3 (]: Began compiling node test.sentinel_insurance.test_code_consistency_lob
[0m10:11:34.405708 [debug] [Thread-3 (]: Writing injected SQL for node "test.sentinel_insurance.test_code_consistency_lob"
[0m10:11:34.406774 [debug] [Thread-3 (]: Began executing node test.sentinel_insurance.test_code_consistency_lob
[0m10:11:34.413165 [debug] [Thread-4 (]: Began running node test.sentinel_insurance.test_code_consistency_state
[0m10:11:34.413927 [info ] [Thread-4 (]: 4 of 9 START test test_code_consistency_state .................................. [RUN]
[0m10:11:34.414797 [debug] [Thread-4 (]: Acquiring new snowflake connection 'test.sentinel_insurance.test_code_consistency_state'
[0m10:11:34.415723 [debug] [Thread-4 (]: Began compiling node test.sentinel_insurance.test_code_consistency_state
[0m10:11:34.421801 [debug] [Thread-4 (]: Writing injected SQL for node "test.sentinel_insurance.test_code_consistency_state"
[0m10:11:34.422809 [debug] [Thread-4 (]: Began executing node test.sentinel_insurance.test_code_consistency_state
[0m10:11:34.518297 [debug] [Thread-3 (]: Writing runtime sql for node "test.sentinel_insurance.test_code_consistency_lob"
[0m10:11:34.521034 [debug] [Thread-4 (]: Writing runtime sql for node "test.sentinel_insurance.test_code_consistency_state"
[0m10:11:34.524086 [debug] [Thread-4 (]: Using snowflake connection "test.sentinel_insurance.test_code_consistency_state"
[0m10:11:34.524938 [debug] [Thread-4 (]: On test.sentinel_insurance.test_code_consistency_state: /* {"app": "dbt", "dbt_version": "1.9.10", "profile_name": "ekai_dbt", "target_name": "dev", "node_id": "test.sentinel_insurance.test_code_consistency_state"} */
select
      count(*) as failures,
      count(*) != 0 as should_warn,
      count(*) != 0 as should_error
    from (
      
    
  -- Test: STATE_CODE Consistency Validation
-- Ensures all STATE_CODE values in dim tables exist in dim_states
-- Uses efficient sampling approach

WITH state_reference AS (
    SELECT DISTINCT STATE_CODE
    FROM EKAI.demoModel_18_marts.dim_states
),

-- Sample from dim_policies (limit to 50k rows)
policies_state AS (
    SELECT DISTINCT
        'dim_policies' AS source_table,
        STATE_CODE
    FROM EKAI.demoModel_18_marts.dim_policies
    SAMPLE BERNOULLI (50000 ROWS)
    WHERE STATE_CODE IS NOT NULL
),

-- Sample from dim_agencies (typically small, no sampling needed)
agencies_state AS (
    SELECT DISTINCT
        'dim_agencies' AS source_table,
        STATE_CODE
    FROM EKAI.demoModel_18_marts.dim_agencies
    WHERE STATE_CODE IS NOT NULL
),

all_state_codes AS (
    SELECT * FROM policies_state
    UNION ALL
    SELECT * FROM agencies_state
),

orphaned_state_codes AS (
    SELECT
        a.source_table,
        a.STATE_CODE
    FROM all_state_codes a
    LEFT JOIN state_reference r ON a.STATE_CODE = r.STATE_CODE
    WHERE r.STATE_CODE IS NULL
        AND a.STATE_CODE != 'Unclassified'  -- Allow 'Unclassified' as per BRD
)

-- This test will warn if any state codes don't exist in reference table
SELECT *
FROM orphaned_state_codes
  
  
      
    ) dbt_internal_test
[0m10:11:34.525669 [debug] [Thread-4 (]: Opening a new connection, currently in state init
[0m10:11:34.541700 [debug] [Thread-3 (]: Using snowflake connection "test.sentinel_insurance.test_code_consistency_lob"
[0m10:11:34.542608 [debug] [Thread-3 (]: On test.sentinel_insurance.test_code_consistency_lob: /* {"app": "dbt", "dbt_version": "1.9.10", "profile_name": "ekai_dbt", "target_name": "dev", "node_id": "test.sentinel_insurance.test_code_consistency_lob"} */
select
      count(*) as failures,
      count(*) != 0 as should_warn,
      count(*) != 0 as should_error
    from (
      
    
  -- Test: LOB_CODE Consistency Validation
-- Ensures all LOB_CODE values in fact/dim tables exist in dim_line_of_business
-- Uses efficient LEFT JOIN approach with sampling

WITH lob_reference AS (
    SELECT DISTINCT LOB_CODE
    FROM EKAI.demoModel_18_marts.dim_line_of_business
),

-- Sample from fct_claims (limit to 100k rows)
claims_lob AS (
    SELECT DISTINCT
        'fct_claims' AS source_table,
        LOB_CODE
    FROM EKAI.demoModel_18_marts.fct_claims
    SAMPLE BERNOULLI (100000 ROWS)
    WHERE LOB_CODE IS NOT NULL
),

-- Sample from dim_policies (limit to 50k rows)
policies_lob AS (
    SELECT DISTINCT
        'dim_policies' AS source_table,
        LOB_CODE
    FROM EKAI.demoModel_18_marts.dim_policies
    SAMPLE BERNOULLI (50000 ROWS)
    WHERE LOB_CODE IS NOT NULL
),

all_lob_codes AS (
    SELECT * FROM claims_lob
    UNION ALL
    SELECT * FROM policies_lob
),

orphaned_lob_codes AS (
    SELECT
        a.source_table,
        a.LOB_CODE
    FROM all_lob_codes a
    LEFT JOIN lob_reference r ON a.LOB_CODE = r.LOB_CODE
    WHERE r.LOB_CODE IS NULL
        AND a.LOB_CODE != 'Unclassified'  -- Allow 'Unclassified' as per BRD
)

-- This test will warn if any LOB codes don't exist in reference table
SELECT *
FROM orphaned_lob_codes
  
  
      
    ) dbt_internal_test
[0m10:11:34.543307 [debug] [Thread-3 (]: Opening a new connection, currently in state init
[0m10:11:34.538953 [debug] [Thread-1 (]: Writing runtime sql for node "test.sentinel_insurance.test_agent_net_revenue_calculation"
[0m10:11:34.590429 [debug] [Thread-1 (]: Using snowflake connection "test.sentinel_insurance.test_agent_net_revenue_calculation"
[0m10:11:34.592627 [debug] [Thread-1 (]: On test.sentinel_insurance.test_agent_net_revenue_calculation: /* {"app": "dbt", "dbt_version": "1.9.10", "profile_name": "ekai_dbt", "target_name": "dev", "node_id": "test.sentinel_insurance.test_agent_net_revenue_calculation"} */
select
      count(*) as failures,
      count(*) != 0 as should_warn,
      count(*) != 0 as should_error
    from (
      
    
  -- Test: Agent Net Revenue Calculation Validation (Sampled)
-- Validates AGENT_NET_REVENUE = COMMISSION_AMOUNT × COMMISSION_SPLIT
-- Uses sampling to limit scan to ~10,000 rows for efficiency

WITH sampled_premiums AS (
    SELECT
        pp.PREMIUM_ID,
        pp.COMMISSION_AMOUNT,
        pp.AGENT_NET_REVENUE,
        p.AGENT_ID,
        a.COMMISSION_SPLIT
    FROM EKAI.demoModel_18_marts.fct_policy_premiums pp
    LEFT JOIN EKAI.demoModel_18_marts.dim_policies p ON pp.POLICY_ID = p.POLICY_ID
    LEFT JOIN EKAI.demoModel_18_marts.dim_agents a ON p.AGENT_ID = a.AGENT_ID
    WHERE pp.COMMISSION_AMOUNT IS NOT NULL
        AND pp.AGENT_NET_REVENUE IS NOT NULL
    -- Efficient sampling using QUALIFY clause
    QUALIFY ROW_NUMBER() OVER (ORDER BY RANDOM()) <= 10000
),

failed_calculations AS (
    SELECT
        PREMIUM_ID,
        COMMISSION_AMOUNT,
        COMMISSION_SPLIT,
        AGENT_NET_REVENUE,
        COMMISSION_AMOUNT * COALESCE(COMMISSION_SPLIT, 0) AS expected_agent_net_revenue,
        ABS(AGENT_NET_REVENUE - (COMMISSION_AMOUNT * COALESCE(COMMISSION_SPLIT, 0))) AS difference
    FROM sampled_premiums
    WHERE ABS(AGENT_NET_REVENUE - (COMMISSION_AMOUNT * COALESCE(COMMISSION_SPLIT, 0))) >= 0.01
)

-- This test will fail if any sampled records have incorrect calculations
SELECT *
FROM failed_calculations
  
  
      
    ) dbt_internal_test
[0m10:11:34.596174 [debug] [Thread-2 (]: Writing runtime sql for node "test.sentinel_insurance.test_code_consistency_cause"
[0m10:11:34.598948 [debug] [Thread-2 (]: Using snowflake connection "test.sentinel_insurance.test_code_consistency_cause"
[0m10:11:34.599916 [debug] [Thread-2 (]: On test.sentinel_insurance.test_code_consistency_cause: /* {"app": "dbt", "dbt_version": "1.9.10", "profile_name": "ekai_dbt", "target_name": "dev", "node_id": "test.sentinel_insurance.test_code_consistency_cause"} */
select
      count(*) as failures,
      count(*) != 0 as should_warn,
      count(*) != 0 as should_error
    from (
      
    
  -- Test: CAUSE_CODE Consistency Validation
-- Ensures all CAUSE_CODE values in fct_claims exist in dim_cause_of_loss
-- Uses efficient sampling approach

WITH cause_reference AS (
    SELECT DISTINCT CAUSE_CODE
    FROM EKAI.demoModel_18_marts.dim_cause_of_loss
),

-- Sample from fct_claims (limit to 100k rows)
claims_cause AS (
    SELECT DISTINCT
        CAUSE_CODE
    FROM EKAI.demoModel_18_marts.fct_claims
    SAMPLE BERNOULLI (100000 ROWS)
    WHERE CAUSE_CODE IS NOT NULL
),

orphaned_cause_codes AS (
    SELECT
        'fct_claims' AS source_table,
        c.CAUSE_CODE
    FROM claims_cause c
    LEFT JOIN cause_reference r ON c.CAUSE_CODE = r.CAUSE_CODE
    WHERE r.CAUSE_CODE IS NULL
)

-- This test will warn if any cause codes don't exist in reference table
SELECT *
FROM orphaned_cause_codes
  
  
      
    ) dbt_internal_test
[0m10:11:35.336394 [debug] [Thread-2 (]: SQL status: SUCCESS 1 in 0.736 seconds
[0m10:11:35.352026 [info ] [Thread-2 (]: 2 of 9 PASS test_code_consistency_cause ........................................ [[32mPASS[0m in 0.97s]
[0m10:11:35.353753 [debug] [Thread-2 (]: Finished running node test.sentinel_insurance.test_code_consistency_cause
[0m10:11:35.354573 [debug] [Thread-2 (]: Began running node test.sentinel_insurance.test_loss_ratio_reasonableness
[0m10:11:35.355233 [info ] [Thread-2 (]: 5 of 9 START test test_loss_ratio_reasonableness ............................... [RUN]
[0m10:11:35.355984 [debug] [Thread-2 (]: Re-using an available connection from the pool (formerly test.sentinel_insurance.test_code_consistency_cause, now test.sentinel_insurance.test_loss_ratio_reasonableness)
[0m10:11:35.356634 [debug] [Thread-2 (]: Began compiling node test.sentinel_insurance.test_loss_ratio_reasonableness
[0m10:11:35.363204 [debug] [Thread-2 (]: Writing injected SQL for node "test.sentinel_insurance.test_loss_ratio_reasonableness"
[0m10:11:35.366222 [debug] [Thread-2 (]: Began executing node test.sentinel_insurance.test_loss_ratio_reasonableness
[0m10:11:35.371759 [debug] [Thread-2 (]: Writing runtime sql for node "test.sentinel_insurance.test_loss_ratio_reasonableness"
[0m10:11:35.376427 [debug] [Thread-2 (]: Using snowflake connection "test.sentinel_insurance.test_loss_ratio_reasonableness"
[0m10:11:35.377367 [debug] [Thread-2 (]: On test.sentinel_insurance.test_loss_ratio_reasonableness: /* {"app": "dbt", "dbt_version": "1.9.10", "profile_name": "ekai_dbt", "target_name": "dev", "node_id": "test.sentinel_insurance.test_loss_ratio_reasonableness"} */
select
      count(*) as failures,
      count(*) != 0 as should_warn,
      count(*) != 0 as should_error
    from (
      
    
  -- Test: Loss Ratio Reasonableness Check (Cross-Model Consistency)
-- Validates that Loss Ratio (Total Incurred / Earned Premium) is between 0 and 2 (200%)
-- Uses stratified sampling by LOB_CODE for efficiency and representation

WITH sampled_claims AS (
    -- Stratified sample: 10k rows per LOB (if available)
    SELECT
        POLICY_ID,
        LOB_CODE,
        TOTAL_INCURRED
    FROM EKAI.demoModel_18_marts.fct_claims
    WHERE TOTAL_INCURRED IS NOT NULL
    QUALIFY ROW_NUMBER() OVER (PARTITION BY LOB_CODE ORDER BY RANDOM()) <= 10000
),

sampled_premiums AS (
    -- Stratified sample: Match policies from claims
    SELECT
        p.POLICY_ID,
        p.LOB_CODE,
        SUM(pp.EARNED_PREMIUM) AS TOTAL_EARNED_PREMIUM
    FROM EKAI.demoModel_18_marts.dim_policies p
    INNER JOIN EKAI.demoModel_18_marts.fct_policy_premiums pp ON p.POLICY_ID = pp.POLICY_ID
    WHERE pp.EARNED_PREMIUM IS NOT NULL
    GROUP BY p.POLICY_ID, p.LOB_CODE
),

lob_aggregates AS (
    SELECT
        COALESCE(c.LOB_CODE, p.LOB_CODE) AS LOB_CODE,
        SUM(c.TOTAL_INCURRED) AS TOTAL_INCURRED,
        SUM(p.TOTAL_EARNED_PREMIUM) AS TOTAL_EARNED_PREMIUM
    FROM sampled_claims c
    FULL OUTER JOIN sampled_premiums p ON c.POLICY_ID = p.POLICY_ID
    GROUP BY COALESCE(c.LOB_CODE, p.LOB_CODE)
),

loss_ratio_check AS (
    SELECT
        LOB_CODE,
        TOTAL_INCURRED,
        TOTAL_EARNED_PREMIUM,
        CASE
            WHEN TOTAL_EARNED_PREMIUM = 0 OR TOTAL_EARNED_PREMIUM IS NULL THEN NULL
            ELSE TOTAL_INCURRED / TOTAL_EARNED_PREMIUM
        END AS LOSS_RATIO
    FROM lob_aggregates
),

failed_checks AS (
    SELECT
        LOB_CODE,
        TOTAL_INCURRED,
        TOTAL_EARNED_PREMIUM,
        LOSS_RATIO
    FROM loss_ratio_check
    WHERE LOSS_RATIO IS NOT NULL
        AND (LOSS_RATIO < 0 OR LOSS_RATIO > 2)
)

-- This test will warn if loss ratio is outside reasonable bounds
SELECT *
FROM failed_checks
  
  
      
    ) dbt_internal_test
[0m10:11:36.077399 [debug] [Thread-1 (]: SQL status: SUCCESS 1 in 1.483 seconds
[0m10:11:36.081257 [info ] [Thread-1 (]: 1 of 9 PASS test_agent_net_revenue_calculation ................................. [[32mPASS[0m in 1.73s]
[0m10:11:36.082330 [debug] [Thread-1 (]: Finished running node test.sentinel_insurance.test_agent_net_revenue_calculation
[0m10:11:36.083288 [debug] [Thread-1 (]: Began running node test.sentinel_insurance.test_not_null_critical_fields
[0m10:11:36.083968 [info ] [Thread-1 (]: 6 of 9 START test test_not_null_critical_fields ................................ [RUN]
[0m10:11:36.084955 [debug] [Thread-1 (]: Re-using an available connection from the pool (formerly test.sentinel_insurance.test_agent_net_revenue_calculation, now test.sentinel_insurance.test_not_null_critical_fields)
[0m10:11:36.085615 [debug] [Thread-1 (]: Began compiling node test.sentinel_insurance.test_not_null_critical_fields
[0m10:11:36.097395 [debug] [Thread-1 (]: Writing injected SQL for node "test.sentinel_insurance.test_not_null_critical_fields"
[0m10:11:36.098546 [debug] [Thread-1 (]: Began executing node test.sentinel_insurance.test_not_null_critical_fields
[0m10:11:36.104300 [debug] [Thread-1 (]: Writing runtime sql for node "test.sentinel_insurance.test_not_null_critical_fields"
[0m10:11:36.118321 [debug] [Thread-1 (]: Using snowflake connection "test.sentinel_insurance.test_not_null_critical_fields"
[0m10:11:36.119525 [debug] [Thread-1 (]: On test.sentinel_insurance.test_not_null_critical_fields: /* {"app": "dbt", "dbt_version": "1.9.10", "profile_name": "ekai_dbt", "target_name": "dev", "node_id": "test.sentinel_insurance.test_not_null_critical_fields"} */
select
      count(*) as failures,
      count(*) != 0 as should_warn,
      count(*) != 0 as should_error
    from (
      
    
  -- Test: Critical NOT NULL Validations (Efficient Sampling)
-- Uses HLL (HyperLogLog) to efficiently count NULL values in critical fields
-- This is more efficient than scanning all rows for large datasets

WITH fct_claims_nulls AS (
    SELECT
        'fct_claims' AS source_table,
        'CLAIM_ID' AS column_name,
        APPROX_COUNT_DISTINCT(CASE WHEN CLAIM_ID IS NULL THEN 1 END) AS approx_null_count
    FROM EKAI.demoModel_18_marts.fct_claims
    HAVING APPROX_COUNT_DISTINCT(CASE WHEN CLAIM_ID IS NULL THEN 1 END) > 0

    UNION ALL

    SELECT
        'fct_claims' AS source_table,
        'POLICY_ID' AS column_name,
        APPROX_COUNT_DISTINCT(CASE WHEN POLICY_ID IS NULL THEN 1 END) AS approx_null_count
    FROM EKAI.demoModel_18_marts.fct_claims
    HAVING APPROX_COUNT_DISTINCT(CASE WHEN POLICY_ID IS NULL THEN 1 END) > 0

    UNION ALL

    SELECT
        'fct_claims' AS source_table,
        'LOB_CODE' AS column_name,
        APPROX_COUNT_DISTINCT(CASE WHEN LOB_CODE IS NULL THEN 1 END) AS approx_null_count
    FROM EKAI.demoModel_18_marts.fct_claims
    HAVING APPROX_COUNT_DISTINCT(CASE WHEN LOB_CODE IS NULL THEN 1 END) > 0

    UNION ALL

    SELECT
        'fct_claims' AS source_table,
        'TOTAL_INCURRED' AS column_name,
        APPROX_COUNT_DISTINCT(CASE WHEN TOTAL_INCURRED IS NULL THEN 1 END) AS approx_null_count
    FROM EKAI.demoModel_18_marts.fct_claims
    HAVING APPROX_COUNT_DISTINCT(CASE WHEN TOTAL_INCURRED IS NULL THEN 1 END) > 0
),

fct_policy_premiums_nulls AS (
    SELECT
        'fct_policy_premiums' AS source_table,
        'PREMIUM_ID' AS column_name,
        APPROX_COUNT_DISTINCT(CASE WHEN PREMIUM_ID IS NULL THEN 1 END) AS approx_null_count
    FROM EKAI.demoModel_18_marts.fct_policy_premiums
    HAVING APPROX_COUNT_DISTINCT(CASE WHEN PREMIUM_ID IS NULL THEN 1 END) > 0

    UNION ALL

    SELECT
        'fct_policy_premiums' AS source_table,
        'POLICY_ID' AS column_name,
        APPROX_COUNT_DISTINCT(CASE WHEN POLICY_ID IS NULL THEN 1 END) AS approx_null_count
    FROM EKAI.demoModel_18_marts.fct_policy_premiums
    HAVING APPROX_COUNT_DISTINCT(CASE WHEN POLICY_ID IS NULL THEN 1 END) > 0

    UNION ALL

    SELECT
        'fct_policy_premiums' AS source_table,
        'EARNED_PREMIUM' AS column_name,
        APPROX_COUNT_DISTINCT(CASE WHEN EARNED_PREMIUM IS NULL THEN 1 END) AS approx_null_count
    FROM EKAI.demoModel_18_marts.fct_policy_premiums
    HAVING APPROX_COUNT_DISTINCT(CASE WHEN EARNED_PREMIUM IS NULL THEN 1 END) > 0
),

dim_policies_nulls AS (
    SELECT
        'dim_policies' AS source_table,
        'POLICY_ID' AS column_name,
        APPROX_COUNT_DISTINCT(CASE WHEN POLICY_ID IS NULL THEN 1 END) AS approx_null_count
    FROM EKAI.demoModel_18_marts.dim_policies
    HAVING APPROX_COUNT_DISTINCT(CASE WHEN POLICY_ID IS NULL THEN 1 END) > 0

    UNION ALL

    SELECT
        'dim_policies' AS source_table,
        'POLICY_NUMBER' AS column_name,
        APPROX_COUNT_DISTINCT(CASE WHEN POLICY_NUMBER IS NULL THEN 1 END) AS approx_null_count
    FROM EKAI.demoModel_18_marts.dim_policies
    HAVING APPROX_COUNT_DISTINCT(CASE WHEN POLICY_NUMBER IS NULL THEN 1 END) > 0

    UNION ALL

    SELECT
        'dim_policies' AS source_table,
        'POLICY_VERSION' AS column_name,
        APPROX_COUNT_DISTINCT(CASE WHEN POLICY_VERSION IS NULL THEN 1 END) AS approx_null_count
    FROM EKAI.demoModel_18_marts.dim_policies
    HAVING APPROX_COUNT_DISTINCT(CASE WHEN POLICY_VERSION IS NULL THEN 1 END) > 0

    UNION ALL

    SELECT
        'dim_policies' AS source_table,
        'LOB_CODE' AS column_name,
        APPROX_COUNT_DISTINCT(CASE WHEN LOB_CODE IS NULL THEN 1 END) AS approx_null_count
    FROM EKAI.demoModel_18_marts.dim_policies
    HAVING APPROX_COUNT_DISTINCT(CASE WHEN LOB_CODE IS NULL THEN 1 END) > 0

    UNION ALL

    SELECT
        'dim_policies' AS source_table,
        'STATE_CODE' AS column_name,
        APPROX_COUNT_DISTINCT(CASE WHEN STATE_CODE IS NULL THEN 1 END) AS approx_null_count
    FROM EKAI.demoModel_18_marts.dim_policies
    HAVING APPROX_COUNT_DISTINCT(CASE WHEN STATE_CODE IS NULL THEN 1 END) > 0
),

dim_agents_nulls AS (
    SELECT
        'dim_agents' AS source_table,
        'AGENT_ID' AS column_name,
        APPROX_COUNT_DISTINCT(CASE WHEN AGENT_ID IS NULL THEN 1 END) AS approx_null_count
    FROM EKAI.demoModel_18_marts.dim_agents
    HAVING APPROX_COUNT_DISTINCT(CASE WHEN AGENT_ID IS NULL THEN 1 END) > 0

    UNION ALL

    SELECT
        'dim_agents' AS source_table,
        'AGENCY_ID' AS column_name,
        APPROX_COUNT_DISTINCT(CASE WHEN AGENCY_ID IS NULL THEN 1 END) AS approx_null_count
    FROM EKAI.demoModel_18_marts.dim_agents
    HAVING APPROX_COUNT_DISTINCT(CASE WHEN AGENCY_ID IS NULL THEN 1 END) > 0

    UNION ALL

    SELECT
        'dim_agents' AS source_table,
        'COMMISSION_SPLIT' AS column_name,
        APPROX_COUNT_DISTINCT(CASE WHEN COMMISSION_SPLIT IS NULL THEN 1 END) AS approx_null_count
    FROM EKAI.demoModel_18_marts.dim_agents
    HAVING APPROX_COUNT_DISTINCT(CASE WHEN COMMISSION_SPLIT IS NULL THEN 1 END) > 0
),

dim_agencies_nulls AS (
    SELECT
        'dim_agencies' AS source_table,
        'AGENCY_ID' AS column_name,
        APPROX_COUNT_DISTINCT(CASE WHEN AGENCY_ID IS NULL THEN 1 END) AS approx_null_count
    FROM EKAI.demoModel_18_marts.dim_agencies
    HAVING APPROX_COUNT_DISTINCT(CASE WHEN AGENCY_ID IS NULL THEN 1 END) > 0

    UNION ALL

    SELECT
        'dim_agencies' AS source_table,
        'COMMISSION_RATE' AS column_name,
        APPROX_COUNT_DISTINCT(CASE WHEN COMMISSION_RATE IS NULL THEN 1 END) AS approx_null_count
    FROM EKAI.demoModel_18_marts.dim_agencies
    HAVING APPROX_COUNT_DISTINCT(CASE WHEN COMMISSION_RATE IS NULL THEN 1 END) > 0
),

all_null_violations AS (
    SELECT * FROM fct_claims_nulls
    UNION ALL
    SELECT * FROM fct_policy_premiums_nulls
    UNION ALL
    SELECT * FROM dim_policies_nulls
    UNION ALL
    SELECT * FROM dim_agents_nulls
    UNION ALL
    SELECT * FROM dim_agencies_nulls
)

-- This test will fail if any critical fields have NULL values
SELECT *
FROM all_null_violations
  
  
      
    ) dbt_internal_test
[0m10:11:37.019666 [debug] [Thread-2 (]: SQL status: SUCCESS 1 in 1.641 seconds
[0m10:11:37.023447 [info ] [Thread-2 (]: 5 of 9 PASS test_loss_ratio_reasonableness ..................................... [[32mPASS[0m in 1.67s]
[0m10:11:37.026408 [debug] [Thread-2 (]: Finished running node test.sentinel_insurance.test_loss_ratio_reasonableness
[0m10:11:37.027364 [debug] [Thread-2 (]: Began running node test.sentinel_insurance.test_premium_transaction_count
[0m10:11:37.028466 [info ] [Thread-2 (]: 7 of 9 START test test_premium_transaction_count ............................... [RUN]
[0m10:11:37.029493 [debug] [Thread-2 (]: Re-using an available connection from the pool (formerly test.sentinel_insurance.test_loss_ratio_reasonableness, now test.sentinel_insurance.test_premium_transaction_count)
[0m10:11:37.030158 [debug] [Thread-2 (]: Began compiling node test.sentinel_insurance.test_premium_transaction_count
[0m10:11:37.035978 [debug] [Thread-2 (]: Writing injected SQL for node "test.sentinel_insurance.test_premium_transaction_count"
[0m10:11:37.037088 [debug] [Thread-2 (]: Began executing node test.sentinel_insurance.test_premium_transaction_count
[0m10:11:37.043184 [debug] [Thread-2 (]: Writing runtime sql for node "test.sentinel_insurance.test_premium_transaction_count"
[0m10:11:37.046404 [debug] [Thread-2 (]: Using snowflake connection "test.sentinel_insurance.test_premium_transaction_count"
[0m10:11:37.047221 [debug] [Thread-2 (]: On test.sentinel_insurance.test_premium_transaction_count: /* {"app": "dbt", "dbt_version": "1.9.10", "profile_name": "ekai_dbt", "target_name": "dev", "node_id": "test.sentinel_insurance.test_premium_transaction_count"} */
select
      count(*) as failures,
      count(*) != 0 as should_warn,
      count(*) != 0 as should_error
    from (
      
    
  -- Test: Premium Transaction Count Reasonableness (Sampled)
-- Validates that active policies have at least one premium transaction
-- Uses sampling to limit performance impact

WITH sampled_active_policies AS (
    SELECT
        POLICY_ID,
        POLICY_NUMBER,
        STATUS
    FROM EKAI.demoModel_18_marts.dim_policies
    WHERE STATUS = 'Active'
    -- Sample 5,000 active policies using QUALIFY
    QUALIFY ROW_NUMBER() OVER (ORDER BY RANDOM()) <= 5000
),

premium_transaction_count AS (
    SELECT
        p.POLICY_ID,
        p.POLICY_NUMBER,
        p.STATUS,
        COUNT(pp.PREMIUM_ID) AS PREMIUM_TRANSACTION_COUNT
    FROM sampled_active_policies p
    LEFT JOIN EKAI.demoModel_18_marts.fct_policy_premiums pp ON p.POLICY_ID = pp.POLICY_ID
    GROUP BY p.POLICY_ID, p.POLICY_NUMBER, p.STATUS
),

policies_without_premiums AS (
    SELECT
        POLICY_ID,
        POLICY_NUMBER,
        STATUS,
        PREMIUM_TRANSACTION_COUNT
    FROM premium_transaction_count
    WHERE PREMIUM_TRANSACTION_COUNT = 0
)

-- This test will warn if active policies have no premium transactions
SELECT *
FROM policies_without_premiums
  
  
      
    ) dbt_internal_test
[0m10:11:37.815484 [debug] [Thread-2 (]: SQL status: SUCCESS 1 in 0.767 seconds
[0m10:11:37.819486 [info ] [Thread-2 (]: 7 of 9 PASS test_premium_transaction_count ..................................... [[32mPASS[0m in 0.79s]
[0m10:11:37.820545 [debug] [Thread-2 (]: Finished running node test.sentinel_insurance.test_premium_transaction_count
[0m10:11:37.821299 [debug] [Thread-2 (]: Began running node test.sentinel_insurance.test_primary_key_uniqueness_efficient
[0m10:11:37.821933 [info ] [Thread-2 (]: 8 of 9 START test test_primary_key_uniqueness_efficient ........................ [RUN]
[0m10:11:37.822660 [debug] [Thread-2 (]: Re-using an available connection from the pool (formerly test.sentinel_insurance.test_premium_transaction_count, now test.sentinel_insurance.test_primary_key_uniqueness_efficient)
[0m10:11:37.823299 [debug] [Thread-2 (]: Began compiling node test.sentinel_insurance.test_primary_key_uniqueness_efficient
[0m10:11:37.830790 [debug] [Thread-2 (]: Writing injected SQL for node "test.sentinel_insurance.test_primary_key_uniqueness_efficient"
[0m10:11:37.832563 [debug] [Thread-2 (]: Began executing node test.sentinel_insurance.test_primary_key_uniqueness_efficient
[0m10:11:37.839324 [debug] [Thread-2 (]: Writing runtime sql for node "test.sentinel_insurance.test_primary_key_uniqueness_efficient"
[0m10:11:37.844455 [debug] [Thread-2 (]: Using snowflake connection "test.sentinel_insurance.test_primary_key_uniqueness_efficient"
[0m10:11:37.845626 [debug] [Thread-2 (]: On test.sentinel_insurance.test_primary_key_uniqueness_efficient: /* {"app": "dbt", "dbt_version": "1.9.10", "profile_name": "ekai_dbt", "target_name": "dev", "node_id": "test.sentinel_insurance.test_primary_key_uniqueness_efficient"} */
select
      count(*) as failures,
      count(*) != 0 as should_warn,
      count(*) != 0 as should_error
    from (
      
    
  -- Test: Efficient Primary Key Uniqueness Check using HyperLogLog (Probabilistic)
-- Tests multiple models for PK uniqueness using approximate distinct counts
-- This is more efficient than full scans for large datasets

WITH fct_claims_check AS (
    SELECT
        'fct_claims' AS model_name,
        'CLAIM_ID' AS pk_column,
        COUNT(*) AS total_rows,
        HLL(CLAIM_ID) AS approx_distinct_count
    FROM EKAI.demoModel_18_marts.fct_claims
    HAVING COUNT(*) != HLL(CLAIM_ID)
),

fct_claim_payments_check AS (
    SELECT
        'fct_claim_payments' AS model_name,
        'PAYMENT_ID' AS pk_column,
        COUNT(*) AS total_rows,
        HLL(PAYMENT_ID) AS approx_distinct_count
    FROM EKAI.demoModel_18_marts.fct_claim_payments
    HAVING COUNT(*) != HLL(PAYMENT_ID)
),

fct_policy_premiums_check AS (
    SELECT
        'fct_policy_premiums' AS model_name,
        'PREMIUM_ID' AS pk_column,
        COUNT(*) AS total_rows,
        HLL(PREMIUM_ID) AS approx_distinct_count
    FROM EKAI.demoModel_18_marts.fct_policy_premiums
    HAVING COUNT(*) != HLL(PREMIUM_ID)
),

dim_policies_check AS (
    SELECT
        'dim_policies' AS model_name,
        'POLICY_ID' AS pk_column,
        COUNT(*) AS total_rows,
        HLL(POLICY_ID) AS approx_distinct_count
    FROM EKAI.demoModel_18_marts.dim_policies
    HAVING COUNT(*) != HLL(POLICY_ID)
),

dim_agents_check AS (
    SELECT
        'dim_agents' AS model_name,
        'AGENT_ID' AS pk_column,
        COUNT(*) AS total_rows,
        HLL(AGENT_ID) AS approx_distinct_count
    FROM EKAI.demoModel_18_marts.dim_agents
    HAVING COUNT(*) != HLL(AGENT_ID)
),

dim_agencies_check AS (
    SELECT
        'dim_agencies' AS model_name,
        'AGENCY_ID' AS pk_column,
        COUNT(*) AS total_rows,
        HLL(AGENCY_ID) AS approx_distinct_count
    FROM EKAI.demoModel_18_marts.dim_agencies
    HAVING COUNT(*) != HLL(AGENCY_ID)
),

all_failures AS (
    SELECT * FROM fct_claims_check
    UNION ALL
    SELECT * FROM fct_claim_payments_check
    UNION ALL
    SELECT * FROM fct_policy_premiums_check
    UNION ALL
    SELECT * FROM dim_policies_check
    UNION ALL
    SELECT * FROM dim_agents_check
    UNION ALL
    SELECT * FROM dim_agencies_check
)

-- This test will fail if any model has duplicate primary keys
SELECT *
FROM all_failures
  
  
      
    ) dbt_internal_test
[0m10:11:38.400885 [debug] [Thread-4 (]: SQL status: SUCCESS 1 in 3.875 seconds
[0m10:11:38.404601 [info ] [Thread-4 (]: 4 of 9 PASS test_code_consistency_state ........................................ [[32mPASS[0m in 3.99s]
[0m10:11:38.405751 [debug] [Thread-4 (]: Finished running node test.sentinel_insurance.test_code_consistency_state
[0m10:11:38.406463 [debug] [Thread-4 (]: Began running node test.sentinel_insurance.test_value_ranges_sampled
[0m10:11:38.407100 [info ] [Thread-4 (]: 9 of 9 START test test_value_ranges_sampled .................................... [RUN]
[0m10:11:38.407862 [debug] [Thread-4 (]: Re-using an available connection from the pool (formerly test.sentinel_insurance.test_code_consistency_state, now test.sentinel_insurance.test_value_ranges_sampled)
[0m10:11:38.408566 [debug] [Thread-4 (]: Began compiling node test.sentinel_insurance.test_value_ranges_sampled
[0m10:11:38.418169 [debug] [Thread-4 (]: Writing injected SQL for node "test.sentinel_insurance.test_value_ranges_sampled"
[0m10:11:38.419270 [debug] [Thread-4 (]: Began executing node test.sentinel_insurance.test_value_ranges_sampled
[0m10:11:38.425204 [debug] [Thread-4 (]: Writing runtime sql for node "test.sentinel_insurance.test_value_ranges_sampled"
[0m10:11:38.432763 [debug] [Thread-4 (]: Using snowflake connection "test.sentinel_insurance.test_value_ranges_sampled"
[0m10:11:38.433876 [debug] [Thread-4 (]: On test.sentinel_insurance.test_value_ranges_sampled: /* {"app": "dbt", "dbt_version": "1.9.10", "profile_name": "ekai_dbt", "target_name": "dev", "node_id": "test.sentinel_insurance.test_value_ranges_sampled"} */
select
      count(*) as failures,
      count(*) != 0 as should_warn,
      count(*) != 0 as should_error
    from (
      
    
  -- Test: Comprehensive Value Range Validations (Sampled)
-- Tests multiple value range conditions across models using efficient sampling
-- Covers TOTAL_INCURRED >= 0, TOTAL_PAID >= 0, TOTAL_RESERVE >= 0, etc.

WITH claims_sample AS (
    SELECT
        'fct_claims' AS source_table,
        CLAIM_ID AS record_id,
        'TOTAL_INCURRED' AS failed_column,
        TOTAL_INCURRED AS failed_value
    FROM EKAI.demoModel_18_marts.fct_claims
    SAMPLE BERNOULLI (50000 ROWS)
    WHERE TOTAL_INCURRED < 0

    UNION ALL

    SELECT
        'fct_claims' AS source_table,
        CLAIM_ID AS record_id,
        'TOTAL_PAID' AS failed_column,
        TOTAL_PAID AS failed_value
    FROM EKAI.demoModel_18_marts.fct_claims
    SAMPLE BERNOULLI (50000 ROWS)
    WHERE TOTAL_PAID < 0

    UNION ALL

    SELECT
        'fct_claims' AS source_table,
        CLAIM_ID AS record_id,
        'TOTAL_RESERVE' AS failed_column,
        TOTAL_RESERVE AS failed_value
    FROM EKAI.demoModel_18_marts.fct_claims
    SAMPLE BERNOULLI (50000 ROWS)
    WHERE TOTAL_RESERVE < 0
),

premiums_sample AS (
    SELECT
        'fct_policy_premiums' AS source_table,
        PREMIUM_ID AS record_id,
        'EARNED_PREMIUM' AS failed_column,
        EARNED_PREMIUM AS failed_value
    FROM EKAI.demoModel_18_marts.fct_policy_premiums
    SAMPLE BERNOULLI (50000 ROWS)
    WHERE EARNED_PREMIUM < 0

    UNION ALL

    SELECT
        'fct_policy_premiums' AS source_table,
        PREMIUM_ID AS record_id,
        'WRITTEN_PREMIUM' AS failed_column,
        WRITTEN_PREMIUM AS failed_value
    FROM EKAI.demoModel_18_marts.fct_policy_premiums
    SAMPLE BERNOULLI (50000 ROWS)
    WHERE WRITTEN_PREMIUM < 0

    UNION ALL

    SELECT
        'fct_policy_premiums' AS source_table,
        PREMIUM_ID AS record_id,
        'COMMISSION_AMOUNT' AS failed_column,
        COMMISSION_AMOUNT AS failed_value
    FROM EKAI.demoModel_18_marts.fct_policy_premiums
    SAMPLE BERNOULLI (50000 ROWS)
    WHERE COMMISSION_AMOUNT < 0

    UNION ALL

    SELECT
        'fct_policy_premiums' AS source_table,
        PREMIUM_ID AS record_id,
        'AGENT_NET_REVENUE' AS failed_column,
        AGENT_NET_REVENUE AS failed_value
    FROM EKAI.demoModel_18_marts.fct_policy_premiums
    SAMPLE BERNOULLI (50000 ROWS)
    WHERE AGENT_NET_REVENUE < 0
),

policies_sample AS (
    SELECT
        'dim_policies' AS source_table,
        POLICY_ID AS record_id,
        'ANNUAL_PREMIUM' AS failed_column,
        ANNUAL_PREMIUM AS failed_value
    FROM EKAI.demoModel_18_marts.dim_policies
    SAMPLE BERNOULLI (20000 ROWS)
    WHERE ANNUAL_PREMIUM IS NOT NULL AND ANNUAL_PREMIUM <= 0

    UNION ALL

    SELECT
        'dim_policies' AS source_table,
        POLICY_ID AS record_id,
        'RISK_SCORE' AS failed_column,
        RISK_SCORE AS failed_value
    FROM EKAI.demoModel_18_marts.dim_policies
    SAMPLE BERNOULLI (20000 ROWS)
    WHERE RISK_SCORE IS NOT NULL AND (RISK_SCORE < 1 OR RISK_SCORE > 100)
),

agents_sample AS (
    SELECT
        'dim_agents' AS source_table,
        AGENT_ID AS record_id,
        'COMMISSION_SPLIT' AS failed_column,
        COMMISSION_SPLIT AS failed_value
    FROM EKAI.demoModel_18_marts.dim_agents
    WHERE COMMISSION_SPLIT IS NOT NULL AND (COMMISSION_SPLIT < 0 OR COMMISSION_SPLIT > 1)
),

agencies_sample AS (
    SELECT
        'dim_agencies' AS source_table,
        AGENCY_ID AS record_id,
        'COMMISSION_RATE' AS failed_column,
        COMMISSION_RATE AS failed_value
    FROM EKAI.demoModel_18_marts.dim_agencies
    WHERE COMMISSION_RATE IS NOT NULL AND (COMMISSION_RATE < 0 OR COMMISSION_RATE > 1)
),

all_failures AS (
    SELECT * FROM claims_sample
    UNION ALL
    SELECT * FROM premiums_sample
    UNION ALL
    SELECT * FROM policies_sample
    UNION ALL
    SELECT * FROM agents_sample
    UNION ALL
    SELECT * FROM agencies_sample
)

-- This test will fail if any values are outside expected ranges
SELECT *
FROM all_failures
  
  
      
    ) dbt_internal_test
[0m10:11:38.531958 [debug] [Thread-3 (]: SQL status: SUCCESS 1 in 3.988 seconds
[0m10:11:38.535729 [info ] [Thread-3 (]: 3 of 9 PASS test_code_consistency_lob .......................................... [[32mPASS[0m in 4.14s]
[0m10:11:38.537355 [debug] [Thread-3 (]: Finished running node test.sentinel_insurance.test_code_consistency_lob
[0m10:11:38.835387 [debug] [Thread-2 (]: SQL status: SUCCESS 1 in 0.989 seconds
[0m10:11:38.840387 [error] [Thread-2 (]: 8 of 9 FAIL 6 test_primary_key_uniqueness_efficient ............................ [[31mFAIL 6[0m in 1.02s]
[0m10:11:38.841639 [debug] [Thread-2 (]: Finished running node test.sentinel_insurance.test_primary_key_uniqueness_efficient
[0m10:11:39.197245 [debug] [Thread-1 (]: SQL status: SUCCESS 1 in 3.077 seconds
[0m10:11:39.201217 [info ] [Thread-1 (]: 6 of 9 PASS test_not_null_critical_fields ...................................... [[32mPASS[0m in 3.12s]
[0m10:11:39.202280 [debug] [Thread-1 (]: Finished running node test.sentinel_insurance.test_not_null_critical_fields
[0m10:11:40.955403 [debug] [Thread-4 (]: SQL status: SUCCESS 1 in 2.520 seconds
[0m10:11:40.961155 [error] [Thread-4 (]: 9 of 9 FAIL 72272 test_value_ranges_sampled .................................... [[31mFAIL 72272[0m in 2.55s]
[0m10:11:40.962210 [debug] [Thread-4 (]: Finished running node test.sentinel_insurance.test_value_ranges_sampled
[0m10:11:40.965394 [debug] [MainThread]: Connection 'master' was properly closed.
[0m10:11:40.966194 [debug] [MainThread]: Connection 'test.sentinel_insurance.test_not_null_critical_fields' was left open.
[0m10:11:40.966794 [debug] [MainThread]: On test.sentinel_insurance.test_not_null_critical_fields: Close
[0m10:11:41.038518 [debug] [MainThread]: Connection 'test.sentinel_insurance.test_primary_key_uniqueness_efficient' was left open.
[0m10:11:41.039296 [debug] [MainThread]: On test.sentinel_insurance.test_primary_key_uniqueness_efficient: Close
[0m10:11:41.091130 [debug] [MainThread]: Connection 'test.sentinel_insurance.test_code_consistency_lob' was left open.
[0m10:11:41.091900 [debug] [MainThread]: On test.sentinel_insurance.test_code_consistency_lob: Close
[0m10:11:41.164170 [debug] [MainThread]: Connection 'test.sentinel_insurance.test_value_ranges_sampled' was left open.
[0m10:11:41.165065 [debug] [MainThread]: On test.sentinel_insurance.test_value_ranges_sampled: Close
[0m10:11:41.242854 [info ] [MainThread]: 
[0m10:11:41.243673 [info ] [MainThread]: Finished running 9 data tests in 0 hours 0 minutes and 10.27 seconds (10.27s).
[0m10:11:41.249281 [debug] [MainThread]: Command end result
[0m10:11:41.317146 [debug] [MainThread]: Wrote artifact WritableManifest to /app/workspaces/18/target/manifest.json
[0m10:11:41.320679 [debug] [MainThread]: Wrote artifact SemanticManifest to /app/workspaces/18/target/semantic_manifest.json
[0m10:11:41.331283 [debug] [MainThread]: Wrote artifact RunExecutionResult to /app/workspaces/18/target/run_results.json
[0m10:11:41.331996 [info ] [MainThread]: 
[0m10:11:41.332715 [info ] [MainThread]: [31mCompleted with 2 errors, 0 partial successes, and 0 warnings:[0m
[0m10:11:41.333345 [info ] [MainThread]: 
[0m10:11:41.334038 [error] [MainThread]: [31mFailure in test test_primary_key_uniqueness_efficient (tests/marts/test_primary_key_uniqueness_efficient.sql)[0m
[0m10:11:41.334676 [error] [MainThread]:   Got 6 results, configured to fail if != 0
[0m10:11:41.335192 [info ] [MainThread]: 
[0m10:11:41.335825 [info ] [MainThread]:   compiled code at target/compiled/sentinel_insurance/tests/marts/test_primary_key_uniqueness_efficient.sql
[0m10:11:41.336372 [info ] [MainThread]: 
[0m10:11:41.337042 [error] [MainThread]: [31mFailure in test test_value_ranges_sampled (tests/marts/test_value_ranges_sampled.sql)[0m
[0m10:11:41.337627 [error] [MainThread]:   Got 72272 results, configured to fail if != 0
[0m10:11:41.338139 [info ] [MainThread]: 
[0m10:11:41.338747 [info ] [MainThread]:   compiled code at target/compiled/sentinel_insurance/tests/marts/test_value_ranges_sampled.sql
[0m10:11:41.339335 [info ] [MainThread]: 
[0m10:11:41.339899 [info ] [MainThread]: Done. PASS=7 WARN=0 ERROR=2 SKIP=0 TOTAL=9
[0m10:11:41.341292 [debug] [MainThread]: Resource report: {"command_name": "test", "command_success": false, "command_wall_clock_time": 16.321169, "process_in_blocks": "0", "process_kernel_time": 0.44995, "process_mem_max_rss": "261180", "process_out_blocks": "5592", "process_user_time": 11.38836}
[0m10:11:41.342073 [debug] [MainThread]: Command `dbt test` failed at 10:11:41.341951 after 16.32 seconds
[0m10:11:41.342731 [debug] [MainThread]: Sending event: {'category': 'dbt', 'action': 'invocation', 'label': 'end', 'context': [<snowplow_tracker.self_describing_json.SelfDescribingJson object at 0x7f387a630fe0>, <snowplow_tracker.self_describing_json.SelfDescribingJson object at 0x7f387a1856a0>, <snowplow_tracker.self_describing_json.SelfDescribingJson object at 0x7f387a11e180>]}
[0m10:11:41.343368 [debug] [MainThread]: Flushing usage events
[0m10:11:41.384053 [debug] [MainThread]: An error was encountered while trying to flush usage events
[0m10:12:22.606425 [debug] [MainThread]: Sending event: {'category': 'dbt', 'action': 'invocation', 'label': 'start', 'context': [<snowplow_tracker.self_describing_json.SelfDescribingJson object at 0x7f1cf9a2da90>, <snowplow_tracker.self_describing_json.SelfDescribingJson object at 0x7f1cf74ab9b0>, <snowplow_tracker.self_describing_json.SelfDescribingJson object at 0x7f1cf7497a70>]}


============================== 10:12:22.675361 | dade5df9-601f-4ff5-a0d1-fc286a6e5291 ==============================
[0m10:12:22.675361 [info ] [MainThread]: Running with dbt=1.9.10
[0m10:12:22.677669 [debug] [MainThread]: running dbt with arguments {'write_json': 'True', 'empty': 'False', 'cache_selected_only': 'False', 'debug': 'False', 'partial_parse': 'True', 'send_anonymous_usage_stats': 'True', 'invocation_command': 'dbt compile', 'log_cache_events': 'False', 'warn_error_options': 'WarnErrorOptions(include=[], exclude=[])', 'no_print': 'None', 'target_path': 'None', 'fail_fast': 'False', 'profiles_dir': '/app/workspaces/18', 'version_check': 'True', 'log_path': '/app/workspaces/18/logs', 'use_experimental_parser': 'False', 'warn_error': 'None', 'static_parser': 'True', 'use_colors': 'True', 'introspect': 'True', 'indirect_selection': 'eager', 'log_format': 'default', 'quiet': 'False', 'printer_width': '80'}
[0m10:12:26.607476 [debug] [MainThread]: Sending event: {'category': 'dbt', 'action': 'project_id', 'label': 'dade5df9-601f-4ff5-a0d1-fc286a6e5291', 'context': [<snowplow_tracker.self_describing_json.SelfDescribingJson object at 0x7f1cf7683b90>]}
[0m10:12:26.740940 [debug] [MainThread]: Sending event: {'category': 'dbt', 'action': 'adapter_info', 'label': 'dade5df9-601f-4ff5-a0d1-fc286a6e5291', 'context': [<snowplow_tracker.self_describing_json.SelfDescribingJson object at 0x7f1ce3666ae0>]}
[0m10:12:26.742440 [info ] [MainThread]: Registered adapter: snowflake=1.9.4
[0m10:12:27.080631 [debug] [MainThread]: checksum: c40cca0353c9a9b4dbd2a57cdc3e2440f5c9a71a795694b25a51e704baaf554e, vars: {}, profile: , target: , version: 1.9.10
[0m10:12:27.374117 [debug] [MainThread]: Partial parsing enabled: 0 files deleted, 0 files added, 1 files changed.
[0m10:12:27.375367 [debug] [MainThread]: Partial parsing: updated file: sentinel_insurance://tests/marts/test_value_ranges_sampled.sql
[0m10:12:27.799075 [debug] [MainThread]: Sending event: {'category': 'dbt', 'action': 'load_project', 'label': 'dade5df9-601f-4ff5-a0d1-fc286a6e5291', 'context': [<snowplow_tracker.self_describing_json.SelfDescribingJson object at 0x7f1ce0230fe0>]}
[0m10:12:28.142488 [debug] [MainThread]: Wrote artifact WritableManifest to /app/workspaces/18/target/manifest.json
[0m10:12:28.145929 [debug] [MainThread]: Wrote artifact SemanticManifest to /app/workspaces/18/target/semantic_manifest.json
[0m10:12:28.239093 [debug] [MainThread]: Sending event: {'category': 'dbt', 'action': 'resource_counts', 'label': 'dade5df9-601f-4ff5-a0d1-fc286a6e5291', 'context': [<snowplow_tracker.self_describing_json.SelfDescribingJson object at 0x7f1ce017b890>]}
[0m10:12:28.240009 [info ] [MainThread]: Found 22 models, 9 data tests, 12 sources, 616 macros
[0m10:12:28.240956 [debug] [MainThread]: Sending event: {'category': 'dbt', 'action': 'runnable_timing', 'label': 'dade5df9-601f-4ff5-a0d1-fc286a6e5291', 'context': [<snowplow_tracker.self_describing_json.SelfDescribingJson object at 0x7f1ce01ccce0>]}
[0m10:12:28.245741 [info ] [MainThread]: 
[0m10:12:28.246465 [info ] [MainThread]: Concurrency: 4 threads (target='dev')
[0m10:12:28.247012 [info ] [MainThread]: 
[0m10:12:28.247826 [debug] [MainThread]: Acquiring new snowflake connection 'master'
[0m10:12:28.256604 [debug] [ThreadPool]: Acquiring new snowflake connection 'list_EKAI_demoModel_18_marts'
[0m10:12:28.315893 [debug] [ThreadPool]: Acquiring new snowflake connection 'list_EKAI_demoModel_18_staging'
[0m10:12:28.351248 [debug] [ThreadPool]: Using snowflake connection "list_EKAI_demoModel_18_marts"
[0m10:12:28.352017 [debug] [ThreadPool]: On list_EKAI_demoModel_18_marts: /* {"app": "dbt", "dbt_version": "1.9.10", "profile_name": "ekai_dbt", "target_name": "dev", "connection_name": "list_EKAI_demoModel_18_marts"} */
alter session set quoted_identifiers_ignore_case = false;
[0m10:12:28.352592 [debug] [ThreadPool]: Opening a new connection, currently in state init
[0m10:12:28.361298 [debug] [ThreadPool]: Using snowflake connection "list_EKAI_demoModel_18_staging"
[0m10:12:28.362057 [debug] [ThreadPool]: On list_EKAI_demoModel_18_staging: /* {"app": "dbt", "dbt_version": "1.9.10", "profile_name": "ekai_dbt", "target_name": "dev", "connection_name": "list_EKAI_demoModel_18_staging"} */
alter session set quoted_identifiers_ignore_case = false;
[0m10:12:28.362618 [debug] [ThreadPool]: Opening a new connection, currently in state init
[0m10:12:31.118094 [debug] [ThreadPool]: SQL status: SUCCESS 1 in 2.765 seconds
[0m10:12:31.124957 [debug] [ThreadPool]: Using snowflake connection "list_EKAI_demoModel_18_marts"
[0m10:12:31.125717 [debug] [ThreadPool]: On list_EKAI_demoModel_18_marts: /* {"app": "dbt", "dbt_version": "1.9.10", "profile_name": "ekai_dbt", "target_name": "dev", "connection_name": "list_EKAI_demoModel_18_marts"} */
show objects in EKAI.demoModel_18_marts
    limit 10000
    
;
[0m10:12:31.153367 [debug] [ThreadPool]: SQL status: SUCCESS 1 in 2.791 seconds
[0m10:12:31.156638 [debug] [ThreadPool]: Using snowflake connection "list_EKAI_demoModel_18_staging"
[0m10:12:31.157744 [debug] [ThreadPool]: On list_EKAI_demoModel_18_staging: /* {"app": "dbt", "dbt_version": "1.9.10", "profile_name": "ekai_dbt", "target_name": "dev", "connection_name": "list_EKAI_demoModel_18_staging"} */
show objects in EKAI.demoModel_18_staging
    limit 10000
    
;
[0m10:12:31.253595 [debug] [ThreadPool]: SQL status: SUCCESS 10 in 0.127 seconds
[0m10:12:31.257319 [debug] [ThreadPool]: Using snowflake connection "list_EKAI_demoModel_18_marts"
[0m10:12:31.258112 [debug] [ThreadPool]: On list_EKAI_demoModel_18_marts: /* {"app": "dbt", "dbt_version": "1.9.10", "profile_name": "ekai_dbt", "target_name": "dev", "connection_name": "list_EKAI_demoModel_18_marts"} */
alter session unset quoted_identifiers_ignore_case;
[0m10:12:31.299987 [debug] [ThreadPool]: SQL status: SUCCESS 12 in 0.142 seconds
[0m10:12:31.303377 [debug] [ThreadPool]: Using snowflake connection "list_EKAI_demoModel_18_staging"
[0m10:12:31.304062 [debug] [ThreadPool]: On list_EKAI_demoModel_18_staging: /* {"app": "dbt", "dbt_version": "1.9.10", "profile_name": "ekai_dbt", "target_name": "dev", "connection_name": "list_EKAI_demoModel_18_staging"} */
alter session unset quoted_identifiers_ignore_case;
[0m10:12:31.356217 [debug] [ThreadPool]: SQL status: SUCCESS 1 in 0.097 seconds
[0m10:12:31.394665 [debug] [ThreadPool]: SQL status: SUCCESS 1 in 0.089 seconds
[0m10:12:31.400687 [debug] [MainThread]: Sending event: {'category': 'dbt', 'action': 'runnable_timing', 'label': 'dade5df9-601f-4ff5-a0d1-fc286a6e5291', 'context': [<snowplow_tracker.self_describing_json.SelfDescribingJson object at 0x7f1ce0211b50>]}
[0m10:12:31.406019 [debug] [Thread-1 (]: Began running node model.sentinel_insurance.stg_agencies
[0m10:12:31.406887 [debug] [Thread-1 (]: Re-using an available connection from the pool (formerly list_EKAI_demoModel_18_staging, now model.sentinel_insurance.stg_agencies)
[0m10:12:31.407551 [debug] [Thread-1 (]: Began compiling node model.sentinel_insurance.stg_agencies
[0m10:12:31.414285 [debug] [Thread-2 (]: Began running node model.sentinel_insurance.stg_agents
[0m10:12:31.415264 [debug] [Thread-2 (]: Re-using an available connection from the pool (formerly list_EKAI_demoModel_18_marts, now model.sentinel_insurance.stg_agents)
[0m10:12:31.415961 [debug] [Thread-2 (]: Began compiling node model.sentinel_insurance.stg_agents
[0m10:12:31.416688 [debug] [Thread-3 (]: Began running node model.sentinel_insurance.stg_claim_payments
[0m10:12:31.417869 [debug] [Thread-3 (]: Acquiring new snowflake connection 'model.sentinel_insurance.stg_claim_payments'
[0m10:12:31.418543 [debug] [Thread-3 (]: Began compiling node model.sentinel_insurance.stg_claim_payments
[0m10:12:31.419211 [debug] [Thread-4 (]: Began running node model.sentinel_insurance.stg_claims
[0m10:12:31.419999 [debug] [Thread-4 (]: Acquiring new snowflake connection 'model.sentinel_insurance.stg_claims'
[0m10:12:31.420605 [debug] [Thread-4 (]: Began compiling node model.sentinel_insurance.stg_claims
[0m10:12:31.427672 [debug] [Thread-1 (]: Writing injected SQL for node "model.sentinel_insurance.stg_agencies"
[0m10:12:31.428751 [debug] [Thread-1 (]: Began executing node model.sentinel_insurance.stg_agencies
[0m10:12:31.430029 [debug] [Thread-1 (]: Finished running node model.sentinel_insurance.stg_agencies
[0m10:12:31.430725 [debug] [Thread-1 (]: Began running node model.sentinel_insurance.stg_parties
[0m10:12:31.431377 [debug] [Thread-1 (]: Re-using an available connection from the pool (formerly model.sentinel_insurance.stg_agencies, now model.sentinel_insurance.stg_parties)
[0m10:12:31.432005 [debug] [Thread-1 (]: Began compiling node model.sentinel_insurance.stg_parties
[0m10:12:31.437466 [debug] [Thread-2 (]: Writing injected SQL for node "model.sentinel_insurance.stg_agents"
[0m10:12:31.438466 [debug] [Thread-2 (]: Began executing node model.sentinel_insurance.stg_agents
[0m10:12:31.439584 [debug] [Thread-2 (]: Finished running node model.sentinel_insurance.stg_agents
[0m10:12:31.440282 [debug] [Thread-2 (]: Began running node model.sentinel_insurance.stg_policies
[0m10:12:31.440993 [debug] [Thread-2 (]: Re-using an available connection from the pool (formerly model.sentinel_insurance.stg_agents, now model.sentinel_insurance.stg_policies)
[0m10:12:31.441638 [debug] [Thread-2 (]: Began compiling node model.sentinel_insurance.stg_policies
[0m10:12:31.446823 [debug] [Thread-3 (]: Writing injected SQL for node "model.sentinel_insurance.stg_claim_payments"
[0m10:12:31.447850 [debug] [Thread-3 (]: Began executing node model.sentinel_insurance.stg_claim_payments
[0m10:12:31.449024 [debug] [Thread-3 (]: Finished running node model.sentinel_insurance.stg_claim_payments
[0m10:12:31.449711 [debug] [Thread-3 (]: Began running node model.sentinel_insurance.stg_policy_coverages
[0m10:12:31.450388 [debug] [Thread-3 (]: Re-using an available connection from the pool (formerly model.sentinel_insurance.stg_claim_payments, now model.sentinel_insurance.stg_policy_coverages)
[0m10:12:31.451012 [debug] [Thread-3 (]: Began compiling node model.sentinel_insurance.stg_policy_coverages
[0m10:12:31.456948 [debug] [Thread-4 (]: Writing injected SQL for node "model.sentinel_insurance.stg_claims"
[0m10:12:31.458006 [debug] [Thread-4 (]: Began executing node model.sentinel_insurance.stg_claims
[0m10:12:31.459136 [debug] [Thread-4 (]: Finished running node model.sentinel_insurance.stg_claims
[0m10:12:31.459825 [debug] [Thread-4 (]: Began running node model.sentinel_insurance.stg_policy_premiums
[0m10:12:31.460483 [debug] [Thread-4 (]: Re-using an available connection from the pool (formerly model.sentinel_insurance.stg_claims, now model.sentinel_insurance.stg_policy_premiums)
[0m10:12:31.461169 [debug] [Thread-4 (]: Began compiling node model.sentinel_insurance.stg_policy_premiums
[0m10:12:31.466392 [debug] [Thread-1 (]: Writing injected SQL for node "model.sentinel_insurance.stg_parties"
[0m10:12:31.467431 [debug] [Thread-1 (]: Began executing node model.sentinel_insurance.stg_parties
[0m10:12:31.468555 [debug] [Thread-1 (]: Finished running node model.sentinel_insurance.stg_parties
[0m10:12:31.469274 [debug] [Thread-1 (]: Began running node model.sentinel_insurance.stg_ref_cause_of_loss
[0m10:12:31.469927 [debug] [Thread-1 (]: Re-using an available connection from the pool (formerly model.sentinel_insurance.stg_parties, now model.sentinel_insurance.stg_ref_cause_of_loss)
[0m10:12:31.470532 [debug] [Thread-1 (]: Began compiling node model.sentinel_insurance.stg_ref_cause_of_loss
[0m10:12:31.476393 [debug] [Thread-2 (]: Writing injected SQL for node "model.sentinel_insurance.stg_policies"
[0m10:12:31.477551 [debug] [Thread-2 (]: Began executing node model.sentinel_insurance.stg_policies
[0m10:12:31.478726 [debug] [Thread-2 (]: Finished running node model.sentinel_insurance.stg_policies
[0m10:12:31.479414 [debug] [Thread-2 (]: Began running node model.sentinel_insurance.stg_ref_coverage_codes
[0m10:12:31.480084 [debug] [Thread-2 (]: Re-using an available connection from the pool (formerly model.sentinel_insurance.stg_policies, now model.sentinel_insurance.stg_ref_coverage_codes)
[0m10:12:31.480713 [debug] [Thread-2 (]: Began compiling node model.sentinel_insurance.stg_ref_coverage_codes
[0m10:12:31.485995 [debug] [Thread-3 (]: Writing injected SQL for node "model.sentinel_insurance.stg_policy_coverages"
[0m10:12:31.487000 [debug] [Thread-3 (]: Began executing node model.sentinel_insurance.stg_policy_coverages
[0m10:12:31.488093 [debug] [Thread-3 (]: Finished running node model.sentinel_insurance.stg_policy_coverages
[0m10:12:31.488806 [debug] [Thread-3 (]: Began running node model.sentinel_insurance.stg_ref_line_of_business
[0m10:12:31.493030 [debug] [Thread-3 (]: Re-using an available connection from the pool (formerly model.sentinel_insurance.stg_policy_coverages, now model.sentinel_insurance.stg_ref_line_of_business)
[0m10:12:31.493814 [debug] [Thread-3 (]: Began compiling node model.sentinel_insurance.stg_ref_line_of_business
[0m10:12:31.499412 [debug] [Thread-4 (]: Writing injected SQL for node "model.sentinel_insurance.stg_policy_premiums"
[0m10:12:31.500496 [debug] [Thread-4 (]: Began executing node model.sentinel_insurance.stg_policy_premiums
[0m10:12:31.501700 [debug] [Thread-4 (]: Finished running node model.sentinel_insurance.stg_policy_premiums
[0m10:12:31.502389 [debug] [Thread-4 (]: Began running node model.sentinel_insurance.stg_ref_states
[0m10:12:31.503055 [debug] [Thread-4 (]: Re-using an available connection from the pool (formerly model.sentinel_insurance.stg_policy_premiums, now model.sentinel_insurance.stg_ref_states)
[0m10:12:31.503643 [debug] [Thread-4 (]: Began compiling node model.sentinel_insurance.stg_ref_states
[0m10:12:31.510801 [debug] [Thread-1 (]: Writing injected SQL for node "model.sentinel_insurance.stg_ref_cause_of_loss"
[0m10:12:31.511815 [debug] [Thread-1 (]: Began executing node model.sentinel_insurance.stg_ref_cause_of_loss
[0m10:12:31.513061 [debug] [Thread-1 (]: Finished running node model.sentinel_insurance.stg_ref_cause_of_loss
[0m10:12:31.513768 [debug] [Thread-1 (]: Began running node model.sentinel_insurance.dim_agencies
[0m10:12:31.514430 [debug] [Thread-1 (]: Re-using an available connection from the pool (formerly model.sentinel_insurance.stg_ref_cause_of_loss, now model.sentinel_insurance.dim_agencies)
[0m10:12:31.515041 [debug] [Thread-1 (]: Began compiling node model.sentinel_insurance.dim_agencies
[0m10:12:31.520261 [debug] [Thread-2 (]: Writing injected SQL for node "model.sentinel_insurance.stg_ref_coverage_codes"
[0m10:12:31.521368 [debug] [Thread-2 (]: Began executing node model.sentinel_insurance.stg_ref_coverage_codes
[0m10:12:31.522516 [debug] [Thread-2 (]: Finished running node model.sentinel_insurance.stg_ref_coverage_codes
[0m10:12:31.523223 [debug] [Thread-2 (]: Began running node model.sentinel_insurance.dim_agents
[0m10:12:31.523910 [debug] [Thread-2 (]: Re-using an available connection from the pool (formerly model.sentinel_insurance.stg_ref_coverage_codes, now model.sentinel_insurance.dim_agents)
[0m10:12:31.524554 [debug] [Thread-2 (]: Began compiling node model.sentinel_insurance.dim_agents
[0m10:12:31.529932 [debug] [Thread-3 (]: Writing injected SQL for node "model.sentinel_insurance.stg_ref_line_of_business"
[0m10:12:31.530929 [debug] [Thread-3 (]: Began executing node model.sentinel_insurance.stg_ref_line_of_business
[0m10:12:31.532090 [debug] [Thread-3 (]: Finished running node model.sentinel_insurance.stg_ref_line_of_business
[0m10:12:31.532807 [debug] [Thread-3 (]: Began running node model.sentinel_insurance.dim_policies
[0m10:12:31.533593 [debug] [Thread-3 (]: Re-using an available connection from the pool (formerly model.sentinel_insurance.stg_ref_line_of_business, now model.sentinel_insurance.dim_policies)
[0m10:12:31.534204 [debug] [Thread-3 (]: Began compiling node model.sentinel_insurance.dim_policies
[0m10:12:31.539407 [debug] [Thread-4 (]: Writing injected SQL for node "model.sentinel_insurance.stg_ref_states"
[0m10:12:31.540625 [debug] [Thread-4 (]: Began executing node model.sentinel_insurance.stg_ref_states
[0m10:12:31.541976 [debug] [Thread-4 (]: Finished running node model.sentinel_insurance.stg_ref_states
[0m10:12:31.542654 [debug] [Thread-4 (]: Began running node model.sentinel_insurance.fct_claim_payments
[0m10:12:31.543343 [debug] [Thread-4 (]: Re-using an available connection from the pool (formerly model.sentinel_insurance.stg_ref_states, now model.sentinel_insurance.fct_claim_payments)
[0m10:12:31.543950 [debug] [Thread-4 (]: Began compiling node model.sentinel_insurance.fct_claim_payments
[0m10:12:31.549127 [debug] [Thread-1 (]: Writing injected SQL for node "model.sentinel_insurance.dim_agencies"
[0m10:12:31.550116 [debug] [Thread-1 (]: Began executing node model.sentinel_insurance.dim_agencies
[0m10:12:31.551202 [debug] [Thread-1 (]: Finished running node model.sentinel_insurance.dim_agencies
[0m10:12:31.551872 [debug] [Thread-1 (]: Began running node model.sentinel_insurance.fct_claims
[0m10:12:31.552535 [debug] [Thread-1 (]: Re-using an available connection from the pool (formerly model.sentinel_insurance.dim_agencies, now model.sentinel_insurance.fct_claims)
[0m10:12:31.553215 [debug] [Thread-1 (]: Began compiling node model.sentinel_insurance.fct_claims
[0m10:12:31.558394 [debug] [Thread-2 (]: Writing injected SQL for node "model.sentinel_insurance.dim_agents"
[0m10:12:31.559423 [debug] [Thread-2 (]: Began executing node model.sentinel_insurance.dim_agents
[0m10:12:31.560551 [debug] [Thread-2 (]: Finished running node model.sentinel_insurance.dim_agents
[0m10:12:31.566208 [debug] [Thread-3 (]: Writing injected SQL for node "model.sentinel_insurance.dim_policies"
[0m10:12:31.567223 [debug] [Thread-3 (]: Began executing node model.sentinel_insurance.dim_policies
[0m10:12:31.568319 [debug] [Thread-3 (]: Finished running node model.sentinel_insurance.dim_policies
[0m10:12:31.573489 [debug] [Thread-4 (]: Writing injected SQL for node "model.sentinel_insurance.fct_claim_payments"
[0m10:12:31.574429 [debug] [Thread-4 (]: Began executing node model.sentinel_insurance.fct_claim_payments
[0m10:12:31.575510 [debug] [Thread-4 (]: Finished running node model.sentinel_insurance.fct_claim_payments
[0m10:12:31.576180 [debug] [Thread-4 (]: Began running node model.sentinel_insurance.dim_cause_of_loss
[0m10:12:31.576899 [debug] [Thread-4 (]: Re-using an available connection from the pool (formerly model.sentinel_insurance.fct_claim_payments, now model.sentinel_insurance.dim_cause_of_loss)
[0m10:12:31.577536 [debug] [Thread-4 (]: Began compiling node model.sentinel_insurance.dim_cause_of_loss
[0m10:12:31.578192 [debug] [Thread-2 (]: Began running node model.sentinel_insurance.dim_coverage_codes
[0m10:12:31.578810 [debug] [Thread-2 (]: Re-using an available connection from the pool (formerly model.sentinel_insurance.dim_agents, now model.sentinel_insurance.dim_coverage_codes)
[0m10:12:31.579399 [debug] [Thread-2 (]: Began compiling node model.sentinel_insurance.dim_coverage_codes
[0m10:12:31.584407 [debug] [Thread-1 (]: Writing injected SQL for node "model.sentinel_insurance.fct_claims"
[0m10:12:31.585466 [debug] [Thread-1 (]: Began executing node model.sentinel_insurance.fct_claims
[0m10:12:31.586556 [debug] [Thread-1 (]: Finished running node model.sentinel_insurance.fct_claims
[0m10:12:31.587257 [debug] [Thread-1 (]: Began running node model.sentinel_insurance.dim_line_of_business
[0m10:12:31.587930 [debug] [Thread-1 (]: Re-using an available connection from the pool (formerly model.sentinel_insurance.fct_claims, now model.sentinel_insurance.dim_line_of_business)
[0m10:12:31.588571 [debug] [Thread-1 (]: Began compiling node model.sentinel_insurance.dim_line_of_business
[0m10:12:31.589286 [debug] [Thread-3 (]: Began running node model.sentinel_insurance.dim_states
[0m10:12:31.590354 [debug] [Thread-3 (]: Re-using an available connection from the pool (formerly model.sentinel_insurance.dim_policies, now model.sentinel_insurance.dim_states)
[0m10:12:31.590986 [debug] [Thread-3 (]: Began compiling node model.sentinel_insurance.dim_states
[0m10:12:31.596099 [debug] [Thread-4 (]: Writing injected SQL for node "model.sentinel_insurance.dim_cause_of_loss"
[0m10:12:31.603667 [debug] [Thread-2 (]: Writing injected SQL for node "model.sentinel_insurance.dim_coverage_codes"
[0m10:12:31.609908 [debug] [Thread-1 (]: Writing injected SQL for node "model.sentinel_insurance.dim_line_of_business"
[0m10:12:31.611036 [debug] [Thread-1 (]: Began executing node model.sentinel_insurance.dim_line_of_business
[0m10:12:31.612206 [debug] [Thread-1 (]: Finished running node model.sentinel_insurance.dim_line_of_business
[0m10:12:31.612949 [debug] [Thread-1 (]: Began running node model.sentinel_insurance.fct_policy_premiums
[0m10:12:31.613643 [debug] [Thread-1 (]: Re-using an available connection from the pool (formerly model.sentinel_insurance.dim_line_of_business, now model.sentinel_insurance.fct_policy_premiums)
[0m10:12:31.614516 [debug] [Thread-1 (]: Began compiling node model.sentinel_insurance.fct_policy_premiums
[0m10:12:31.615309 [debug] [Thread-2 (]: Began executing node model.sentinel_insurance.dim_coverage_codes
[0m10:12:31.616400 [debug] [Thread-2 (]: Finished running node model.sentinel_insurance.dim_coverage_codes
[0m10:12:31.621709 [debug] [Thread-3 (]: Writing injected SQL for node "model.sentinel_insurance.dim_states"
[0m10:12:31.622777 [debug] [Thread-3 (]: Began executing node model.sentinel_insurance.dim_states
[0m10:12:31.623910 [debug] [Thread-3 (]: Finished running node model.sentinel_insurance.dim_states
[0m10:12:31.624629 [debug] [Thread-3 (]: Began running node test.sentinel_insurance.test_code_consistency_lob
[0m10:12:31.625340 [debug] [Thread-3 (]: Re-using an available connection from the pool (formerly model.sentinel_insurance.dim_states, now test.sentinel_insurance.test_code_consistency_lob)
[0m10:12:31.625984 [debug] [Thread-3 (]: Began compiling node test.sentinel_insurance.test_code_consistency_lob
[0m10:12:31.636919 [debug] [Thread-3 (]: Writing injected SQL for node "test.sentinel_insurance.test_code_consistency_lob"
[0m10:12:31.638076 [debug] [Thread-3 (]: Began executing node test.sentinel_insurance.test_code_consistency_lob
[0m10:12:31.639241 [debug] [Thread-3 (]: Finished running node test.sentinel_insurance.test_code_consistency_lob
[0m10:12:31.640049 [debug] [Thread-4 (]: Began executing node model.sentinel_insurance.dim_cause_of_loss
[0m10:12:31.641839 [debug] [Thread-4 (]: Finished running node model.sentinel_insurance.dim_cause_of_loss
[0m10:12:31.644198 [debug] [Thread-1 (]: Writing injected SQL for node "model.sentinel_insurance.fct_policy_premiums"
[0m10:12:31.645212 [debug] [Thread-1 (]: Began executing node model.sentinel_insurance.fct_policy_premiums
[0m10:12:31.646342 [debug] [Thread-1 (]: Finished running node model.sentinel_insurance.fct_policy_premiums
[0m10:12:31.647609 [debug] [Thread-3 (]: Began running node test.sentinel_insurance.test_agent_net_revenue_calculation
[0m10:12:31.648345 [debug] [Thread-3 (]: Re-using an available connection from the pool (formerly test.sentinel_insurance.test_code_consistency_lob, now test.sentinel_insurance.test_agent_net_revenue_calculation)
[0m10:12:31.649025 [debug] [Thread-3 (]: Began compiling node test.sentinel_insurance.test_agent_net_revenue_calculation
[0m10:12:31.654634 [debug] [Thread-3 (]: Writing injected SQL for node "test.sentinel_insurance.test_agent_net_revenue_calculation"
[0m10:12:31.655631 [debug] [Thread-3 (]: Began executing node test.sentinel_insurance.test_agent_net_revenue_calculation
[0m10:12:31.657288 [debug] [Thread-3 (]: Finished running node test.sentinel_insurance.test_agent_net_revenue_calculation
[0m10:12:31.658043 [debug] [Thread-3 (]: Began running node test.sentinel_insurance.test_code_consistency_cause
[0m10:12:31.658753 [debug] [Thread-3 (]: Re-using an available connection from the pool (formerly test.sentinel_insurance.test_agent_net_revenue_calculation, now test.sentinel_insurance.test_code_consistency_cause)
[0m10:12:31.659397 [debug] [Thread-3 (]: Began compiling node test.sentinel_insurance.test_code_consistency_cause
[0m10:12:31.666331 [debug] [Thread-4 (]: Began running node test.sentinel_insurance.test_code_consistency_state
[0m10:12:31.667121 [debug] [Thread-4 (]: Re-using an available connection from the pool (formerly model.sentinel_insurance.dim_cause_of_loss, now test.sentinel_insurance.test_code_consistency_state)
[0m10:12:31.667778 [debug] [Thread-4 (]: Began compiling node test.sentinel_insurance.test_code_consistency_state
[0m10:12:31.674056 [debug] [Thread-2 (]: Began running node test.sentinel_insurance.test_loss_ratio_reasonableness
[0m10:12:31.674835 [debug] [Thread-2 (]: Re-using an available connection from the pool (formerly model.sentinel_insurance.dim_coverage_codes, now test.sentinel_insurance.test_loss_ratio_reasonableness)
[0m10:12:31.675448 [debug] [Thread-2 (]: Began compiling node test.sentinel_insurance.test_loss_ratio_reasonableness
[0m10:12:31.681723 [debug] [Thread-1 (]: Began running node test.sentinel_insurance.test_not_null_critical_fields
[0m10:12:31.682664 [debug] [Thread-1 (]: Re-using an available connection from the pool (formerly model.sentinel_insurance.fct_policy_premiums, now test.sentinel_insurance.test_not_null_critical_fields)
[0m10:12:31.683321 [debug] [Thread-1 (]: Began compiling node test.sentinel_insurance.test_not_null_critical_fields
[0m10:12:31.673320 [debug] [Thread-4 (]: Writing injected SQL for node "test.sentinel_insurance.test_code_consistency_state"
[0m10:12:31.690682 [debug] [Thread-4 (]: Began executing node test.sentinel_insurance.test_code_consistency_state
[0m10:12:31.691942 [debug] [Thread-4 (]: Finished running node test.sentinel_insurance.test_code_consistency_state
[0m10:12:31.692870 [debug] [Thread-4 (]: Began running node test.sentinel_insurance.test_premium_transaction_count
[0m10:12:31.693591 [debug] [Thread-4 (]: Re-using an available connection from the pool (formerly test.sentinel_insurance.test_code_consistency_state, now test.sentinel_insurance.test_premium_transaction_count)
[0m10:12:31.694243 [debug] [Thread-4 (]: Began compiling node test.sentinel_insurance.test_premium_transaction_count
[0m10:12:31.702604 [debug] [Thread-2 (]: Writing injected SQL for node "test.sentinel_insurance.test_loss_ratio_reasonableness"
[0m10:12:31.703733 [debug] [Thread-2 (]: Began executing node test.sentinel_insurance.test_loss_ratio_reasonableness
[0m10:12:31.705361 [debug] [Thread-2 (]: Finished running node test.sentinel_insurance.test_loss_ratio_reasonableness
[0m10:12:31.706281 [debug] [Thread-2 (]: Began running node test.sentinel_insurance.test_primary_key_uniqueness_efficient
[0m10:12:31.706985 [debug] [Thread-2 (]: Re-using an available connection from the pool (formerly test.sentinel_insurance.test_loss_ratio_reasonableness, now test.sentinel_insurance.test_primary_key_uniqueness_efficient)
[0m10:12:31.707609 [debug] [Thread-2 (]: Began compiling node test.sentinel_insurance.test_primary_key_uniqueness_efficient
[0m10:12:31.714585 [debug] [Thread-2 (]: Writing injected SQL for node "test.sentinel_insurance.test_primary_key_uniqueness_efficient"
[0m10:12:31.715664 [debug] [Thread-2 (]: Began executing node test.sentinel_insurance.test_primary_key_uniqueness_efficient
[0m10:12:31.716868 [debug] [Thread-2 (]: Finished running node test.sentinel_insurance.test_primary_key_uniqueness_efficient
[0m10:12:31.717602 [debug] [Thread-2 (]: Began running node test.sentinel_insurance.test_value_ranges_sampled
[0m10:12:31.718290 [debug] [Thread-2 (]: Re-using an available connection from the pool (formerly test.sentinel_insurance.test_primary_key_uniqueness_efficient, now test.sentinel_insurance.test_value_ranges_sampled)
[0m10:12:31.718897 [debug] [Thread-2 (]: Began compiling node test.sentinel_insurance.test_value_ranges_sampled
[0m10:12:31.727577 [debug] [Thread-2 (]: Writing injected SQL for node "test.sentinel_insurance.test_value_ranges_sampled"
[0m10:12:31.728743 [debug] [Thread-2 (]: Began executing node test.sentinel_insurance.test_value_ranges_sampled
[0m10:12:31.730132 [debug] [Thread-2 (]: Finished running node test.sentinel_insurance.test_value_ranges_sampled
[0m10:12:31.665493 [debug] [Thread-3 (]: Writing injected SQL for node "test.sentinel_insurance.test_code_consistency_cause"
[0m10:12:31.731100 [debug] [Thread-3 (]: Began executing node test.sentinel_insurance.test_code_consistency_cause
[0m10:12:31.732171 [debug] [Thread-3 (]: Finished running node test.sentinel_insurance.test_code_consistency_cause
[0m10:12:31.737029 [debug] [Thread-1 (]: Writing injected SQL for node "test.sentinel_insurance.test_not_null_critical_fields"
[0m10:12:31.738025 [debug] [Thread-1 (]: Began executing node test.sentinel_insurance.test_not_null_critical_fields
[0m10:12:31.739170 [debug] [Thread-1 (]: Finished running node test.sentinel_insurance.test_not_null_critical_fields
[0m10:12:31.740170 [debug] [Thread-4 (]: Writing injected SQL for node "test.sentinel_insurance.test_premium_transaction_count"
[0m10:12:31.741281 [debug] [Thread-4 (]: Began executing node test.sentinel_insurance.test_premium_transaction_count
[0m10:12:31.742327 [debug] [Thread-4 (]: Finished running node test.sentinel_insurance.test_premium_transaction_count
[0m10:12:31.743863 [debug] [MainThread]: Connection 'master' was properly closed.
[0m10:12:31.744448 [debug] [MainThread]: Connection 'test.sentinel_insurance.test_value_ranges_sampled' was left open.
[0m10:12:31.745047 [debug] [MainThread]: On test.sentinel_insurance.test_value_ranges_sampled: Close
[0m10:12:31.850542 [debug] [MainThread]: Connection 'test.sentinel_insurance.test_not_null_critical_fields' was left open.
[0m10:12:31.851377 [debug] [MainThread]: On test.sentinel_insurance.test_not_null_critical_fields: Close
[0m10:12:31.939674 [debug] [MainThread]: Connection 'test.sentinel_insurance.test_code_consistency_cause' was properly closed.
[0m10:12:31.940436 [debug] [MainThread]: Connection 'test.sentinel_insurance.test_premium_transaction_count' was properly closed.
[0m10:12:31.947053 [debug] [MainThread]: Command end result
[0m10:12:32.011510 [debug] [MainThread]: Wrote artifact WritableManifest to /app/workspaces/18/target/manifest.json
[0m10:12:32.015640 [debug] [MainThread]: Wrote artifact SemanticManifest to /app/workspaces/18/target/semantic_manifest.json
[0m10:12:32.028152 [debug] [MainThread]: Wrote artifact RunExecutionResult to /app/workspaces/18/target/run_results.json
[0m10:12:32.029845 [debug] [MainThread]: Resource report: {"command_name": "compile", "command_success": true, "command_wall_clock_time": 9.60212, "process_in_blocks": "0", "process_kernel_time": 0.450864, "process_mem_max_rss": "252336", "process_out_blocks": "5752", "process_user_time": 11.001062}
[0m10:12:32.030658 [debug] [MainThread]: Command `dbt compile` succeeded at 10:12:32.030542 after 9.60 seconds
[0m10:12:32.031331 [debug] [MainThread]: Sending event: {'category': 'dbt', 'action': 'invocation', 'label': 'end', 'context': [<snowplow_tracker.self_describing_json.SelfDescribingJson object at 0x7f1cf7e2a480>, <snowplow_tracker.self_describing_json.SelfDescribingJson object at 0x7f1cfb40fad0>, <snowplow_tracker.self_describing_json.SelfDescribingJson object at 0x7f1cf71794c0>]}
[0m10:12:32.031969 [debug] [MainThread]: Flushing usage events
[0m10:12:32.077603 [debug] [MainThread]: An error was encountered while trying to flush usage events
[0m10:12:41.658955 [debug] [MainThread]: Sending event: {'category': 'dbt', 'action': 'invocation', 'label': 'start', 'context': [<snowplow_tracker.self_describing_json.SelfDescribingJson object at 0x7fb5fe07e1e0>, <snowplow_tracker.self_describing_json.SelfDescribingJson object at 0x7fb5fe8dd610>, <snowplow_tracker.self_describing_json.SelfDescribingJson object at 0x7fb5fe213f80>]}


============================== 10:12:41.727045 | 128a0055-ee1c-400f-ab56-47d5a90e8efe ==============================
[0m10:12:41.727045 [info ] [MainThread]: Running with dbt=1.9.10
[0m10:12:41.727967 [debug] [MainThread]: running dbt with arguments {'warn_error_options': 'WarnErrorOptions(include=[], exclude=[])', 'target_path': 'None', 'log_format': 'default', 'version_check': 'True', 'debug': 'False', 'invocation_command': 'dbt run', 'static_parser': 'True', 'log_path': '/app/workspaces/18/logs', 'write_json': 'True', 'send_anonymous_usage_stats': 'True', 'indirect_selection': 'eager', 'warn_error': 'None', 'cache_selected_only': 'False', 'profiles_dir': '/app/workspaces/18', 'printer_width': '80', 'empty': 'False', 'partial_parse': 'True', 'log_cache_events': 'False', 'use_experimental_parser': 'False', 'use_colors': 'True', 'quiet': 'False', 'no_print': 'None', 'fail_fast': 'False', 'introspect': 'True'}
[0m10:12:45.735855 [debug] [MainThread]: Sending event: {'category': 'dbt', 'action': 'project_id', 'label': '128a0055-ee1c-400f-ab56-47d5a90e8efe', 'context': [<snowplow_tracker.self_describing_json.SelfDescribingJson object at 0x7fb5e7545be0>]}
[0m10:12:45.868612 [debug] [MainThread]: Sending event: {'category': 'dbt', 'action': 'adapter_info', 'label': '128a0055-ee1c-400f-ab56-47d5a90e8efe', 'context': [<snowplow_tracker.self_describing_json.SelfDescribingJson object at 0x7fb5e7825010>]}
[0m10:12:45.870023 [info ] [MainThread]: Registered adapter: snowflake=1.9.4
[0m10:12:46.197772 [debug] [MainThread]: checksum: c40cca0353c9a9b4dbd2a57cdc3e2440f5c9a71a795694b25a51e704baaf554e, vars: {}, profile: , target: , version: 1.9.10
[0m10:12:46.488456 [debug] [MainThread]: Partial parsing enabled: 0 files deleted, 0 files added, 0 files changed.
[0m10:12:46.489272 [debug] [MainThread]: Partial parsing enabled, no changes found, skipping parsing
[0m10:12:46.560738 [debug] [MainThread]: Sending event: {'category': 'dbt', 'action': 'load_project', 'label': '128a0055-ee1c-400f-ab56-47d5a90e8efe', 'context': [<snowplow_tracker.self_describing_json.SelfDescribingJson object at 0x7fb5e7294dd0>]}
[0m10:12:46.724785 [debug] [MainThread]: Wrote artifact WritableManifest to /app/workspaces/18/target/manifest.json
[0m10:12:46.728794 [debug] [MainThread]: Wrote artifact SemanticManifest to /app/workspaces/18/target/semantic_manifest.json
[0m10:12:46.826987 [debug] [MainThread]: Sending event: {'category': 'dbt', 'action': 'resource_counts', 'label': '128a0055-ee1c-400f-ab56-47d5a90e8efe', 'context': [<snowplow_tracker.self_describing_json.SelfDescribingJson object at 0x7fb5e6d34ad0>]}
[0m10:12:46.827870 [info ] [MainThread]: Found 22 models, 9 data tests, 12 sources, 616 macros
[0m10:12:46.829707 [debug] [MainThread]: Sending event: {'category': 'dbt', 'action': 'runnable_timing', 'label': '128a0055-ee1c-400f-ab56-47d5a90e8efe', 'context': [<snowplow_tracker.self_describing_json.SelfDescribingJson object at 0x7fb5fd683830>]}
[0m10:12:46.834032 [info ] [MainThread]: 
[0m10:12:46.834738 [info ] [MainThread]: Concurrency: 4 threads (target='dev')
[0m10:12:46.835270 [info ] [MainThread]: 
[0m10:12:46.836071 [debug] [MainThread]: Acquiring new snowflake connection 'master'
[0m10:12:46.844939 [debug] [ThreadPool]: Acquiring new snowflake connection 'list_EKAI'
[0m10:12:46.893916 [debug] [ThreadPool]: Acquiring new snowflake connection 'list_EKAI'
[0m10:12:47.117733 [debug] [ThreadPool]: Using snowflake connection "list_EKAI"
[0m10:12:47.118917 [debug] [ThreadPool]: On list_EKAI: /* {"app": "dbt", "dbt_version": "1.9.10", "profile_name": "ekai_dbt", "target_name": "dev", "connection_name": "list_EKAI"} */
show terse schemas in database EKAI
    limit 10000
[0m10:12:47.119956 [debug] [ThreadPool]: Opening a new connection, currently in state init
[0m10:12:47.151732 [debug] [ThreadPool]: Using snowflake connection "list_EKAI"
[0m10:12:47.152461 [debug] [ThreadPool]: On list_EKAI: /* {"app": "dbt", "dbt_version": "1.9.10", "profile_name": "ekai_dbt", "target_name": "dev", "connection_name": "list_EKAI"} */
show terse schemas in database EKAI
    limit 10000
[0m10:12:47.153058 [debug] [ThreadPool]: Opening a new connection, currently in state init
[0m10:12:49.786737 [debug] [ThreadPool]: SQL status: SUCCESS 13 in 2.667 seconds
[0m10:12:49.817272 [debug] [ThreadPool]: SQL status: SUCCESS 13 in 2.664 seconds
[0m10:12:49.823806 [debug] [ThreadPool]: Re-using an available connection from the pool (formerly list_EKAI, now list_EKAI_demoModel_18_staging)
[0m10:12:49.837008 [debug] [ThreadPool]: Re-using an available connection from the pool (formerly list_EKAI, now list_EKAI_demoModel_18_marts)
[0m10:12:49.851653 [debug] [ThreadPool]: Using snowflake connection "list_EKAI_demoModel_18_staging"
[0m10:12:49.852441 [debug] [ThreadPool]: On list_EKAI_demoModel_18_staging: /* {"app": "dbt", "dbt_version": "1.9.10", "profile_name": "ekai_dbt", "target_name": "dev", "connection_name": "list_EKAI_demoModel_18_staging"} */
alter session set quoted_identifiers_ignore_case = false;
[0m10:12:49.866563 [debug] [ThreadPool]: Using snowflake connection "list_EKAI_demoModel_18_marts"
[0m10:12:49.867300 [debug] [ThreadPool]: On list_EKAI_demoModel_18_marts: /* {"app": "dbt", "dbt_version": "1.9.10", "profile_name": "ekai_dbt", "target_name": "dev", "connection_name": "list_EKAI_demoModel_18_marts"} */
alter session set quoted_identifiers_ignore_case = false;
[0m10:12:49.953683 [debug] [ThreadPool]: SQL status: SUCCESS 1 in 0.101 seconds
[0m10:12:49.962193 [debug] [ThreadPool]: Using snowflake connection "list_EKAI_demoModel_18_staging"
[0m10:12:49.962944 [debug] [ThreadPool]: On list_EKAI_demoModel_18_staging: /* {"app": "dbt", "dbt_version": "1.9.10", "profile_name": "ekai_dbt", "target_name": "dev", "connection_name": "list_EKAI_demoModel_18_staging"} */
show objects in EKAI.demoModel_18_staging
    limit 10000
    
;
[0m10:12:50.005453 [debug] [ThreadPool]: SQL status: SUCCESS 1 in 0.138 seconds
[0m10:12:50.008245 [debug] [ThreadPool]: Using snowflake connection "list_EKAI_demoModel_18_marts"
[0m10:12:50.009030 [debug] [ThreadPool]: On list_EKAI_demoModel_18_marts: /* {"app": "dbt", "dbt_version": "1.9.10", "profile_name": "ekai_dbt", "target_name": "dev", "connection_name": "list_EKAI_demoModel_18_marts"} */
show objects in EKAI.demoModel_18_marts
    limit 10000
    
;
[0m10:12:50.070657 [debug] [ThreadPool]: SQL status: SUCCESS 12 in 0.107 seconds
[0m10:12:50.074747 [debug] [ThreadPool]: Using snowflake connection "list_EKAI_demoModel_18_staging"
[0m10:12:50.075444 [debug] [ThreadPool]: On list_EKAI_demoModel_18_staging: /* {"app": "dbt", "dbt_version": "1.9.10", "profile_name": "ekai_dbt", "target_name": "dev", "connection_name": "list_EKAI_demoModel_18_staging"} */
alter session unset quoted_identifiers_ignore_case;
[0m10:12:50.128352 [debug] [ThreadPool]: SQL status: SUCCESS 10 in 0.119 seconds
[0m10:12:50.131599 [debug] [ThreadPool]: Using snowflake connection "list_EKAI_demoModel_18_marts"
[0m10:12:50.132234 [debug] [ThreadPool]: On list_EKAI_demoModel_18_marts: /* {"app": "dbt", "dbt_version": "1.9.10", "profile_name": "ekai_dbt", "target_name": "dev", "connection_name": "list_EKAI_demoModel_18_marts"} */
alter session unset quoted_identifiers_ignore_case;
[0m10:12:50.165622 [debug] [ThreadPool]: SQL status: SUCCESS 1 in 0.090 seconds
[0m10:12:50.224738 [debug] [ThreadPool]: SQL status: SUCCESS 1 in 0.092 seconds
[0m10:12:50.230358 [debug] [MainThread]: Sending event: {'category': 'dbt', 'action': 'runnable_timing', 'label': '128a0055-ee1c-400f-ab56-47d5a90e8efe', 'context': [<snowplow_tracker.self_describing_json.SelfDescribingJson object at 0x7fb5e59f7bf0>]}
[0m10:12:50.249615 [debug] [Thread-1 (]: Began running node model.sentinel_insurance.stg_agencies
[0m10:12:50.251462 [debug] [Thread-2 (]: Began running node model.sentinel_insurance.stg_agents
[0m10:12:50.254068 [debug] [Thread-3 (]: Began running node model.sentinel_insurance.stg_claim_payments
[0m10:12:50.250643 [info ] [Thread-1 (]: 1 of 22 START sql view model demoModel_18_staging.stg_agencies ................. [RUN]
[0m10:12:50.255684 [debug] [Thread-1 (]: Re-using an available connection from the pool (formerly list_EKAI_demoModel_18_marts, now model.sentinel_insurance.stg_agencies)
[0m10:12:50.256325 [debug] [Thread-1 (]: Began compiling node model.sentinel_insurance.stg_agencies
[0m10:12:50.252319 [info ] [Thread-2 (]: 2 of 22 START sql view model demoModel_18_staging.stg_agents ................... [RUN]
[0m10:12:50.273627 [debug] [Thread-2 (]: Re-using an available connection from the pool (formerly list_EKAI_demoModel_18_staging, now model.sentinel_insurance.stg_agents)
[0m10:12:50.274315 [debug] [Thread-2 (]: Began compiling node model.sentinel_insurance.stg_agents
[0m10:12:50.274935 [debug] [Thread-4 (]: Began running node model.sentinel_insurance.stg_claims
[0m10:12:50.275636 [info ] [Thread-4 (]: 4 of 22 START sql view model demoModel_18_staging.stg_claims ................... [RUN]
[0m10:12:50.276358 [debug] [Thread-4 (]: Acquiring new snowflake connection 'model.sentinel_insurance.stg_claims'
[0m10:12:50.277200 [debug] [Thread-4 (]: Began compiling node model.sentinel_insurance.stg_claims
[0m10:12:50.254908 [info ] [Thread-3 (]: 3 of 22 START sql view model demoModel_18_staging.stg_claim_payments ........... [RUN]
[0m10:12:50.278303 [debug] [Thread-3 (]: Acquiring new snowflake connection 'model.sentinel_insurance.stg_claim_payments'
[0m10:12:50.279148 [debug] [Thread-3 (]: Began compiling node model.sentinel_insurance.stg_claim_payments
[0m10:12:50.286732 [debug] [Thread-1 (]: Writing injected SQL for node "model.sentinel_insurance.stg_agencies"
[0m10:12:50.287863 [debug] [Thread-1 (]: Began executing node model.sentinel_insurance.stg_agencies
[0m10:12:50.302391 [debug] [Thread-2 (]: Writing injected SQL for node "model.sentinel_insurance.stg_agents"
[0m10:12:50.303514 [debug] [Thread-2 (]: Began executing node model.sentinel_insurance.stg_agents
[0m10:12:50.320034 [debug] [Thread-4 (]: Writing injected SQL for node "model.sentinel_insurance.stg_claims"
[0m10:12:50.330911 [debug] [Thread-4 (]: Began executing node model.sentinel_insurance.stg_claims
[0m10:12:50.371742 [debug] [Thread-3 (]: Writing injected SQL for node "model.sentinel_insurance.stg_claim_payments"
[0m10:12:50.372933 [debug] [Thread-3 (]: Began executing node model.sentinel_insurance.stg_claim_payments
[0m10:12:50.416749 [debug] [Thread-2 (]: Writing runtime sql for node "model.sentinel_insurance.stg_agents"
[0m10:12:50.434973 [debug] [Thread-4 (]: Writing runtime sql for node "model.sentinel_insurance.stg_claims"
[0m10:12:50.450934 [debug] [Thread-4 (]: Using snowflake connection "model.sentinel_insurance.stg_claims"
[0m10:12:50.439911 [debug] [Thread-3 (]: Writing runtime sql for node "model.sentinel_insurance.stg_claim_payments"
[0m10:12:50.446468 [debug] [Thread-2 (]: Using snowflake connection "model.sentinel_insurance.stg_agents"
[0m10:12:50.454826 [debug] [Thread-2 (]: On model.sentinel_insurance.stg_agents: /* {"app": "dbt", "dbt_version": "1.9.10", "profile_name": "ekai_dbt", "target_name": "dev", "node_id": "model.sentinel_insurance.stg_agents"} */
create or replace   view EKAI.demoModel_18_staging.stg_agents
  
   as (
    

WITH source AS (
    SELECT * FROM SENTINEL_INSURANCE.BRONZE.AGENT
),

standardized AS (
    SELECT
        -- Primary Key
        AGENT_ID,

        -- Business Identifiers
        AGENT_CODE,

        -- Personal Information
        FIRST_NAME,
        LAST_NAME,
        CONCAT(FIRST_NAME, ' ', LAST_NAME) AS FULL_NAME,

        -- Foreign Keys
        AGENCY_ID,

        -- Commission Information
        COMMISSION_SPLIT,

        -- Status & Licensing
        IS_ACTIVE,
        TRY_TO_DATE(HIRE_DATE) AS HIRE_DATE,
        TRY_TO_DATE(TERMINATION_DATE) AS TERMINATION_DATE,
        LICENSE_NUMBER,
        LICENSE_STATE,
        TRY_TO_DATE(LICENSE_EXPIRATION) AS LICENSE_EXPIRATION,

        -- Contact Information
        PHONE,
        EMAIL,

        -- Audit Fields
        CREATED_DATE

    FROM source
)

SELECT * FROM standardized
  );
[0m10:12:50.451773 [debug] [Thread-4 (]: On model.sentinel_insurance.stg_claims: /* {"app": "dbt", "dbt_version": "1.9.10", "profile_name": "ekai_dbt", "target_name": "dev", "node_id": "model.sentinel_insurance.stg_claims"} */
create or replace   view EKAI.demoModel_18_staging.stg_claims
  
   as (
    

WITH source AS (
    SELECT * FROM SENTINEL_INSURANCE.BRONZE.CLAIM
),

standardized AS (
    SELECT
        -- Primary Key
        CLAIM_ID,

        -- Business Identifiers
        CLAIM_NUMBER,
        POLICY_ID,

        -- Dates (standardized with TRY_TO_DATE for safe parsing)
        TRY_TO_DATE(LOSS_DATE) AS LOSS_DATE,
        TRY_TO_DATE(REPORTED_DATE) AS REPORTED_DATE,
        TRY_TO_DATE(CLOSED_DATE) AS CLOSED_DATE,

        -- Classification Codes (with NULL handling)
        COALESCE(LOB_CODE, 'Unclassified') AS LOB_CODE,
        STATUS,
        CAUSE_CODE,

        -- Financial Metrics
        TOTAL_INCURRED,
        TOTAL_PAID,
        TOTAL_RESERVE,
        DEDUCTIBLE_APPLIED,

        -- Flags
        FRAUD_FLAG,
        LITIGATION_FLAG,
        SUBROGATION_FLAG,

        -- Additional Attributes
        ADJUSTER_ID,
        CATASTROPHE_CODE,
        LOSS_DESCRIPTION,
        CAUSE_DESCRIPTION,
        LOSS_CITY,
        LOSS_STATE,
        LOSS_ZIP,

        -- Audit Fields
        CREATED_DATE,
        UPDATED_DATE

    FROM source
)

SELECT * FROM standardized
  );
[0m10:12:50.444297 [debug] [Thread-1 (]: Writing runtime sql for node "model.sentinel_insurance.stg_agencies"
[0m10:12:50.457515 [debug] [Thread-4 (]: Opening a new connection, currently in state init
[0m10:12:50.453900 [debug] [Thread-3 (]: Using snowflake connection "model.sentinel_insurance.stg_claim_payments"
[0m10:12:50.496095 [debug] [Thread-3 (]: On model.sentinel_insurance.stg_claim_payments: /* {"app": "dbt", "dbt_version": "1.9.10", "profile_name": "ekai_dbt", "target_name": "dev", "node_id": "model.sentinel_insurance.stg_claim_payments"} */
create or replace   view EKAI.demoModel_18_staging.stg_claim_payments
  
   as (
    

WITH source AS (
    SELECT * FROM SENTINEL_INSURANCE.BRONZE.CLAIM_PAYMENT
),

standardized AS (
    SELECT
        -- Primary Key
        PAYMENT_ID,

        -- Foreign Keys
        CLAIM_ID,

        -- Transaction Details
        TRY_TO_DATE(PAYMENT_DATE) AS PAYMENT_DATE,
        PAYMENT_AMOUNT,
        PAYMENT_TYPE,
        PAYMENT_METHOD,
        CHECK_NUMBER,

        -- Payee Information
        PAYEE_NAME,
        PAYEE_TYPE,

        -- Audit Fields
        CREATED_DATE

    FROM source
)

SELECT * FROM standardized
  );
[0m10:12:50.462525 [debug] [Thread-1 (]: Using snowflake connection "model.sentinel_insurance.stg_agencies"
[0m10:12:50.497644 [debug] [Thread-1 (]: On model.sentinel_insurance.stg_agencies: /* {"app": "dbt", "dbt_version": "1.9.10", "profile_name": "ekai_dbt", "target_name": "dev", "node_id": "model.sentinel_insurance.stg_agencies"} */
create or replace   view EKAI.demoModel_18_staging.stg_agencies
  
   as (
    

WITH source AS (
    SELECT * FROM SENTINEL_INSURANCE.BRONZE.AGENCY
),

standardized AS (
    SELECT
        -- Primary Key
        AGENCY_ID,

        -- Business Identifiers
        AGENCY_CODE,
        AGENCY_NAME,

        -- Agency Details
        AGENCY_TYPE,
        COMMISSION_RATE,

        -- Status & Licensing
        IS_ACTIVE,
        LICENSE_NUMBER,
        TRY_TO_DATE(APPOINTMENT_DATE) AS APPOINTMENT_DATE,

        -- Location Information
        STATE_CODE,
        CITY,
        ADDRESS,
        ZIP_CODE,

        -- Contact Information
        PHONE,
        EMAIL,

        -- Audit Fields
        CREATED_DATE

    FROM source
)

SELECT * FROM standardized
  );
[0m10:12:50.496951 [debug] [Thread-3 (]: Opening a new connection, currently in state init
[0m10:12:50.668995 [debug] [Thread-2 (]: SQL status: SUCCESS 1 in 0.213 seconds
[0m10:12:50.714736 [debug] [Thread-2 (]: Sending event: {'category': 'dbt', 'action': 'run_model', 'label': '128a0055-ee1c-400f-ab56-47d5a90e8efe', 'context': [<snowplow_tracker.self_describing_json.SelfDescribingJson object at 0x7fb600375520>]}
[0m10:12:50.715969 [info ] [Thread-2 (]: 2 of 22 OK created sql view model demoModel_18_staging.stg_agents .............. [[32mSUCCESS 1[0m in 0.44s]
[0m10:12:50.716979 [debug] [Thread-2 (]: Finished running node model.sentinel_insurance.stg_agents
[0m10:12:50.717697 [debug] [Thread-2 (]: Began running node model.sentinel_insurance.stg_parties
[0m10:12:50.719257 [info ] [Thread-2 (]: 5 of 22 START sql view model demoModel_18_staging.stg_parties .................. [RUN]
[0m10:12:50.720075 [debug] [Thread-2 (]: Re-using an available connection from the pool (formerly model.sentinel_insurance.stg_agents, now model.sentinel_insurance.stg_parties)
[0m10:12:50.720733 [debug] [Thread-2 (]: Began compiling node model.sentinel_insurance.stg_parties
[0m10:12:50.726272 [debug] [Thread-2 (]: Writing injected SQL for node "model.sentinel_insurance.stg_parties"
[0m10:12:50.728692 [debug] [Thread-2 (]: Began executing node model.sentinel_insurance.stg_parties
[0m10:12:50.736491 [debug] [Thread-2 (]: Writing runtime sql for node "model.sentinel_insurance.stg_parties"
[0m10:12:50.739744 [debug] [Thread-2 (]: Using snowflake connection "model.sentinel_insurance.stg_parties"
[0m10:12:50.740728 [debug] [Thread-2 (]: On model.sentinel_insurance.stg_parties: /* {"app": "dbt", "dbt_version": "1.9.10", "profile_name": "ekai_dbt", "target_name": "dev", "node_id": "model.sentinel_insurance.stg_parties"} */
create or replace   view EKAI.demoModel_18_staging.stg_parties
  
   as (
    

WITH source AS (
    SELECT * FROM SENTINEL_INSURANCE.BRONZE.PARTY
),

standardized AS (
    SELECT
        -- Primary Key
        PARTY_ID,

        -- Party Classification
        PARTY_TYPE,
        PARTY_NAME,

        -- Individual Information
        FIRST_NAME,
        LAST_NAME,
        TRY_TO_DATE(DATE_OF_BIRTH) AS DATE_OF_BIRTH,
        GENDER,
        SSN_ENCRYPTED,
        CREDIT_SCORE,

        -- Organization Information
        EIN_ENCRYPTED,

        -- Relationship Information
        TRY_TO_DATE(CUSTOMER_SINCE) AS CUSTOMER_SINCE,
        IS_ACTIVE,

        -- Location Information
        PRIMARY_STATE,

        -- Contact Information
        PHONE,
        EMAIL,

        -- Audit Fields
        CREATED_DATE,
        UPDATED_DATE

    FROM source
)

SELECT * FROM standardized
  );
[0m10:12:50.745558 [debug] [Thread-1 (]: SQL status: SUCCESS 1 in 0.247 seconds
[0m10:12:50.750067 [debug] [Thread-1 (]: Sending event: {'category': 'dbt', 'action': 'run_model', 'label': '128a0055-ee1c-400f-ab56-47d5a90e8efe', 'context': [<snowplow_tracker.self_describing_json.SelfDescribingJson object at 0x7fb5e7296f00>]}
[0m10:12:50.751210 [info ] [Thread-1 (]: 1 of 22 OK created sql view model demoModel_18_staging.stg_agencies ............ [[32mSUCCESS 1[0m in 0.49s]
[0m10:12:50.752174 [debug] [Thread-1 (]: Finished running node model.sentinel_insurance.stg_agencies
[0m10:12:50.753169 [debug] [Thread-1 (]: Began running node model.sentinel_insurance.stg_policies
[0m10:12:50.754234 [info ] [Thread-1 (]: 6 of 22 START sql view model demoModel_18_staging.stg_policies ................. [RUN]
[0m10:12:50.755197 [debug] [Thread-1 (]: Re-using an available connection from the pool (formerly model.sentinel_insurance.stg_agencies, now model.sentinel_insurance.stg_policies)
[0m10:12:50.755910 [debug] [Thread-1 (]: Began compiling node model.sentinel_insurance.stg_policies
[0m10:12:50.762091 [debug] [Thread-1 (]: Writing injected SQL for node "model.sentinel_insurance.stg_policies"
[0m10:12:50.763118 [debug] [Thread-1 (]: Began executing node model.sentinel_insurance.stg_policies
[0m10:12:50.768820 [debug] [Thread-1 (]: Writing runtime sql for node "model.sentinel_insurance.stg_policies"
[0m10:12:50.772378 [debug] [Thread-1 (]: Using snowflake connection "model.sentinel_insurance.stg_policies"
[0m10:12:50.773780 [debug] [Thread-1 (]: On model.sentinel_insurance.stg_policies: /* {"app": "dbt", "dbt_version": "1.9.10", "profile_name": "ekai_dbt", "target_name": "dev", "node_id": "model.sentinel_insurance.stg_policies"} */
create or replace   view EKAI.demoModel_18_staging.stg_policies
  
   as (
    

WITH source AS (
    SELECT * FROM SENTINEL_INSURANCE.BRONZE.POLICY
),

standardized AS (
    SELECT
        -- Primary Key
        POLICY_ID,

        -- Business Identifiers
        POLICY_NUMBER,
        POLICY_VERSION,

        -- Dates
        TRY_TO_DATE(EFFECTIVE_DATE) AS EFFECTIVE_DATE,
        TRY_TO_DATE(EXPIRATION_DATE) AS EXPIRATION_DATE,
        TRY_TO_DATE(CANCELLATION_DATE) AS CANCELLATION_DATE,

        -- Status & Classification
        STATUS,
        COALESCE(LOB_CODE, 'Unclassified') AS LOB_CODE,
        COALESCE(STATE_CODE, 'Unclassified') AS STATE_CODE,
        TERRITORY_CODE,

        -- Financial
        ANNUAL_PREMIUM,
        WRITTEN_PREMIUM,
        BUNDLE_DISCOUNT_PCT,

        -- Relationships
        AGENT_ID,
        PARTY_ID,

        -- Risk Attributes
        RISK_SCORE,
        IS_BUNDLE,

        -- Additional Attributes
        UNDERWRITER,
        BILLING_TYPE,
        PAYMENT_PLAN,
        CANCELLATION_REASON,

        -- Audit Fields
        CREATED_DATE,
        UPDATED_DATE

    FROM source
)

SELECT * FROM standardized
  );
[0m10:12:51.010921 [debug] [Thread-2 (]: SQL status: SUCCESS 1 in 0.269 seconds
[0m10:12:51.015613 [debug] [Thread-2 (]: Sending event: {'category': 'dbt', 'action': 'run_model', 'label': '128a0055-ee1c-400f-ab56-47d5a90e8efe', 'context': [<snowplow_tracker.self_describing_json.SelfDescribingJson object at 0x7fb5aea524e0>]}
[0m10:12:51.016687 [info ] [Thread-2 (]: 5 of 22 OK created sql view model demoModel_18_staging.stg_parties ............. [[32mSUCCESS 1[0m in 0.30s]
[0m10:12:51.018302 [debug] [Thread-2 (]: Finished running node model.sentinel_insurance.stg_parties
[0m10:12:51.019015 [debug] [Thread-2 (]: Began running node model.sentinel_insurance.stg_policy_coverages
[0m10:12:51.021818 [debug] [Thread-1 (]: SQL status: SUCCESS 1 in 0.247 seconds
[0m10:12:51.026876 [debug] [Thread-1 (]: Sending event: {'category': 'dbt', 'action': 'run_model', 'label': '128a0055-ee1c-400f-ab56-47d5a90e8efe', 'context': [<snowplow_tracker.self_describing_json.SelfDescribingJson object at 0x7fb5cc21f4a0>]}
[0m10:12:51.019798 [info ] [Thread-2 (]: 7 of 22 START sql view model demoModel_18_staging.stg_policy_coverages ......... [RUN]
[0m10:12:51.029156 [debug] [Thread-2 (]: Re-using an available connection from the pool (formerly model.sentinel_insurance.stg_parties, now model.sentinel_insurance.stg_policy_coverages)
[0m10:12:51.029851 [debug] [Thread-2 (]: Began compiling node model.sentinel_insurance.stg_policy_coverages
[0m10:12:51.035550 [debug] [Thread-2 (]: Writing injected SQL for node "model.sentinel_insurance.stg_policy_coverages"
[0m10:12:51.036664 [debug] [Thread-2 (]: Began executing node model.sentinel_insurance.stg_policy_coverages
[0m10:12:51.042329 [debug] [Thread-2 (]: Writing runtime sql for node "model.sentinel_insurance.stg_policy_coverages"
[0m10:12:51.045165 [debug] [Thread-2 (]: Using snowflake connection "model.sentinel_insurance.stg_policy_coverages"
[0m10:12:51.045945 [debug] [Thread-2 (]: On model.sentinel_insurance.stg_policy_coverages: /* {"app": "dbt", "dbt_version": "1.9.10", "profile_name": "ekai_dbt", "target_name": "dev", "node_id": "model.sentinel_insurance.stg_policy_coverages"} */
create or replace   view EKAI.demoModel_18_staging.stg_policy_coverages
  
   as (
    

WITH source AS (
    SELECT * FROM SENTINEL_INSURANCE.BRONZE.POLICY_COVERAGE
),

standardized AS (
    SELECT
        -- Primary Key
        COVERAGE_ID,

        -- Foreign Keys
        POLICY_ID,
        COVERAGE_CODE,

        -- Coverage Details
        TRY_TO_DATE(EFFECTIVE_DATE) AS EFFECTIVE_DATE,
        TRY_TO_DATE(EXPIRATION_DATE) AS EXPIRATION_DATE,
        LIMIT_AMOUNT,
        LIMIT_TYPE,
        DEDUCTIBLE_AMOUNT,
        PREMIUM_AMOUNT,

        -- Flags
        IS_MANDATORY,

        -- Audit Fields
        CREATED_DATE

    FROM source
)

SELECT * FROM standardized
  );
[0m10:12:51.028183 [info ] [Thread-1 (]: 6 of 22 OK created sql view model demoModel_18_staging.stg_policies ............ [[32mSUCCESS 1[0m in 0.27s]
[0m10:12:51.049471 [debug] [Thread-1 (]: Finished running node model.sentinel_insurance.stg_policies
[0m10:12:51.050477 [debug] [Thread-1 (]: Began running node model.sentinel_insurance.stg_policy_premiums
[0m10:12:51.051341 [info ] [Thread-1 (]: 8 of 22 START sql view model demoModel_18_staging.stg_policy_premiums .......... [RUN]
[0m10:12:51.052160 [debug] [Thread-1 (]: Re-using an available connection from the pool (formerly model.sentinel_insurance.stg_policies, now model.sentinel_insurance.stg_policy_premiums)
[0m10:12:51.052794 [debug] [Thread-1 (]: Began compiling node model.sentinel_insurance.stg_policy_premiums
[0m10:12:51.058175 [debug] [Thread-1 (]: Writing injected SQL for node "model.sentinel_insurance.stg_policy_premiums"
[0m10:12:51.059199 [debug] [Thread-1 (]: Began executing node model.sentinel_insurance.stg_policy_premiums
[0m10:12:51.064876 [debug] [Thread-1 (]: Writing runtime sql for node "model.sentinel_insurance.stg_policy_premiums"
[0m10:12:51.067257 [debug] [Thread-1 (]: Using snowflake connection "model.sentinel_insurance.stg_policy_premiums"
[0m10:12:51.068121 [debug] [Thread-1 (]: On model.sentinel_insurance.stg_policy_premiums: /* {"app": "dbt", "dbt_version": "1.9.10", "profile_name": "ekai_dbt", "target_name": "dev", "node_id": "model.sentinel_insurance.stg_policy_premiums"} */
create or replace   view EKAI.demoModel_18_staging.stg_policy_premiums
  
   as (
    

WITH source AS (
    SELECT * FROM SENTINEL_INSURANCE.BRONZE.POLICY_PREMIUM
),

standardized AS (
    SELECT
        -- Primary Key
        PREMIUM_ID,

        -- Foreign Keys
        POLICY_ID,

        -- Transaction Details
        TRY_TO_DATE(TRANSACTION_DATE) AS TRANSACTION_DATE,
        TRY_TO_DATE(ACCOUNTING_DATE) AS ACCOUNTING_DATE,
        TRANSACTION_TYPE,

        -- Financial Amounts
        WRITTEN_PREMIUM,
        EARNED_PREMIUM,
        COMMISSION_AMOUNT,
        TAX_AMOUNT,
        FEE_AMOUNT,

        -- Audit Fields
        CREATED_DATE

    FROM source
)

SELECT * FROM standardized
  );
[0m10:12:51.311445 [debug] [Thread-2 (]: SQL status: SUCCESS 1 in 0.265 seconds
[0m10:12:51.316193 [debug] [Thread-2 (]: Sending event: {'category': 'dbt', 'action': 'run_model', 'label': '128a0055-ee1c-400f-ab56-47d5a90e8efe', 'context': [<snowplow_tracker.self_describing_json.SelfDescribingJson object at 0x7fb5cc298c80>]}
[0m10:12:51.317343 [info ] [Thread-2 (]: 7 of 22 OK created sql view model demoModel_18_staging.stg_policy_coverages .... [[32mSUCCESS 1[0m in 0.29s]
[0m10:12:51.318286 [debug] [Thread-2 (]: Finished running node model.sentinel_insurance.stg_policy_coverages
[0m10:12:51.318982 [debug] [Thread-2 (]: Began running node model.sentinel_insurance.stg_ref_cause_of_loss
[0m10:12:51.319741 [info ] [Thread-2 (]: 9 of 22 START sql view model demoModel_18_staging.stg_ref_cause_of_loss ........ [RUN]
[0m10:12:51.320588 [debug] [Thread-2 (]: Re-using an available connection from the pool (formerly model.sentinel_insurance.stg_policy_coverages, now model.sentinel_insurance.stg_ref_cause_of_loss)
[0m10:12:51.321358 [debug] [Thread-2 (]: Began compiling node model.sentinel_insurance.stg_ref_cause_of_loss
[0m10:12:51.326598 [debug] [Thread-2 (]: Writing injected SQL for node "model.sentinel_insurance.stg_ref_cause_of_loss"
[0m10:12:51.327585 [debug] [Thread-2 (]: Began executing node model.sentinel_insurance.stg_ref_cause_of_loss
[0m10:12:51.335721 [debug] [Thread-2 (]: Writing runtime sql for node "model.sentinel_insurance.stg_ref_cause_of_loss"
[0m10:12:51.337817 [debug] [Thread-2 (]: Using snowflake connection "model.sentinel_insurance.stg_ref_cause_of_loss"
[0m10:12:51.338580 [debug] [Thread-2 (]: On model.sentinel_insurance.stg_ref_cause_of_loss: /* {"app": "dbt", "dbt_version": "1.9.10", "profile_name": "ekai_dbt", "target_name": "dev", "node_id": "model.sentinel_insurance.stg_ref_cause_of_loss"} */
create or replace   view EKAI.demoModel_18_staging.stg_ref_cause_of_loss
  
   as (
    

WITH source AS (
    SELECT * FROM SENTINEL_INSURANCE.BRONZE.REF_CAUSE_OF_LOSS
),

standardized AS (
    SELECT
        -- Primary Key
        CAUSE_ID,

        -- Business Identifiers
        CAUSE_CODE,
        CAUSE_NAME,

        -- Classification
        CAUSE_CATEGORY,

        -- Statistical Metrics
        AVG_SEVERITY,
        FREQUENCY_WEIGHT,

        -- Audit Fields
        CREATED_DATE

    FROM source
)

SELECT * FROM standardized
  );
[0m10:12:51.410632 [debug] [Thread-1 (]: SQL status: SUCCESS 1 in 0.342 seconds
[0m10:12:51.415451 [debug] [Thread-1 (]: Sending event: {'category': 'dbt', 'action': 'run_model', 'label': '128a0055-ee1c-400f-ab56-47d5a90e8efe', 'context': [<snowplow_tracker.self_describing_json.SelfDescribingJson object at 0x7fb5cc26fa40>]}
[0m10:12:51.416545 [info ] [Thread-1 (]: 8 of 22 OK created sql view model demoModel_18_staging.stg_policy_premiums ..... [[32mSUCCESS 1[0m in 0.36s]
[0m10:12:51.417560 [debug] [Thread-1 (]: Finished running node model.sentinel_insurance.stg_policy_premiums
[0m10:12:51.418254 [debug] [Thread-1 (]: Began running node model.sentinel_insurance.stg_ref_coverage_codes
[0m10:12:51.419032 [info ] [Thread-1 (]: 10 of 22 START sql view model demoModel_18_staging.stg_ref_coverage_codes ...... [RUN]
[0m10:12:51.419750 [debug] [Thread-1 (]: Re-using an available connection from the pool (formerly model.sentinel_insurance.stg_policy_premiums, now model.sentinel_insurance.stg_ref_coverage_codes)
[0m10:12:51.420384 [debug] [Thread-1 (]: Began compiling node model.sentinel_insurance.stg_ref_coverage_codes
[0m10:12:51.425922 [debug] [Thread-1 (]: Writing injected SQL for node "model.sentinel_insurance.stg_ref_coverage_codes"
[0m10:12:51.426937 [debug] [Thread-1 (]: Began executing node model.sentinel_insurance.stg_ref_coverage_codes
[0m10:12:51.432681 [debug] [Thread-1 (]: Writing runtime sql for node "model.sentinel_insurance.stg_ref_coverage_codes"
[0m10:12:51.434848 [debug] [Thread-1 (]: Using snowflake connection "model.sentinel_insurance.stg_ref_coverage_codes"
[0m10:12:51.435548 [debug] [Thread-1 (]: On model.sentinel_insurance.stg_ref_coverage_codes: /* {"app": "dbt", "dbt_version": "1.9.10", "profile_name": "ekai_dbt", "target_name": "dev", "node_id": "model.sentinel_insurance.stg_ref_coverage_codes"} */
create or replace   view EKAI.demoModel_18_staging.stg_ref_coverage_codes
  
   as (
    

WITH source AS (
    SELECT * FROM SENTINEL_INSURANCE.BRONZE.REF_COVERAGE_CODE
),

standardized AS (
    SELECT
        -- Primary Key
        COVERAGE_ID,

        -- Business Identifiers
        COVERAGE_CODE,
        COVERAGE_NAME,

        -- Classification
        LOB_CODE,

        -- Default Terms
        DEFAULT_LIMIT,
        DEFAULT_DEDUCTIBLE,

        -- Requirements
        IS_REQUIRED,

        -- Audit Fields
        CREATED_DATE

    FROM source
)

SELECT * FROM standardized
  );
[0m10:12:51.551315 [debug] [Thread-2 (]: SQL status: SUCCESS 1 in 0.212 seconds
[0m10:12:51.556149 [debug] [Thread-2 (]: Sending event: {'category': 'dbt', 'action': 'run_model', 'label': '128a0055-ee1c-400f-ab56-47d5a90e8efe', 'context': [<snowplow_tracker.self_describing_json.SelfDescribingJson object at 0x7fb5cc21fa70>]}
[0m10:12:51.557367 [info ] [Thread-2 (]: 9 of 22 OK created sql view model demoModel_18_staging.stg_ref_cause_of_loss ... [[32mSUCCESS 1[0m in 0.24s]
[0m10:12:51.558402 [debug] [Thread-2 (]: Finished running node model.sentinel_insurance.stg_ref_cause_of_loss
[0m10:12:51.559131 [debug] [Thread-2 (]: Began running node model.sentinel_insurance.stg_ref_line_of_business
[0m10:12:51.560198 [info ] [Thread-2 (]: 11 of 22 START sql view model demoModel_18_staging.stg_ref_line_of_business .... [RUN]
[0m10:12:51.561037 [debug] [Thread-2 (]: Re-using an available connection from the pool (formerly model.sentinel_insurance.stg_ref_cause_of_loss, now model.sentinel_insurance.stg_ref_line_of_business)
[0m10:12:51.561685 [debug] [Thread-2 (]: Began compiling node model.sentinel_insurance.stg_ref_line_of_business
[0m10:12:51.567367 [debug] [Thread-2 (]: Writing injected SQL for node "model.sentinel_insurance.stg_ref_line_of_business"
[0m10:12:51.568401 [debug] [Thread-2 (]: Began executing node model.sentinel_insurance.stg_ref_line_of_business
[0m10:12:51.574305 [debug] [Thread-2 (]: Writing runtime sql for node "model.sentinel_insurance.stg_ref_line_of_business"
[0m10:12:51.576323 [debug] [Thread-2 (]: Using snowflake connection "model.sentinel_insurance.stg_ref_line_of_business"
[0m10:12:51.577103 [debug] [Thread-2 (]: On model.sentinel_insurance.stg_ref_line_of_business: /* {"app": "dbt", "dbt_version": "1.9.10", "profile_name": "ekai_dbt", "target_name": "dev", "node_id": "model.sentinel_insurance.stg_ref_line_of_business"} */
create or replace   view EKAI.demoModel_18_staging.stg_ref_line_of_business
  
   as (
    

WITH source AS (
    SELECT * FROM SENTINEL_INSURANCE.BRONZE.REF_LINE_OF_BUSINESS
),

standardized AS (
    SELECT
        -- Primary Key
        LOB_ID,

        -- Business Identifiers
        LOB_CODE,
        LOB_NAME,

        -- Classification
        SEGMENT,

        -- Benchmark Metrics
        AVG_PREMIUM,
        CLAIM_FREQUENCY,
        POLICY_WEIGHT,

        -- Status
        ACTIVE_FLAG AS IS_ACTIVE,

        -- Audit Fields
        CREATED_DATE

    FROM source
)

SELECT * FROM standardized
  );
[0m10:12:51.708559 [debug] [Thread-1 (]: SQL status: SUCCESS 1 in 0.272 seconds
[0m10:12:51.713623 [debug] [Thread-1 (]: Sending event: {'category': 'dbt', 'action': 'run_model', 'label': '128a0055-ee1c-400f-ab56-47d5a90e8efe', 'context': [<snowplow_tracker.self_describing_json.SelfDescribingJson object at 0x7fb5cc2b6570>]}
[0m10:12:51.714729 [info ] [Thread-1 (]: 10 of 22 OK created sql view model demoModel_18_staging.stg_ref_coverage_codes . [[32mSUCCESS 1[0m in 0.29s]
[0m10:12:51.715660 [debug] [Thread-1 (]: Finished running node model.sentinel_insurance.stg_ref_coverage_codes
[0m10:12:51.716655 [debug] [Thread-1 (]: Began running node model.sentinel_insurance.stg_ref_states
[0m10:12:51.717544 [info ] [Thread-1 (]: 12 of 22 START sql view model demoModel_18_staging.stg_ref_states .............. [RUN]
[0m10:12:51.719020 [debug] [Thread-1 (]: Re-using an available connection from the pool (formerly model.sentinel_insurance.stg_ref_coverage_codes, now model.sentinel_insurance.stg_ref_states)
[0m10:12:51.719676 [debug] [Thread-1 (]: Began compiling node model.sentinel_insurance.stg_ref_states
[0m10:12:51.725134 [debug] [Thread-1 (]: Writing injected SQL for node "model.sentinel_insurance.stg_ref_states"
[0m10:12:51.726138 [debug] [Thread-1 (]: Began executing node model.sentinel_insurance.stg_ref_states
[0m10:12:51.731808 [debug] [Thread-1 (]: Writing runtime sql for node "model.sentinel_insurance.stg_ref_states"
[0m10:12:51.734298 [debug] [Thread-1 (]: Using snowflake connection "model.sentinel_insurance.stg_ref_states"
[0m10:12:51.735069 [debug] [Thread-1 (]: On model.sentinel_insurance.stg_ref_states: /* {"app": "dbt", "dbt_version": "1.9.10", "profile_name": "ekai_dbt", "target_name": "dev", "node_id": "model.sentinel_insurance.stg_ref_states"} */
create or replace   view EKAI.demoModel_18_staging.stg_ref_states
  
   as (
    

WITH source AS (
    SELECT * FROM SENTINEL_INSURANCE.BRONZE.REF_STATE
),

standardized AS (
    SELECT
        -- Primary Key
        STATE_ID,

        -- Business Identifiers
        STATE_CODE,
        STATE_NAME,

        -- Geographic Classification
        REGION,
        TERRITORY_CODE,

        -- Regulatory Attributes
        NO_FAULT_AUTO,
        WC_MONOPOLISTIC,

        -- Audit Fields
        CREATED_DATE

    FROM source
)

SELECT * FROM standardized
  );
[0m10:12:51.798145 [debug] [Thread-2 (]: SQL status: SUCCESS 1 in 0.220 seconds
[0m10:12:51.802666 [debug] [Thread-2 (]: Sending event: {'category': 'dbt', 'action': 'run_model', 'label': '128a0055-ee1c-400f-ab56-47d5a90e8efe', 'context': [<snowplow_tracker.self_describing_json.SelfDescribingJson object at 0x7fb5cc46a420>]}
[0m10:12:51.803937 [info ] [Thread-2 (]: 11 of 22 OK created sql view model demoModel_18_staging.stg_ref_line_of_business  [[32mSUCCESS 1[0m in 0.24s]
[0m10:12:51.804914 [debug] [Thread-2 (]: Finished running node model.sentinel_insurance.stg_ref_line_of_business
[0m10:12:51.805895 [debug] [Thread-2 (]: Began running node model.sentinel_insurance.dim_agents
[0m10:12:51.806679 [info ] [Thread-2 (]: 13 of 22 START sql view model demoModel_18_marts.dim_agents .................... [RUN]
[0m10:12:51.807793 [debug] [Thread-2 (]: Re-using an available connection from the pool (formerly model.sentinel_insurance.stg_ref_line_of_business, now model.sentinel_insurance.dim_agents)
[0m10:12:51.808421 [debug] [Thread-2 (]: Began compiling node model.sentinel_insurance.dim_agents
[0m10:12:51.813919 [debug] [Thread-2 (]: Writing injected SQL for node "model.sentinel_insurance.dim_agents"
[0m10:12:51.814941 [debug] [Thread-2 (]: Began executing node model.sentinel_insurance.dim_agents
[0m10:12:51.822967 [debug] [Thread-2 (]: Writing runtime sql for node "model.sentinel_insurance.dim_agents"
[0m10:12:51.825108 [debug] [Thread-2 (]: Using snowflake connection "model.sentinel_insurance.dim_agents"
[0m10:12:51.825936 [debug] [Thread-2 (]: On model.sentinel_insurance.dim_agents: /* {"app": "dbt", "dbt_version": "1.9.10", "profile_name": "ekai_dbt", "target_name": "dev", "node_id": "model.sentinel_insurance.dim_agents"} */
create or replace   view EKAI.demoModel_18_marts.dim_agents
  
   as (
    

WITH agents AS (
    SELECT * FROM EKAI.demoModel_18_staging.stg_agents
),

final AS (
    SELECT
        -- Primary Key
        AGENT_ID,

        -- Business Identifiers
        AGENT_CODE,

        -- Personal Information
        FIRST_NAME,
        LAST_NAME,
        FULL_NAME,

        -- Foreign Keys
        AGENCY_ID,

        -- Commission Information
        COMMISSION_SPLIT,

        -- Status & Licensing
        IS_ACTIVE,
        HIRE_DATE,
        LICENSE_NUMBER,
        LICENSE_STATE

    FROM agents
)

SELECT * FROM final
  );
[0m10:12:51.909044 [debug] [Thread-1 (]: SQL status: SUCCESS 1 in 0.173 seconds
[0m10:12:51.913452 [debug] [Thread-1 (]: Sending event: {'category': 'dbt', 'action': 'run_model', 'label': '128a0055-ee1c-400f-ab56-47d5a90e8efe', 'context': [<snowplow_tracker.self_describing_json.SelfDescribingJson object at 0x7fb5cc2d39e0>]}
[0m10:12:51.914584 [info ] [Thread-1 (]: 12 of 22 OK created sql view model demoModel_18_staging.stg_ref_states ......... [[32mSUCCESS 1[0m in 0.19s]
[0m10:12:51.915497 [debug] [Thread-1 (]: Finished running node model.sentinel_insurance.stg_ref_states
[0m10:12:51.916203 [debug] [Thread-1 (]: Began running node model.sentinel_insurance.dim_agencies
[0m10:12:51.917176 [info ] [Thread-1 (]: 14 of 22 START sql view model demoModel_18_marts.dim_agencies .................. [RUN]
[0m10:12:51.917942 [debug] [Thread-1 (]: Re-using an available connection from the pool (formerly model.sentinel_insurance.stg_ref_states, now model.sentinel_insurance.dim_agencies)
[0m10:12:51.918572 [debug] [Thread-1 (]: Began compiling node model.sentinel_insurance.dim_agencies
[0m10:12:51.925539 [debug] [Thread-1 (]: Writing injected SQL for node "model.sentinel_insurance.dim_agencies"
[0m10:12:51.926594 [debug] [Thread-1 (]: Began executing node model.sentinel_insurance.dim_agencies
[0m10:12:51.932813 [debug] [Thread-1 (]: Writing runtime sql for node "model.sentinel_insurance.dim_agencies"
[0m10:12:51.934733 [debug] [Thread-1 (]: Using snowflake connection "model.sentinel_insurance.dim_agencies"
[0m10:12:51.935468 [debug] [Thread-1 (]: On model.sentinel_insurance.dim_agencies: /* {"app": "dbt", "dbt_version": "1.9.10", "profile_name": "ekai_dbt", "target_name": "dev", "node_id": "model.sentinel_insurance.dim_agencies"} */
create or replace   view EKAI.demoModel_18_marts.dim_agencies
  
   as (
    

WITH agencies AS (
    SELECT * FROM EKAI.demoModel_18_staging.stg_agencies
),

final AS (
    SELECT
        -- Primary Key
        AGENCY_ID,

        -- Business Identifiers
        AGENCY_CODE,
        AGENCY_NAME,

        -- Agency Details
        AGENCY_TYPE,
        COMMISSION_RATE,

        -- Status
        IS_ACTIVE,

        -- Location
        STATE_CODE,
        CITY

    FROM agencies
)

SELECT * FROM final
  );
[0m10:12:52.123262 [debug] [Thread-2 (]: SQL status: SUCCESS 1 in 0.297 seconds
[0m10:12:52.128466 [debug] [Thread-2 (]: Sending event: {'category': 'dbt', 'action': 'run_model', 'label': '128a0055-ee1c-400f-ab56-47d5a90e8efe', 'context': [<snowplow_tracker.self_describing_json.SelfDescribingJson object at 0x7fb5cc2b6870>]}
[0m10:12:52.129741 [info ] [Thread-2 (]: 13 of 22 OK created sql view model demoModel_18_marts.dim_agents ............... [[32mSUCCESS 1[0m in 0.32s]
[0m10:12:52.130705 [debug] [Thread-2 (]: Finished running node model.sentinel_insurance.dim_agents
[0m10:12:52.131773 [debug] [Thread-2 (]: Began running node model.sentinel_insurance.dim_policies
[0m10:12:52.132627 [info ] [Thread-2 (]: 15 of 22 START sql view model demoModel_18_marts.dim_policies .................. [RUN]
[0m10:12:52.133491 [debug] [Thread-2 (]: Re-using an available connection from the pool (formerly model.sentinel_insurance.dim_agents, now model.sentinel_insurance.dim_policies)
[0m10:12:52.134145 [debug] [Thread-2 (]: Began compiling node model.sentinel_insurance.dim_policies
[0m10:12:52.140974 [debug] [Thread-2 (]: Writing injected SQL for node "model.sentinel_insurance.dim_policies"
[0m10:12:52.142158 [debug] [Thread-2 (]: Began executing node model.sentinel_insurance.dim_policies
[0m10:12:52.148156 [debug] [Thread-2 (]: Writing runtime sql for node "model.sentinel_insurance.dim_policies"
[0m10:12:52.152116 [debug] [Thread-2 (]: Using snowflake connection "model.sentinel_insurance.dim_policies"
[0m10:12:52.153091 [debug] [Thread-2 (]: On model.sentinel_insurance.dim_policies: /* {"app": "dbt", "dbt_version": "1.9.10", "profile_name": "ekai_dbt", "target_name": "dev", "node_id": "model.sentinel_insurance.dim_policies"} */
create or replace   view EKAI.demoModel_18_marts.dim_policies
  
   as (
    

WITH policies AS (
    SELECT * FROM EKAI.demoModel_18_staging.stg_policies
),

parties AS (
    SELECT * FROM EKAI.demoModel_18_staging.stg_parties
),

-- Current Exposure Logic: Get latest version per policy number
latest_versions AS (
    SELECT
        POLICY_NUMBER,
        MAX(POLICY_VERSION) AS MAX_VERSION
    FROM policies
    GROUP BY POLICY_NUMBER
),

current_exposure AS (
    SELECT
        p.POLICY_ID,
        p.POLICY_NUMBER,
        p.POLICY_VERSION,
        p.EFFECTIVE_DATE,
        p.EXPIRATION_DATE,
        p.STATUS,
        p.LOB_CODE,
        p.STATE_CODE,
        p.ANNUAL_PREMIUM,
        p.AGENT_ID,
        p.PARTY_ID,
        p.IS_BUNDLE,
        p.RISK_SCORE,

        -- Policyholder name from Party table
        pt.PARTY_NAME AS POLICYHOLDER_NAME

    FROM policies p
    INNER JOIN latest_versions lv
        ON p.POLICY_NUMBER = lv.POLICY_NUMBER
        AND p.POLICY_VERSION = lv.MAX_VERSION
    LEFT JOIN parties pt
        ON p.PARTY_ID = pt.PARTY_ID
),

final AS (
    SELECT
        -- Primary Key
        POLICY_ID,

        -- Business Identifiers
        POLICY_NUMBER,
        POLICY_VERSION,

        -- Dates
        EFFECTIVE_DATE,
        EXPIRATION_DATE,

        -- Status & Classification
        STATUS,
        LOB_CODE,
        STATE_CODE,

        -- Financial
        ANNUAL_PREMIUM,

        -- Relationships
        AGENT_ID,
        PARTY_ID,
        POLICYHOLDER_NAME,

        -- Risk Attributes
        IS_BUNDLE,
        RISK_SCORE

    FROM current_exposure
)

SELECT * FROM final
  );
[0m10:12:52.228269 [debug] [Thread-1 (]: SQL status: SUCCESS 1 in 0.292 seconds
[0m10:12:52.232819 [debug] [Thread-1 (]: Sending event: {'category': 'dbt', 'action': 'run_model', 'label': '128a0055-ee1c-400f-ab56-47d5a90e8efe', 'context': [<snowplow_tracker.self_describing_json.SelfDescribingJson object at 0x7fb5cc482090>]}
[0m10:12:52.233933 [info ] [Thread-1 (]: 14 of 22 OK created sql view model demoModel_18_marts.dim_agencies ............. [[32mSUCCESS 1[0m in 0.31s]
[0m10:12:52.234838 [debug] [Thread-1 (]: Finished running node model.sentinel_insurance.dim_agencies
[0m10:12:52.235783 [debug] [Thread-1 (]: Began running node model.sentinel_insurance.fct_policy_premiums
[0m10:12:52.236595 [info ] [Thread-1 (]: 16 of 22 START sql view model demoModel_18_marts.fct_policy_premiums ........... [RUN]
[0m10:12:52.237436 [debug] [Thread-1 (]: Re-using an available connection from the pool (formerly model.sentinel_insurance.dim_agencies, now model.sentinel_insurance.fct_policy_premiums)
[0m10:12:52.238288 [debug] [Thread-1 (]: Began compiling node model.sentinel_insurance.fct_policy_premiums
[0m10:12:52.246472 [debug] [Thread-1 (]: Writing injected SQL for node "model.sentinel_insurance.fct_policy_premiums"
[0m10:12:52.247515 [debug] [Thread-1 (]: Began executing node model.sentinel_insurance.fct_policy_premiums
[0m10:12:52.253133 [debug] [Thread-1 (]: Writing runtime sql for node "model.sentinel_insurance.fct_policy_premiums"
[0m10:12:52.256424 [debug] [Thread-1 (]: Using snowflake connection "model.sentinel_insurance.fct_policy_premiums"
[0m10:12:52.257332 [debug] [Thread-1 (]: On model.sentinel_insurance.fct_policy_premiums: /* {"app": "dbt", "dbt_version": "1.9.10", "profile_name": "ekai_dbt", "target_name": "dev", "node_id": "model.sentinel_insurance.fct_policy_premiums"} */
create or replace   view EKAI.demoModel_18_marts.fct_policy_premiums
  
   as (
    

WITH policy_premiums AS (
    SELECT * FROM EKAI.demoModel_18_staging.stg_policy_premiums
),

policies AS (
    SELECT * FROM EKAI.demoModel_18_staging.stg_policies
),

agents AS (
    SELECT * FROM EKAI.demoModel_18_staging.stg_agents
),

enriched AS (
    SELECT
        pp.PREMIUM_ID,
        pp.POLICY_ID,
        pp.TRANSACTION_DATE,
        pp.ACCOUNTING_DATE,
        pp.TRANSACTION_TYPE,
        pp.WRITTEN_PREMIUM,
        pp.EARNED_PREMIUM,
        pp.COMMISSION_AMOUNT,
        pp.TAX_AMOUNT,
        pp.FEE_AMOUNT,

        -- Get agent commission split for Agent Net Revenue calculation
        a.COMMISSION_SPLIT

    FROM policy_premiums pp
    LEFT JOIN policies p ON pp.POLICY_ID = p.POLICY_ID
    LEFT JOIN agents a ON p.AGENT_ID = a.AGENT_ID
),

final AS (
    SELECT
        -- Primary Key
        PREMIUM_ID,

        -- Foreign Keys
        POLICY_ID,

        -- Transaction Details
        TRANSACTION_DATE,
        ACCOUNTING_DATE,
        TRANSACTION_TYPE,

        -- Financial Amounts
        WRITTEN_PREMIUM,
        EARNED_PREMIUM,
        COMMISSION_AMOUNT,
        TAX_AMOUNT,
        FEE_AMOUNT,

        -- Calculated Field: Agent Net Revenue
        -- Agent Net Revenue = Commission Amount × Agent Commission Split
        COMMISSION_AMOUNT * COALESCE(COMMISSION_SPLIT, 0) AS AGENT_NET_REVENUE

    FROM enriched
)

SELECT * FROM final
  );
[0m10:12:52.543030 [debug] [Thread-2 (]: SQL status: SUCCESS 1 in 0.389 seconds
[0m10:12:52.547802 [debug] [Thread-2 (]: Sending event: {'category': 'dbt', 'action': 'run_model', 'label': '128a0055-ee1c-400f-ab56-47d5a90e8efe', 'context': [<snowplow_tracker.self_describing_json.SelfDescribingJson object at 0x7fb5cc54cef0>]}
[0m10:12:52.549004 [info ] [Thread-2 (]: 15 of 22 OK created sql view model demoModel_18_marts.dim_policies ............. [[32mSUCCESS 1[0m in 0.41s]
[0m10:12:52.549960 [debug] [Thread-2 (]: Finished running node model.sentinel_insurance.dim_policies
[0m10:12:52.550899 [debug] [Thread-2 (]: Began running node model.sentinel_insurance.dim_cause_of_loss
[0m10:12:52.551702 [info ] [Thread-2 (]: 17 of 22 START sql view model demoModel_18_marts.dim_cause_of_loss ............. [RUN]
[0m10:12:52.552761 [debug] [Thread-2 (]: Re-using an available connection from the pool (formerly model.sentinel_insurance.dim_policies, now model.sentinel_insurance.dim_cause_of_loss)
[0m10:12:52.553503 [debug] [Thread-2 (]: Began compiling node model.sentinel_insurance.dim_cause_of_loss
[0m10:12:52.558905 [debug] [Thread-2 (]: Writing injected SQL for node "model.sentinel_insurance.dim_cause_of_loss"
[0m10:12:52.568251 [debug] [Thread-2 (]: Began executing node model.sentinel_insurance.dim_cause_of_loss
[0m10:12:52.573883 [debug] [Thread-2 (]: Writing runtime sql for node "model.sentinel_insurance.dim_cause_of_loss"
[0m10:12:52.575663 [debug] [Thread-2 (]: Using snowflake connection "model.sentinel_insurance.dim_cause_of_loss"
[0m10:12:52.576371 [debug] [Thread-2 (]: On model.sentinel_insurance.dim_cause_of_loss: /* {"app": "dbt", "dbt_version": "1.9.10", "profile_name": "ekai_dbt", "target_name": "dev", "node_id": "model.sentinel_insurance.dim_cause_of_loss"} */
create or replace   view EKAI.demoModel_18_marts.dim_cause_of_loss
  
   as (
    

WITH cause_of_loss AS (
    SELECT * FROM EKAI.demoModel_18_staging.stg_ref_cause_of_loss
),

final AS (
    SELECT
        -- Primary Key
        CAUSE_ID,

        -- Business Identifiers
        CAUSE_CODE,
        CAUSE_NAME,

        -- Classification
        CAUSE_CATEGORY,

        -- Statistical Metrics
        AVG_SEVERITY

    FROM cause_of_loss
)

SELECT * FROM final
  );
[0m10:12:52.691489 [debug] [Thread-1 (]: SQL status: SUCCESS 1 in 0.433 seconds
[0m10:12:52.696012 [debug] [Thread-1 (]: Sending event: {'category': 'dbt', 'action': 'run_model', 'label': '128a0055-ee1c-400f-ab56-47d5a90e8efe', 'context': [<snowplow_tracker.self_describing_json.SelfDescribingJson object at 0x7fb5cc44b410>]}
[0m10:12:52.697130 [info ] [Thread-1 (]: 16 of 22 OK created sql view model demoModel_18_marts.fct_policy_premiums ...... [[32mSUCCESS 1[0m in 0.46s]
[0m10:12:52.698070 [debug] [Thread-1 (]: Finished running node model.sentinel_insurance.fct_policy_premiums
[0m10:12:52.699280 [debug] [Thread-1 (]: Began running node model.sentinel_insurance.dim_coverage_codes
[0m10:12:52.700189 [info ] [Thread-1 (]: 18 of 22 START sql view model demoModel_18_marts.dim_coverage_codes ............ [RUN]
[0m10:12:52.701002 [debug] [Thread-1 (]: Re-using an available connection from the pool (formerly model.sentinel_insurance.fct_policy_premiums, now model.sentinel_insurance.dim_coverage_codes)
[0m10:12:52.701750 [debug] [Thread-1 (]: Began compiling node model.sentinel_insurance.dim_coverage_codes
[0m10:12:52.707927 [debug] [Thread-1 (]: Writing injected SQL for node "model.sentinel_insurance.dim_coverage_codes"
[0m10:12:52.717152 [debug] [Thread-1 (]: Began executing node model.sentinel_insurance.dim_coverage_codes
[0m10:12:52.722853 [debug] [Thread-1 (]: Writing runtime sql for node "model.sentinel_insurance.dim_coverage_codes"
[0m10:12:52.724933 [debug] [Thread-1 (]: Using snowflake connection "model.sentinel_insurance.dim_coverage_codes"
[0m10:12:52.725659 [debug] [Thread-1 (]: On model.sentinel_insurance.dim_coverage_codes: /* {"app": "dbt", "dbt_version": "1.9.10", "profile_name": "ekai_dbt", "target_name": "dev", "node_id": "model.sentinel_insurance.dim_coverage_codes"} */
create or replace   view EKAI.demoModel_18_marts.dim_coverage_codes
  
   as (
    

WITH coverage_codes AS (
    SELECT * FROM EKAI.demoModel_18_staging.stg_ref_coverage_codes
),

final AS (
    SELECT
        -- Primary Key
        COVERAGE_ID,

        -- Business Identifiers
        COVERAGE_CODE,
        COVERAGE_NAME,

        -- Classification
        LOB_CODE,

        -- Default Terms
        DEFAULT_LIMIT,
        DEFAULT_DEDUCTIBLE,

        -- Requirements
        IS_REQUIRED

    FROM coverage_codes
)

SELECT * FROM final
  );
[0m10:12:52.925937 [debug] [Thread-2 (]: SQL status: SUCCESS 1 in 0.349 seconds
[0m10:12:52.931211 [debug] [Thread-2 (]: Sending event: {'category': 'dbt', 'action': 'run_model', 'label': '128a0055-ee1c-400f-ab56-47d5a90e8efe', 'context': [<snowplow_tracker.self_describing_json.SelfDescribingJson object at 0x7fb5cc291760>]}
[0m10:12:52.932263 [info ] [Thread-2 (]: 17 of 22 OK created sql view model demoModel_18_marts.dim_cause_of_loss ........ [[32mSUCCESS 1[0m in 0.38s]
[0m10:12:52.933289 [debug] [Thread-2 (]: Finished running node model.sentinel_insurance.dim_cause_of_loss
[0m10:12:52.934010 [debug] [Thread-2 (]: Began running node model.sentinel_insurance.dim_line_of_business
[0m10:12:52.934868 [info ] [Thread-2 (]: 19 of 22 START sql view model demoModel_18_marts.dim_line_of_business .......... [RUN]
[0m10:12:52.935622 [debug] [Thread-2 (]: Re-using an available connection from the pool (formerly model.sentinel_insurance.dim_cause_of_loss, now model.sentinel_insurance.dim_line_of_business)
[0m10:12:52.936262 [debug] [Thread-2 (]: Began compiling node model.sentinel_insurance.dim_line_of_business
[0m10:12:52.941812 [debug] [Thread-2 (]: Writing injected SQL for node "model.sentinel_insurance.dim_line_of_business"
[0m10:12:52.942844 [debug] [Thread-2 (]: Began executing node model.sentinel_insurance.dim_line_of_business
[0m10:12:52.948316 [debug] [Thread-2 (]: Writing runtime sql for node "model.sentinel_insurance.dim_line_of_business"
[0m10:12:52.950232 [debug] [Thread-2 (]: Using snowflake connection "model.sentinel_insurance.dim_line_of_business"
[0m10:12:52.950952 [debug] [Thread-2 (]: On model.sentinel_insurance.dim_line_of_business: /* {"app": "dbt", "dbt_version": "1.9.10", "profile_name": "ekai_dbt", "target_name": "dev", "node_id": "model.sentinel_insurance.dim_line_of_business"} */
create or replace   view EKAI.demoModel_18_marts.dim_line_of_business
  
   as (
    

WITH line_of_business AS (
    SELECT * FROM EKAI.demoModel_18_staging.stg_ref_line_of_business
),

final AS (
    SELECT
        -- Primary Key
        LOB_ID,

        -- Business Identifiers
        LOB_CODE,
        LOB_NAME,

        -- Classification
        SEGMENT,

        -- Benchmark Metrics
        AVG_PREMIUM,
        CLAIM_FREQUENCY,

        -- Status
        IS_ACTIVE

    FROM line_of_business
)

SELECT * FROM final
  );
[0m10:12:52.991497 [debug] [Thread-3 (]: SQL status: SUCCESS 1 in 2.494 seconds
[0m10:12:52.996447 [debug] [Thread-3 (]: Sending event: {'category': 'dbt', 'action': 'run_model', 'label': '128a0055-ee1c-400f-ab56-47d5a90e8efe', 'context': [<snowplow_tracker.self_describing_json.SelfDescribingJson object at 0x7fb5cc465430>]}
[0m10:12:52.999425 [debug] [Thread-4 (]: SQL status: SUCCESS 1 in 2.542 seconds
[0m10:12:53.004578 [debug] [Thread-4 (]: Sending event: {'category': 'dbt', 'action': 'run_model', 'label': '128a0055-ee1c-400f-ab56-47d5a90e8efe', 'context': [<snowplow_tracker.self_describing_json.SelfDescribingJson object at 0x7fb5e59eaea0>]}
[0m10:12:52.997609 [info ] [Thread-3 (]: 3 of 22 OK created sql view model demoModel_18_staging.stg_claim_payments ...... [[32mSUCCESS 1[0m in 2.72s]
[0m10:12:53.007110 [debug] [Thread-3 (]: Finished running node model.sentinel_insurance.stg_claim_payments
[0m10:12:53.007809 [debug] [Thread-3 (]: Began running node model.sentinel_insurance.dim_states
[0m10:12:53.006105 [info ] [Thread-4 (]: 4 of 22 OK created sql view model demoModel_18_staging.stg_claims .............. [[32mSUCCESS 1[0m in 2.73s]
[0m10:12:53.009597 [info ] [Thread-3 (]: 20 of 22 START sql view model demoModel_18_marts.dim_states .................... [RUN]
[0m10:12:53.012076 [debug] [Thread-3 (]: Re-using an available connection from the pool (formerly model.sentinel_insurance.stg_claim_payments, now model.sentinel_insurance.dim_states)
[0m10:12:53.011110 [debug] [Thread-4 (]: Finished running node model.sentinel_insurance.stg_claims
[0m10:12:53.013486 [debug] [Thread-4 (]: Began running node model.sentinel_insurance.fct_claim_payments
[0m10:12:53.012758 [debug] [Thread-3 (]: Began compiling node model.sentinel_insurance.dim_states
[0m10:12:53.014340 [info ] [Thread-4 (]: 21 of 22 START sql view model demoModel_18_marts.fct_claim_payments ............ [RUN]
[0m10:12:53.020654 [debug] [Thread-4 (]: Re-using an available connection from the pool (formerly model.sentinel_insurance.stg_claims, now model.sentinel_insurance.fct_claim_payments)
[0m10:12:53.021360 [debug] [Thread-4 (]: Began compiling node model.sentinel_insurance.fct_claim_payments
[0m10:12:53.019754 [debug] [Thread-3 (]: Writing injected SQL for node "model.sentinel_insurance.dim_states"
[0m10:12:53.030775 [debug] [Thread-3 (]: Began executing node model.sentinel_insurance.dim_states
[0m10:12:53.029674 [debug] [Thread-4 (]: Writing injected SQL for node "model.sentinel_insurance.fct_claim_payments"
[0m10:12:53.037464 [debug] [Thread-4 (]: Began executing node model.sentinel_insurance.fct_claim_payments
[0m10:12:53.036374 [debug] [Thread-3 (]: Writing runtime sql for node "model.sentinel_insurance.dim_states"
[0m10:12:53.045184 [debug] [Thread-3 (]: Using snowflake connection "model.sentinel_insurance.dim_states"
[0m10:12:53.045890 [debug] [Thread-3 (]: On model.sentinel_insurance.dim_states: /* {"app": "dbt", "dbt_version": "1.9.10", "profile_name": "ekai_dbt", "target_name": "dev", "node_id": "model.sentinel_insurance.dim_states"} */
create or replace   view EKAI.demoModel_18_marts.dim_states
  
   as (
    

WITH states AS (
    SELECT * FROM EKAI.demoModel_18_staging.stg_ref_states
),

final AS (
    SELECT
        -- Primary Key
        STATE_ID,

        -- Business Identifiers
        STATE_CODE,
        STATE_NAME,

        -- Geographic Classification
        REGION,

        -- Regulatory Attributes
        NO_FAULT_AUTO

    FROM states
)

SELECT * FROM final
  );
[0m10:12:53.043445 [debug] [Thread-4 (]: Writing runtime sql for node "model.sentinel_insurance.fct_claim_payments"
[0m10:12:53.049629 [debug] [Thread-4 (]: Using snowflake connection "model.sentinel_insurance.fct_claim_payments"
[0m10:12:53.050455 [debug] [Thread-4 (]: On model.sentinel_insurance.fct_claim_payments: /* {"app": "dbt", "dbt_version": "1.9.10", "profile_name": "ekai_dbt", "target_name": "dev", "node_id": "model.sentinel_insurance.fct_claim_payments"} */
create or replace   view EKAI.demoModel_18_marts.fct_claim_payments
  
   as (
    

WITH claim_payments AS (
    SELECT * FROM EKAI.demoModel_18_staging.stg_claim_payments
),

final AS (
    SELECT
        -- Primary Key
        PAYMENT_ID,

        -- Foreign Keys
        CLAIM_ID,

        -- Transaction Details
        PAYMENT_DATE,
        PAYMENT_AMOUNT,
        PAYMENT_TYPE,
        PAYMENT_METHOD,

        -- Payee Information
        PAYEE_NAME,
        PAYEE_TYPE

    FROM claim_payments
)

SELECT * FROM final
  );
[0m10:12:53.097401 [debug] [Thread-1 (]: SQL status: SUCCESS 1 in 0.371 seconds
[0m10:12:53.102482 [debug] [Thread-1 (]: Sending event: {'category': 'dbt', 'action': 'run_model', 'label': '128a0055-ee1c-400f-ab56-47d5a90e8efe', 'context': [<snowplow_tracker.self_describing_json.SelfDescribingJson object at 0x7fb5cc1fff20>]}
[0m10:12:53.103580 [info ] [Thread-1 (]: 18 of 22 OK created sql view model demoModel_18_marts.dim_coverage_codes ....... [[32mSUCCESS 1[0m in 0.40s]
[0m10:12:53.104527 [debug] [Thread-1 (]: Finished running node model.sentinel_insurance.dim_coverage_codes
[0m10:12:53.105865 [debug] [Thread-1 (]: Began running node model.sentinel_insurance.fct_claims
[0m10:12:53.108718 [info ] [Thread-1 (]: 22 of 22 START sql view model demoModel_18_marts.fct_claims .................... [RUN]
[0m10:12:53.109960 [debug] [Thread-1 (]: Re-using an available connection from the pool (formerly model.sentinel_insurance.dim_coverage_codes, now model.sentinel_insurance.fct_claims)
[0m10:12:53.110645 [debug] [Thread-1 (]: Began compiling node model.sentinel_insurance.fct_claims
[0m10:12:53.116901 [debug] [Thread-1 (]: Writing injected SQL for node "model.sentinel_insurance.fct_claims"
[0m10:12:53.117987 [debug] [Thread-1 (]: Began executing node model.sentinel_insurance.fct_claims
[0m10:12:53.123710 [debug] [Thread-1 (]: Writing runtime sql for node "model.sentinel_insurance.fct_claims"
[0m10:12:53.125836 [debug] [Thread-1 (]: Using snowflake connection "model.sentinel_insurance.fct_claims"
[0m10:12:53.126592 [debug] [Thread-1 (]: On model.sentinel_insurance.fct_claims: /* {"app": "dbt", "dbt_version": "1.9.10", "profile_name": "ekai_dbt", "target_name": "dev", "node_id": "model.sentinel_insurance.fct_claims"} */
create or replace   view EKAI.demoModel_18_marts.fct_claims
  
   as (
    

WITH claims AS (
    SELECT * FROM EKAI.demoModel_18_staging.stg_claims
),

final AS (
    SELECT
        -- Primary Key
        CLAIM_ID,

        -- Business Identifiers
        CLAIM_NUMBER,
        POLICY_ID,

        -- Dates
        LOSS_DATE,
        REPORTED_DATE,
        CLOSED_DATE,

        -- Classification
        LOB_CODE,
        STATUS,
        CAUSE_CODE,

        -- Financial Metrics (for Loss Ratio calculation)
        TOTAL_INCURRED,
        TOTAL_PAID,
        TOTAL_RESERVE,

        -- Flags
        FRAUD_FLAG,
        LITIGATION_FLAG

    FROM claims
)

SELECT * FROM final
  );
[0m10:12:53.245965 [debug] [Thread-2 (]: SQL status: SUCCESS 1 in 0.294 seconds
[0m10:12:53.250526 [debug] [Thread-2 (]: Sending event: {'category': 'dbt', 'action': 'run_model', 'label': '128a0055-ee1c-400f-ab56-47d5a90e8efe', 'context': [<snowplow_tracker.self_describing_json.SelfDescribingJson object at 0x7fb5cc579850>]}
[0m10:12:53.251611 [info ] [Thread-2 (]: 19 of 22 OK created sql view model demoModel_18_marts.dim_line_of_business ..... [[32mSUCCESS 1[0m in 0.31s]
[0m10:12:53.252925 [debug] [Thread-2 (]: Finished running node model.sentinel_insurance.dim_line_of_business
[0m10:12:53.340263 [debug] [Thread-3 (]: SQL status: SUCCESS 1 in 0.294 seconds
[0m10:12:53.344902 [debug] [Thread-3 (]: Sending event: {'category': 'dbt', 'action': 'run_model', 'label': '128a0055-ee1c-400f-ab56-47d5a90e8efe', 'context': [<snowplow_tracker.self_describing_json.SelfDescribingJson object at 0x7fb5cc464980>]}
[0m10:12:53.346007 [info ] [Thread-3 (]: 20 of 22 OK created sql view model demoModel_18_marts.dim_states ............... [[32mSUCCESS 1[0m in 0.33s]
[0m10:12:53.346920 [debug] [Thread-3 (]: Finished running node model.sentinel_insurance.dim_states
[0m10:12:53.392512 [debug] [Thread-4 (]: SQL status: SUCCESS 1 in 0.341 seconds
[0m10:12:53.397166 [debug] [Thread-4 (]: Sending event: {'category': 'dbt', 'action': 'run_model', 'label': '128a0055-ee1c-400f-ab56-47d5a90e8efe', 'context': [<snowplow_tracker.self_describing_json.SelfDescribingJson object at 0x7fb5cc44b650>]}
[0m10:12:53.398257 [info ] [Thread-4 (]: 21 of 22 OK created sql view model demoModel_18_marts.fct_claim_payments ....... [[32mSUCCESS 1[0m in 0.38s]
[0m10:12:53.399183 [debug] [Thread-4 (]: Finished running node model.sentinel_insurance.fct_claim_payments
[0m10:12:53.458801 [debug] [Thread-1 (]: SQL status: SUCCESS 1 in 0.331 seconds
[0m10:12:53.464236 [debug] [Thread-1 (]: Sending event: {'category': 'dbt', 'action': 'run_model', 'label': '128a0055-ee1c-400f-ab56-47d5a90e8efe', 'context': [<snowplow_tracker.self_describing_json.SelfDescribingJson object at 0x7fb5cc261d90>]}
[0m10:12:53.465436 [info ] [Thread-1 (]: 22 of 22 OK created sql view model demoModel_18_marts.fct_claims ............... [[32mSUCCESS 1[0m in 0.35s]
[0m10:12:53.466430 [debug] [Thread-1 (]: Finished running node model.sentinel_insurance.fct_claims
[0m10:12:53.481800 [debug] [MainThread]: Connection 'master' was properly closed.
[0m10:12:53.482522 [debug] [MainThread]: Connection 'model.sentinel_insurance.fct_claims' was left open.
[0m10:12:53.483084 [debug] [MainThread]: On model.sentinel_insurance.fct_claims: Close
[0m10:12:53.543489 [debug] [MainThread]: Connection 'model.sentinel_insurance.dim_line_of_business' was left open.
[0m10:12:53.544310 [debug] [MainThread]: On model.sentinel_insurance.dim_line_of_business: Close
[0m10:12:53.600463 [debug] [MainThread]: Connection 'model.sentinel_insurance.fct_claim_payments' was left open.
[0m10:12:53.611600 [debug] [MainThread]: On model.sentinel_insurance.fct_claim_payments: Close
[0m10:12:53.698279 [debug] [MainThread]: Connection 'model.sentinel_insurance.dim_states' was left open.
[0m10:12:53.699066 [debug] [MainThread]: On model.sentinel_insurance.dim_states: Close
[0m10:12:53.759401 [info ] [MainThread]: 
[0m10:12:53.760218 [info ] [MainThread]: Finished running 22 view models in 0 hours 0 minutes and 6.92 seconds (6.92s).
[0m10:12:53.774213 [debug] [MainThread]: Command end result
[0m10:12:53.904028 [debug] [MainThread]: Wrote artifact WritableManifest to /app/workspaces/18/target/manifest.json
[0m10:12:53.907615 [debug] [MainThread]: Wrote artifact SemanticManifest to /app/workspaces/18/target/semantic_manifest.json
[0m10:12:53.917559 [debug] [MainThread]: Wrote artifact RunExecutionResult to /app/workspaces/18/target/run_results.json
[0m10:12:53.918268 [info ] [MainThread]: 
[0m10:12:53.918975 [info ] [MainThread]: [32mCompleted successfully[0m
[0m10:12:53.919543 [info ] [MainThread]: 
[0m10:12:53.920112 [info ] [MainThread]: Done. PASS=22 WARN=0 ERROR=0 SKIP=0 TOTAL=22
[0m10:12:53.921536 [debug] [MainThread]: Resource report: {"command_name": "run", "command_success": true, "command_wall_clock_time": 12.441612, "process_in_blocks": "0", "process_kernel_time": 0.457033, "process_mem_max_rss": "253400", "process_out_blocks": "4144", "process_user_time": 11.375342}
[0m10:12:53.922413 [debug] [MainThread]: Command `dbt run` succeeded at 10:12:53.922286 after 12.44 seconds
[0m10:12:53.923078 [debug] [MainThread]: Sending event: {'category': 'dbt', 'action': 'invocation', 'label': 'end', 'context': [<snowplow_tracker.self_describing_json.SelfDescribingJson object at 0x7fb5fdc7cdd0>, <snowplow_tracker.self_describing_json.SelfDescribingJson object at 0x7fb5fdc7c920>, <snowplow_tracker.self_describing_json.SelfDescribingJson object at 0x7fb5e76329c0>]}
[0m10:12:53.973948 [debug] [MainThread]: An error was encountered while trying to send an event
[0m10:12:53.974831 [debug] [MainThread]: Flushing usage events
[0m10:13:32.620516 [debug] [MainThread]: Sending event: {'category': 'dbt', 'action': 'invocation', 'label': 'start', 'context': [<snowplow_tracker.self_describing_json.SelfDescribingJson object at 0x7fd39b4148f0>, <snowplow_tracker.self_describing_json.SelfDescribingJson object at 0x7fd39bcca420>, <snowplow_tracker.self_describing_json.SelfDescribingJson object at 0x7fd39b609820>]}


============================== 10:13:32.695557 | d47f302a-789c-4669-929e-2c35f0ac12f8 ==============================
[0m10:13:32.695557 [info ] [MainThread]: Running with dbt=1.9.10
[0m10:13:32.696471 [debug] [MainThread]: running dbt with arguments {'quiet': 'False', 'version_check': 'True', 'no_print': 'None', 'log_format': 'default', 'debug': 'False', 'empty': 'None', 'cache_selected_only': 'False', 'warn_error_options': 'WarnErrorOptions(include=[], exclude=[])', 'log_cache_events': 'False', 'send_anonymous_usage_stats': 'True', 'write_json': 'True', 'use_colors': 'True', 'use_experimental_parser': 'False', 'fail_fast': 'False', 'log_path': '/app/workspaces/18/logs', 'static_parser': 'True', 'printer_width': '80', 'introspect': 'True', 'indirect_selection': 'eager', 'partial_parse': 'True', 'warn_error': 'None', 'profiles_dir': '/app/workspaces/18', 'invocation_command': 'dbt debug', 'target_path': 'None'}
[0m10:13:32.761060 [info ] [MainThread]: dbt version: 1.9.10
[0m10:13:32.761777 [info ] [MainThread]: python version: 3.12.12
[0m10:13:32.762280 [info ] [MainThread]: python path: /app/.venv/bin/python
[0m10:13:32.763046 [info ] [MainThread]: os info: Linux-5.15.198-14.2026012713g4a2d5fc+snow+aws+5.15+amd64.x86_64-x86_64-with-glibc2.41
[0m10:13:36.519992 [info ] [MainThread]: Using profiles dir at /app/workspaces/18
[0m10:13:36.520751 [info ] [MainThread]: Using profiles.yml file at /app/workspaces/18/profiles.yml
[0m10:13:36.524159 [info ] [MainThread]: Using dbt_project.yml file at /app/workspaces/18/dbt_project.yml
[0m10:13:36.525874 [info ] [MainThread]: adapter type: snowflake
[0m10:13:36.526504 [info ] [MainThread]: adapter version: 1.9.4
[0m10:13:36.746924 [info ] [MainThread]: Configuration:
[0m10:13:36.747677 [info ] [MainThread]:   profiles.yml file [[32mOK found and valid[0m]
[0m10:13:36.748186 [info ] [MainThread]:   dbt_project.yml file [[32mOK found and valid[0m]
[0m10:13:36.748690 [info ] [MainThread]: Required dependencies:
[0m10:13:36.756073 [debug] [MainThread]: Executing "git --help"
[0m10:13:36.760008 [info ] [MainThread]:  - git [[31mERROR[0m]

[0m10:13:36.760690 [info ] [MainThread]: Connection:
[0m10:13:36.762786 [info ] [MainThread]:   account: TB99471
[0m10:13:36.763343 [info ] [MainThread]:   user: None
[0m10:13:36.763824 [info ] [MainThread]:   database: EKAI
[0m10:13:36.767432 [info ] [MainThread]:   warehouse: COMPUTE_WH
[0m10:13:36.770523 [info ] [MainThread]:   role: None
[0m10:13:36.771526 [info ] [MainThread]:   schema: demoModel_18
[0m10:13:36.772047 [info ] [MainThread]:   authenticator: oauth
[0m10:13:36.772537 [info ] [MainThread]:   oauth_client_id: None
[0m10:13:36.774387 [info ] [MainThread]:   query_tag: None
[0m10:13:36.774903 [info ] [MainThread]:   client_session_keep_alive: False
[0m10:13:36.775386 [info ] [MainThread]:   host: tb99471.eu-central-1.snowflakecomputing.com
[0m10:13:36.775857 [info ] [MainThread]:   port: None
[0m10:13:36.776316 [info ] [MainThread]:   proxy_host: None
[0m10:13:36.776793 [info ] [MainThread]:   proxy_port: None
[0m10:13:36.778021 [info ] [MainThread]:   protocol: None
[0m10:13:36.778503 [info ] [MainThread]:   connect_retries: 1
[0m10:13:36.780687 [info ] [MainThread]:   connect_timeout: None
[0m10:13:36.781235 [info ] [MainThread]:   retry_on_database_errors: False
[0m10:13:36.781751 [info ] [MainThread]:   retry_all: False
[0m10:13:36.782857 [info ] [MainThread]:   insecure_mode: False
[0m10:13:36.783363 [info ] [MainThread]:   reuse_connections: True
[0m10:13:36.784083 [info ] [MainThread]: Registered adapter: snowflake=1.9.4
[0m10:13:37.136595 [debug] [MainThread]: Acquiring new snowflake connection 'debug'
[0m10:13:37.257629 [debug] [MainThread]: Using snowflake connection "debug"
[0m10:13:37.258340 [debug] [MainThread]: On debug: select 1 as id
[0m10:13:37.258849 [debug] [MainThread]: Opening a new connection, currently in state init
[0m10:13:39.814154 [debug] [MainThread]: SQL status: SUCCESS 1 in 2.555 seconds
[0m10:13:39.816218 [info ] [MainThread]:   Connection test: [[32mOK connection ok[0m]

[0m10:13:39.817920 [info ] [MainThread]: [31m1 check failed:[0m
[0m10:13:39.818568 [info ] [MainThread]: Error from git --help: Could not find command, ensure it is in the user's PATH: "git"

[0m10:13:39.819897 [debug] [MainThread]: Resource report: {"command_name": "debug", "command_success": false, "command_wall_clock_time": 7.3850994, "process_in_blocks": "0", "process_kernel_time": 0.419593, "process_mem_max_rss": "230992", "process_out_blocks": "48", "process_user_time": 9.293177}
[0m10:13:39.822612 [debug] [MainThread]: Command `dbt debug` failed at 10:13:39.822451 after 7.39 seconds
[0m10:13:39.823204 [debug] [MainThread]: Connection 'debug' was left open.
[0m10:13:39.823737 [debug] [MainThread]: On debug: Close
[0m10:13:39.901562 [debug] [MainThread]: Sending event: {'category': 'dbt', 'action': 'invocation', 'label': 'end', 'context': [<snowplow_tracker.self_describing_json.SelfDescribingJson object at 0x7fd39b2dc0e0>, <snowplow_tracker.self_describing_json.SelfDescribingJson object at 0x7fd38477a6f0>, <snowplow_tracker.self_describing_json.SelfDescribingJson object at 0x7fd384a2cc50>]}
[0m10:13:39.902531 [debug] [MainThread]: Flushing usage events
[0m10:13:39.934449 [debug] [MainThread]: An error was encountered while trying to flush usage events
[0m10:15:02.746476 [debug] [MainThread]: Sending event: {'category': 'dbt', 'action': 'invocation', 'label': 'start', 'context': [<snowplow_tracker.self_describing_json.SelfDescribingJson object at 0x7f29cecd4830>, <snowplow_tracker.self_describing_json.SelfDescribingJson object at 0x7f29cecd7860>, <snowplow_tracker.self_describing_json.SelfDescribingJson object at 0x7f29ce030ce0>]}


============================== 10:15:02.842991 | 88b3a89b-5b8d-4cda-8e7b-cd7b1f0550c8 ==============================
[0m10:15:02.842991 [info ] [MainThread]: Running with dbt=1.9.10
[0m10:15:02.846402 [debug] [MainThread]: running dbt with arguments {'warn_error_options': 'WarnErrorOptions(include=[], exclude=[])', 'log_path': '/app/workspaces/18/logs', 'partial_parse': 'True', 'target_path': 'None', 'quiet': 'False', 'printer_width': '80', 'introspect': 'True', 'profiles_dir': '/app/workspaces/18', 'static_parser': 'True', 'no_print': 'None', 'debug': 'False', 'use_experimental_parser': 'False', 'version_check': 'True', 'fail_fast': 'False', 'log_format': 'default', 'invocation_command': 'dbt list --resource-type model --select marts.*', 'indirect_selection': 'eager', 'cache_selected_only': 'False', 'send_anonymous_usage_stats': 'True', 'write_json': 'True', 'use_colors': 'True', 'empty': 'None', 'warn_error': 'None', 'log_cache_events': 'False'}
[0m10:15:06.869151 [debug] [MainThread]: Sending event: {'category': 'dbt', 'action': 'project_id', 'label': '88b3a89b-5b8d-4cda-8e7b-cd7b1f0550c8', 'context': [<snowplow_tracker.self_describing_json.SelfDescribingJson object at 0x7f29b7957b90>]}
[0m10:15:07.001406 [debug] [MainThread]: Sending event: {'category': 'dbt', 'action': 'adapter_info', 'label': '88b3a89b-5b8d-4cda-8e7b-cd7b1f0550c8', 'context': [<snowplow_tracker.self_describing_json.SelfDescribingJson object at 0x7f29ce958560>]}
[0m10:15:07.002887 [info ] [MainThread]: Registered adapter: snowflake=1.9.4
[0m10:15:07.288534 [error] [MainThread]: Encountered an error:
Compilation Error
  dbt found 1 package(s) specified in packages.yml, but only 0 package(s) installed in dbt_packages. Run "dbt deps" to install package dependencies.
[0m10:15:07.294288 [debug] [MainThread]: Resource report: {"command_name": "list", "command_success": false, "command_wall_clock_time": 4.737854, "process_in_blocks": "0", "process_kernel_time": 0.33304, "process_mem_max_rss": "209636", "process_out_blocks": "8", "process_user_time": 9.077268}
[0m10:15:07.295487 [debug] [MainThread]: Command `dbt list` failed at 10:15:07.295346 after 4.74 seconds
[0m10:15:07.296163 [debug] [MainThread]: Sending event: {'category': 'dbt', 'action': 'invocation', 'label': 'end', 'context': [<snowplow_tracker.self_describing_json.SelfDescribingJson object at 0x7f29cec62ab0>, <snowplow_tracker.self_describing_json.SelfDescribingJson object at 0x7f29b7b89ee0>, <snowplow_tracker.self_describing_json.SelfDescribingJson object at 0x7f29b7b4e120>]}
[0m10:15:07.300922 [debug] [MainThread]: Flushing usage events
[0m10:15:07.546263 [debug] [MainThread]: An error was encountered while trying to flush usage events
[0m10:15:18.394818 [debug] [MainThread]: Sending event: {'category': 'dbt', 'action': 'invocation', 'label': 'start', 'context': [<snowplow_tracker.self_describing_json.SelfDescribingJson object at 0x7f606419b140>, <snowplow_tracker.self_describing_json.SelfDescribingJson object at 0x7f6060fb7aa0>, <snowplow_tracker.self_describing_json.SelfDescribingJson object at 0x7f6060fb7170>]}


============================== 10:15:18.462555 | 7e544ab2-52bb-44cf-a03f-e450d92d95a5 ==============================
[0m10:15:18.462555 [info ] [MainThread]: Running with dbt=1.9.10
[0m10:15:18.463513 [debug] [MainThread]: running dbt with arguments {'use_colors': 'True', 'quiet': 'False', 'log_cache_events': 'False', 'log_format': 'default', 'warn_error_options': 'WarnErrorOptions(include=[], exclude=[])', 'version_check': 'True', 'partial_parse': 'True', 'static_parser': 'True', 'write_json': 'True', 'log_path': '/app/workspaces/18/logs', 'use_experimental_parser': 'False', 'profiles_dir': '/app/workspaces/18', 'debug': 'False', 'send_anonymous_usage_stats': 'True', 'introspect': 'True', 'no_print': 'None', 'warn_error': 'None', 'printer_width': '80', 'cache_selected_only': 'False', 'indirect_selection': 'eager', 'empty': 'None', 'invocation_command': 'dbt deps', 'target_path': 'None', 'fail_fast': 'False'}
[0m10:15:18.781276 [debug] [MainThread]: Sending event: {'category': 'dbt', 'action': 'project_id', 'label': '7e544ab2-52bb-44cf-a03f-e450d92d95a5', 'context': [<snowplow_tracker.self_describing_json.SelfDescribingJson object at 0x7f6063107200>]}
[0m10:15:18.953388 [debug] [MainThread]: Set downloads directory='/tmp/dbt-downloads-7pigo_wi'
[0m10:15:18.954285 [debug] [MainThread]: Making package index registry request: GET https://hub.getdbt.com/api/v1/index.json
[0m10:15:19.035777 [debug] [MainThread]: Response from registry index: GET https://hub.getdbt.com/api/v1/index.json 200
[0m10:15:19.046187 [debug] [MainThread]: Making package registry request: GET https://hub.getdbt.com/api/v1/dbt-labs/dbt_utils.json
[0m10:15:19.100667 [debug] [MainThread]: Response from registry: GET https://hub.getdbt.com/api/v1/dbt-labs/dbt_utils.json 200
[0m10:15:19.112130 [info ] [MainThread]: Installing dbt-labs/dbt_utils
[0m10:15:19.391886 [info ] [MainThread]: Installed from version 1.1.1
[0m10:15:19.392666 [info ] [MainThread]: Updated version available: 1.3.3
[0m10:15:19.401712 [debug] [MainThread]: Sending event: {'category': 'dbt', 'action': 'package', 'label': '7e544ab2-52bb-44cf-a03f-e450d92d95a5', 'property_': 'install', 'context': [<snowplow_tracker.self_describing_json.SelfDescribingJson object at 0x7f606071fcb0>, <snowplow_tracker.self_describing_json.SelfDescribingJson object at 0x7f606071da00>]}
[0m10:15:19.402450 [info ] [MainThread]: 
[0m10:15:19.403035 [info ] [MainThread]: Updates available for packages: ['dbt-labs/dbt_utils']                 
Update your versions in packages.yml, then run dbt deps
[0m10:15:19.404609 [debug] [MainThread]: Resource report: {"command_name": "deps", "command_success": true, "command_wall_clock_time": 1.1898928, "process_in_blocks": "0", "process_kernel_time": 0.208135, "process_mem_max_rss": "119304", "process_out_blocks": "2216", "process_user_time": 5.735262}
[0m10:15:19.405539 [debug] [MainThread]: Command `dbt deps` succeeded at 10:15:19.405379 after 1.19 seconds
[0m10:15:19.406208 [debug] [MainThread]: Sending event: {'category': 'dbt', 'action': 'invocation', 'label': 'end', 'context': [<snowplow_tracker.self_describing_json.SelfDescribingJson object at 0x7f6060dedf10>, <snowplow_tracker.self_describing_json.SelfDescribingJson object at 0x7f6061700230>, <snowplow_tracker.self_describing_json.SelfDescribingJson object at 0x7f6063107200>]}
[0m10:15:19.406894 [debug] [MainThread]: Flushing usage events
[0m10:15:19.470779 [debug] [MainThread]: An error was encountered while trying to flush usage events
[0m10:15:26.041286 [debug] [MainThread]: Sending event: {'category': 'dbt', 'action': 'invocation', 'label': 'start', 'context': [<snowplow_tracker.self_describing_json.SelfDescribingJson object at 0x7f9fb47a4170>, <snowplow_tracker.self_describing_json.SelfDescribingJson object at 0x7f9fb5025160>, <snowplow_tracker.self_describing_json.SelfDescribingJson object at 0x7f9fb6381ee0>]}


============================== 10:15:26.108253 | c1ff0417-4b8d-49ed-b54d-519197d22172 ==============================
[0m10:15:26.108253 [info ] [MainThread]: Running with dbt=1.9.10
[0m10:15:26.109617 [debug] [MainThread]: running dbt with arguments {'profiles_dir': '/app/workspaces/18', 'use_experimental_parser': 'False', 'invocation_command': 'dbt list --resource-type model --select marts.*', 'static_parser': 'True', 'quiet': 'False', 'log_cache_events': 'False', 'warn_error_options': 'WarnErrorOptions(include=[], exclude=[])', 'cache_selected_only': 'False', 'debug': 'False', 'use_colors': 'True', 'no_print': 'None', 'empty': 'None', 'printer_width': '80', 'fail_fast': 'False', 'send_anonymous_usage_stats': 'True', 'target_path': 'None', 'introspect': 'True', 'indirect_selection': 'eager', 'version_check': 'True', 'warn_error': 'None', 'write_json': 'True', 'partial_parse': 'True', 'log_format': 'default', 'log_path': '/app/workspaces/18/logs'}
[0m10:15:30.076973 [debug] [MainThread]: Sending event: {'category': 'dbt', 'action': 'project_id', 'label': 'c1ff0417-4b8d-49ed-b54d-519197d22172', 'context': [<snowplow_tracker.self_describing_json.SelfDescribingJson object at 0x7f9f9d2c7380>]}
[0m10:15:30.222840 [debug] [MainThread]: Sending event: {'category': 'dbt', 'action': 'adapter_info', 'label': 'c1ff0417-4b8d-49ed-b54d-519197d22172', 'context': [<snowplow_tracker.self_describing_json.SelfDescribingJson object at 0x7f9fb3fbcd40>]}
[0m10:15:30.224173 [info ] [MainThread]: Registered adapter: snowflake=1.9.4
[0m10:15:30.683483 [debug] [MainThread]: checksum: c40cca0353c9a9b4dbd2a57cdc3e2440f5c9a71a795694b25a51e704baaf554e, vars: {}, profile: , target: , version: 1.9.10
[0m10:15:30.886385 [debug] [MainThread]: Partial parsing enabled: 0 files deleted, 0 files added, 0 files changed.
[0m10:15:30.887139 [debug] [MainThread]: Partial parsing enabled, no changes found, skipping parsing
[0m10:15:30.961668 [debug] [MainThread]: Sending event: {'category': 'dbt', 'action': 'load_project', 'label': 'c1ff0417-4b8d-49ed-b54d-519197d22172', 'context': [<snowplow_tracker.self_describing_json.SelfDescribingJson object at 0x7f9f9d0127b0>]}
[0m10:15:31.141186 [debug] [MainThread]: Wrote artifact WritableManifest to /app/workspaces/18/target/manifest.json
[0m10:15:31.145341 [debug] [MainThread]: Wrote artifact SemanticManifest to /app/workspaces/18/target/semantic_manifest.json
[0m10:15:31.231139 [debug] [MainThread]: Sending event: {'category': 'dbt', 'action': 'runnable_timing', 'label': 'c1ff0417-4b8d-49ed-b54d-519197d22172', 'context': [<snowplow_tracker.self_describing_json.SelfDescribingJson object at 0x7f9f9d3ca900>]}
[0m10:15:31.233117 [info ] [MainThread]: sentinel_insurance.marts.dim_agencies
[0m10:15:31.233796 [info ] [MainThread]: sentinel_insurance.marts.dim_agents
[0m10:15:31.234303 [info ] [MainThread]: sentinel_insurance.marts.dim_cause_of_loss
[0m10:15:31.234755 [info ] [MainThread]: sentinel_insurance.marts.dim_coverage_codes
[0m10:15:31.235220 [info ] [MainThread]: sentinel_insurance.marts.dim_line_of_business
[0m10:15:31.235666 [info ] [MainThread]: sentinel_insurance.marts.dim_policies
[0m10:15:31.236117 [info ] [MainThread]: sentinel_insurance.marts.dim_states
[0m10:15:31.236614 [info ] [MainThread]: sentinel_insurance.marts.fct_claim_payments
[0m10:15:31.237565 [info ] [MainThread]: sentinel_insurance.marts.fct_claims
[0m10:15:31.238701 [info ] [MainThread]: sentinel_insurance.marts.fct_policy_premiums
[0m10:15:31.240624 [debug] [MainThread]: Resource report: {"command_name": "list", "command_success": true, "command_wall_clock_time": 5.3750186, "process_in_blocks": "0", "process_kernel_time": 0.391464, "process_mem_max_rss": "216380", "process_out_blocks": "1904", "process_user_time": 9.612163}
[0m10:15:31.241766 [debug] [MainThread]: Command `dbt list` succeeded at 10:15:31.241607 after 5.38 seconds
[0m10:15:31.242429 [debug] [MainThread]: Sending event: {'category': 'dbt', 'action': 'invocation', 'label': 'end', 'context': [<snowplow_tracker.self_describing_json.SelfDescribingJson object at 0x7f9fb5025160>, <snowplow_tracker.self_describing_json.SelfDescribingJson object at 0x7f9f9d7da270>, <snowplow_tracker.self_describing_json.SelfDescribingJson object at 0x7f9fb7d53b60>]}
[0m10:15:31.243076 [debug] [MainThread]: Flushing usage events
[0m10:15:31.426158 [debug] [MainThread]: An error was encountered while trying to flush usage events
[0m10:15:41.539470 [debug] [MainThread]: Sending event: {'category': 'dbt', 'action': 'invocation', 'label': 'start', 'context': [<snowplow_tracker.self_describing_json.SelfDescribingJson object at 0x7f4b976432c0>, <snowplow_tracker.self_describing_json.SelfDescribingJson object at 0x7f4b977284a0>, <snowplow_tracker.self_describing_json.SelfDescribingJson object at 0x7f4b975ef920>]}


============================== 10:15:41.609720 | fc8aa92a-f153-4f91-99b0-84a3844df640 ==============================
[0m10:15:41.609720 [info ] [MainThread]: Running with dbt=1.9.10
[0m10:15:41.610641 [debug] [MainThread]: running dbt with arguments {'debug': 'False', 'indirect_selection': 'eager', 'target_path': 'None', 'use_colors': 'True', 'send_anonymous_usage_stats': 'True', 'fail_fast': 'False', 'partial_parse': 'True', 'cache_selected_only': 'False', 'static_parser': 'True', 'log_cache_events': 'False', 'introspect': 'True', 'write_json': 'True', 'warn_error_options': 'WarnErrorOptions(include=[], exclude=[])', 'use_experimental_parser': 'False', 'log_format': 'default', 'version_check': 'True', 'warn_error': 'None', 'empty': 'False', 'quiet': 'False', 'no_print': 'None', 'profiles_dir': '/app/workspaces/18', 'printer_width': '80', 'invocation_command': 'dbt run --select marts.*', 'log_path': '/app/workspaces/18/logs'}
[0m10:15:45.731098 [debug] [MainThread]: Sending event: {'category': 'dbt', 'action': 'project_id', 'label': 'fc8aa92a-f153-4f91-99b0-84a3844df640', 'context': [<snowplow_tracker.self_describing_json.SelfDescribingJson object at 0x7f4b814b9520>]}
[0m10:15:45.870157 [debug] [MainThread]: Sending event: {'category': 'dbt', 'action': 'adapter_info', 'label': 'fc8aa92a-f153-4f91-99b0-84a3844df640', 'context': [<snowplow_tracker.self_describing_json.SelfDescribingJson object at 0x7f4b80355190>]}
[0m10:15:45.871525 [info ] [MainThread]: Registered adapter: snowflake=1.9.4
[0m10:15:46.218705 [debug] [MainThread]: checksum: c40cca0353c9a9b4dbd2a57cdc3e2440f5c9a71a795694b25a51e704baaf554e, vars: {}, profile: , target: , version: 1.9.10
[0m10:15:46.503208 [debug] [MainThread]: Partial parsing enabled: 0 files deleted, 0 files added, 0 files changed.
[0m10:15:46.503957 [debug] [MainThread]: Partial parsing enabled, no changes found, skipping parsing
[0m10:15:46.580496 [debug] [MainThread]: Sending event: {'category': 'dbt', 'action': 'load_project', 'label': 'fc8aa92a-f153-4f91-99b0-84a3844df640', 'context': [<snowplow_tracker.self_describing_json.SelfDescribingJson object at 0x7f4b96cf2de0>]}
[0m10:15:46.746027 [debug] [MainThread]: Wrote artifact WritableManifest to /app/workspaces/18/target/manifest.json
[0m10:15:46.749475 [debug] [MainThread]: Wrote artifact SemanticManifest to /app/workspaces/18/target/semantic_manifest.json
[0m10:15:46.853825 [debug] [MainThread]: Sending event: {'category': 'dbt', 'action': 'resource_counts', 'label': 'fc8aa92a-f153-4f91-99b0-84a3844df640', 'context': [<snowplow_tracker.self_describing_json.SelfDescribingJson object at 0x7f4b7fa3cb60>]}
[0m10:15:46.854807 [info ] [MainThread]: Found 22 models, 9 data tests, 12 sources, 616 macros
[0m10:15:46.855479 [debug] [MainThread]: Sending event: {'category': 'dbt', 'action': 'runnable_timing', 'label': 'fc8aa92a-f153-4f91-99b0-84a3844df640', 'context': [<snowplow_tracker.self_describing_json.SelfDescribingJson object at 0x7f4b7fa3c800>]}
[0m10:15:46.859672 [info ] [MainThread]: 
[0m10:15:46.860430 [info ] [MainThread]: Concurrency: 4 threads (target='dev')
[0m10:15:46.861019 [info ] [MainThread]: 
[0m10:15:46.861843 [debug] [MainThread]: Acquiring new snowflake connection 'master'
[0m10:15:46.869728 [debug] [ThreadPool]: Acquiring new snowflake connection 'list_EKAI'
[0m10:15:46.950655 [debug] [ThreadPool]: Using snowflake connection "list_EKAI"
[0m10:15:46.951417 [debug] [ThreadPool]: On list_EKAI: /* {"app": "dbt", "dbt_version": "1.9.10", "profile_name": "ekai_dbt", "target_name": "dev", "connection_name": "list_EKAI"} */
show terse schemas in database EKAI
    limit 10000
[0m10:15:46.952009 [debug] [ThreadPool]: Opening a new connection, currently in state init
[0m10:15:49.813475 [debug] [ThreadPool]: SQL status: SUCCESS 13 in 2.861 seconds
[0m10:15:49.829027 [debug] [ThreadPool]: Re-using an available connection from the pool (formerly list_EKAI, now list_EKAI_demoModel_18_staging)
[0m10:15:49.848739 [debug] [ThreadPool]: Using snowflake connection "list_EKAI_demoModel_18_staging"
[0m10:15:49.849555 [debug] [ThreadPool]: On list_EKAI_demoModel_18_staging: /* {"app": "dbt", "dbt_version": "1.9.10", "profile_name": "ekai_dbt", "target_name": "dev", "connection_name": "list_EKAI_demoModel_18_staging"} */
alter session set quoted_identifiers_ignore_case = false;
[0m10:15:49.857616 [debug] [ThreadPool]: Acquiring new snowflake connection 'list_EKAI_demoModel_18_marts'
[0m10:15:49.862309 [debug] [ThreadPool]: Using snowflake connection "list_EKAI_demoModel_18_marts"
[0m10:15:49.863058 [debug] [ThreadPool]: On list_EKAI_demoModel_18_marts: /* {"app": "dbt", "dbt_version": "1.9.10", "profile_name": "ekai_dbt", "target_name": "dev", "connection_name": "list_EKAI_demoModel_18_marts"} */
alter session set quoted_identifiers_ignore_case = false;
[0m10:15:49.863640 [debug] [ThreadPool]: Opening a new connection, currently in state init
[0m10:15:50.000363 [debug] [ThreadPool]: SQL status: SUCCESS 1 in 0.149 seconds
[0m10:15:50.007371 [debug] [ThreadPool]: Using snowflake connection "list_EKAI_demoModel_18_staging"
[0m10:15:50.008111 [debug] [ThreadPool]: On list_EKAI_demoModel_18_staging: /* {"app": "dbt", "dbt_version": "1.9.10", "profile_name": "ekai_dbt", "target_name": "dev", "connection_name": "list_EKAI_demoModel_18_staging"} */
show objects in EKAI.demoModel_18_staging
    limit 10000
    
;
[0m10:15:50.166843 [debug] [ThreadPool]: SQL status: SUCCESS 12 in 0.158 seconds
[0m10:15:50.170472 [debug] [ThreadPool]: Using snowflake connection "list_EKAI_demoModel_18_staging"
[0m10:15:50.171162 [debug] [ThreadPool]: On list_EKAI_demoModel_18_staging: /* {"app": "dbt", "dbt_version": "1.9.10", "profile_name": "ekai_dbt", "target_name": "dev", "connection_name": "list_EKAI_demoModel_18_staging"} */
alter session unset quoted_identifiers_ignore_case;
[0m10:15:50.332456 [debug] [ThreadPool]: SQL status: SUCCESS 1 in 0.161 seconds
[0m10:15:52.217168 [debug] [ThreadPool]: SQL status: SUCCESS 1 in 2.353 seconds
[0m10:15:52.220196 [debug] [ThreadPool]: Using snowflake connection "list_EKAI_demoModel_18_marts"
[0m10:15:52.220948 [debug] [ThreadPool]: On list_EKAI_demoModel_18_marts: /* {"app": "dbt", "dbt_version": "1.9.10", "profile_name": "ekai_dbt", "target_name": "dev", "connection_name": "list_EKAI_demoModel_18_marts"} */
show objects in EKAI.demoModel_18_marts
    limit 10000
    
;
[0m10:15:52.379264 [debug] [ThreadPool]: SQL status: SUCCESS 10 in 0.158 seconds
[0m10:15:52.383654 [debug] [ThreadPool]: Using snowflake connection "list_EKAI_demoModel_18_marts"
[0m10:15:52.384419 [debug] [ThreadPool]: On list_EKAI_demoModel_18_marts: /* {"app": "dbt", "dbt_version": "1.9.10", "profile_name": "ekai_dbt", "target_name": "dev", "connection_name": "list_EKAI_demoModel_18_marts"} */
alter session unset quoted_identifiers_ignore_case;
[0m10:15:52.493953 [debug] [ThreadPool]: SQL status: SUCCESS 1 in 0.109 seconds
[0m10:15:52.499341 [debug] [MainThread]: Sending event: {'category': 'dbt', 'action': 'runnable_timing', 'label': 'fc8aa92a-f153-4f91-99b0-84a3844df640', 'context': [<snowplow_tracker.self_describing_json.SelfDescribingJson object at 0x7f4b7fab2cc0>]}
[0m10:15:52.505453 [debug] [Thread-1 (]: Began running node model.sentinel_insurance.dim_agencies
[0m10:15:52.507317 [debug] [Thread-2 (]: Began running node model.sentinel_insurance.dim_agents
[0m10:15:52.508670 [debug] [Thread-3 (]: Began running node model.sentinel_insurance.dim_cause_of_loss
[0m10:15:52.510021 [debug] [Thread-4 (]: Began running node model.sentinel_insurance.dim_coverage_codes
[0m10:15:52.506461 [info ] [Thread-1 (]: 1 of 10 START sql view model demoModel_18_marts.dim_agencies ................... [RUN]
[0m10:15:52.511523 [debug] [Thread-1 (]: Re-using an available connection from the pool (formerly list_EKAI_demoModel_18_marts, now model.sentinel_insurance.dim_agencies)
[0m10:15:52.512172 [debug] [Thread-1 (]: Began compiling node model.sentinel_insurance.dim_agencies
[0m10:15:52.508176 [info ] [Thread-2 (]: 2 of 10 START sql view model demoModel_18_marts.dim_agents ..................... [RUN]
[0m10:15:52.521898 [debug] [Thread-2 (]: Re-using an available connection from the pool (formerly list_EKAI_demoModel_18_staging, now model.sentinel_insurance.dim_agents)
[0m10:15:52.522705 [debug] [Thread-2 (]: Began compiling node model.sentinel_insurance.dim_agents
[0m10:15:52.528198 [debug] [Thread-2 (]: Writing injected SQL for node "model.sentinel_insurance.dim_agents"
[0m10:15:52.529304 [debug] [Thread-2 (]: Began executing node model.sentinel_insurance.dim_agents
[0m10:15:52.509452 [info ] [Thread-3 (]: 3 of 10 START sql view model demoModel_18_marts.dim_cause_of_loss .............. [RUN]
[0m10:15:52.542281 [debug] [Thread-3 (]: Acquiring new snowflake connection 'model.sentinel_insurance.dim_cause_of_loss'
[0m10:15:52.543000 [debug] [Thread-3 (]: Began compiling node model.sentinel_insurance.dim_cause_of_loss
[0m10:15:52.564419 [debug] [Thread-1 (]: Writing injected SQL for node "model.sentinel_insurance.dim_agencies"
[0m10:15:52.565602 [debug] [Thread-1 (]: Began executing node model.sentinel_insurance.dim_agencies
[0m10:15:52.576081 [debug] [Thread-3 (]: Writing injected SQL for node "model.sentinel_insurance.dim_cause_of_loss"
[0m10:15:52.577304 [debug] [Thread-3 (]: Began executing node model.sentinel_insurance.dim_cause_of_loss
[0m10:15:52.510756 [info ] [Thread-4 (]: 4 of 10 START sql view model demoModel_18_marts.dim_coverage_codes ............. [RUN]
[0m10:15:52.624082 [debug] [Thread-4 (]: Acquiring new snowflake connection 'model.sentinel_insurance.dim_coverage_codes'
[0m10:15:52.629206 [debug] [Thread-4 (]: Began compiling node model.sentinel_insurance.dim_coverage_codes
[0m10:15:52.634992 [debug] [Thread-4 (]: Writing injected SQL for node "model.sentinel_insurance.dim_coverage_codes"
[0m10:15:52.636111 [debug] [Thread-4 (]: Began executing node model.sentinel_insurance.dim_coverage_codes
[0m10:15:52.709597 [debug] [Thread-1 (]: Writing runtime sql for node "model.sentinel_insurance.dim_agencies"
[0m10:15:52.711599 [debug] [Thread-1 (]: Using snowflake connection "model.sentinel_insurance.dim_agencies"
[0m10:15:52.712433 [debug] [Thread-1 (]: On model.sentinel_insurance.dim_agencies: /* {"app": "dbt", "dbt_version": "1.9.10", "profile_name": "ekai_dbt", "target_name": "dev", "node_id": "model.sentinel_insurance.dim_agencies"} */
create or replace   view EKAI.demoModel_18_marts.dim_agencies
  
   as (
    

WITH agencies AS (
    SELECT * FROM EKAI.demoModel_18_staging.stg_agencies
),

final AS (
    SELECT
        -- Primary Key
        AGENCY_ID,

        -- Business Identifiers
        AGENCY_CODE,
        AGENCY_NAME,

        -- Agency Details
        AGENCY_TYPE,
        COMMISSION_RATE,

        -- Status
        IS_ACTIVE,

        -- Location
        STATE_CODE,
        CITY

    FROM agencies
)

SELECT * FROM final
  );
[0m10:15:52.718159 [debug] [Thread-2 (]: Writing runtime sql for node "model.sentinel_insurance.dim_agents"
[0m10:15:52.720209 [debug] [Thread-2 (]: Using snowflake connection "model.sentinel_insurance.dim_agents"
[0m10:15:52.720979 [debug] [Thread-2 (]: On model.sentinel_insurance.dim_agents: /* {"app": "dbt", "dbt_version": "1.9.10", "profile_name": "ekai_dbt", "target_name": "dev", "node_id": "model.sentinel_insurance.dim_agents"} */
create or replace   view EKAI.demoModel_18_marts.dim_agents
  
   as (
    

WITH agents AS (
    SELECT * FROM EKAI.demoModel_18_staging.stg_agents
),

final AS (
    SELECT
        -- Primary Key
        AGENT_ID,

        -- Business Identifiers
        AGENT_CODE,

        -- Personal Information
        FIRST_NAME,
        LAST_NAME,
        FULL_NAME,

        -- Foreign Keys
        AGENCY_ID,

        -- Commission Information
        COMMISSION_SPLIT,

        -- Status & Licensing
        IS_ACTIVE,
        HIRE_DATE,
        LICENSE_NUMBER,
        LICENSE_STATE

    FROM agents
)

SELECT * FROM final
  );
[0m10:15:52.724189 [debug] [Thread-4 (]: Writing runtime sql for node "model.sentinel_insurance.dim_coverage_codes"
[0m10:15:52.726176 [debug] [Thread-4 (]: Using snowflake connection "model.sentinel_insurance.dim_coverage_codes"
[0m10:15:52.726898 [debug] [Thread-4 (]: On model.sentinel_insurance.dim_coverage_codes: /* {"app": "dbt", "dbt_version": "1.9.10", "profile_name": "ekai_dbt", "target_name": "dev", "node_id": "model.sentinel_insurance.dim_coverage_codes"} */
create or replace   view EKAI.demoModel_18_marts.dim_coverage_codes
  
   as (
    

WITH coverage_codes AS (
    SELECT * FROM EKAI.demoModel_18_staging.stg_ref_coverage_codes
),

final AS (
    SELECT
        -- Primary Key
        COVERAGE_ID,

        -- Business Identifiers
        COVERAGE_CODE,
        COVERAGE_NAME,

        -- Classification
        LOB_CODE,

        -- Default Terms
        DEFAULT_LIMIT,
        DEFAULT_DEDUCTIBLE,

        -- Requirements
        IS_REQUIRED

    FROM coverage_codes
)

SELECT * FROM final
  );
[0m10:15:52.727535 [debug] [Thread-4 (]: Opening a new connection, currently in state init
[0m10:15:52.746949 [debug] [Thread-3 (]: Writing runtime sql for node "model.sentinel_insurance.dim_cause_of_loss"
[0m10:15:52.749063 [debug] [Thread-3 (]: Using snowflake connection "model.sentinel_insurance.dim_cause_of_loss"
[0m10:15:52.749847 [debug] [Thread-3 (]: On model.sentinel_insurance.dim_cause_of_loss: /* {"app": "dbt", "dbt_version": "1.9.10", "profile_name": "ekai_dbt", "target_name": "dev", "node_id": "model.sentinel_insurance.dim_cause_of_loss"} */
create or replace   view EKAI.demoModel_18_marts.dim_cause_of_loss
  
   as (
    

WITH cause_of_loss AS (
    SELECT * FROM EKAI.demoModel_18_staging.stg_ref_cause_of_loss
),

final AS (
    SELECT
        -- Primary Key
        CAUSE_ID,

        -- Business Identifiers
        CAUSE_CODE,
        CAUSE_NAME,

        -- Classification
        CAUSE_CATEGORY,

        -- Statistical Metrics
        AVG_SEVERITY

    FROM cause_of_loss
)

SELECT * FROM final
  );
[0m10:15:52.750485 [debug] [Thread-3 (]: Opening a new connection, currently in state init
[0m10:15:53.027143 [debug] [Thread-2 (]: SQL status: SUCCESS 1 in 0.305 seconds
[0m10:15:53.072285 [debug] [Thread-2 (]: Sending event: {'category': 'dbt', 'action': 'run_model', 'label': 'fc8aa92a-f153-4f91-99b0-84a3844df640', 'context': [<snowplow_tracker.self_describing_json.SelfDescribingJson object at 0x7f4b990295b0>]}
[0m10:15:53.073553 [info ] [Thread-2 (]: 2 of 10 OK created sql view model demoModel_18_marts.dim_agents ................ [[32mSUCCESS 1[0m in 0.55s]
[0m10:15:53.074518 [debug] [Thread-2 (]: Finished running node model.sentinel_insurance.dim_agents
[0m10:15:53.075240 [debug] [Thread-2 (]: Began running node model.sentinel_insurance.dim_line_of_business
[0m10:15:53.075991 [info ] [Thread-2 (]: 5 of 10 START sql view model demoModel_18_marts.dim_line_of_business ........... [RUN]
[0m10:15:53.076727 [debug] [Thread-2 (]: Re-using an available connection from the pool (formerly model.sentinel_insurance.dim_agents, now model.sentinel_insurance.dim_line_of_business)
[0m10:15:53.077440 [debug] [Thread-2 (]: Began compiling node model.sentinel_insurance.dim_line_of_business
[0m10:15:53.082568 [debug] [Thread-2 (]: Writing injected SQL for node "model.sentinel_insurance.dim_line_of_business"
[0m10:15:53.083576 [debug] [Thread-2 (]: Began executing node model.sentinel_insurance.dim_line_of_business
[0m10:15:53.089123 [debug] [Thread-2 (]: Writing runtime sql for node "model.sentinel_insurance.dim_line_of_business"
[0m10:15:53.091041 [debug] [Thread-2 (]: Using snowflake connection "model.sentinel_insurance.dim_line_of_business"
[0m10:15:53.091768 [debug] [Thread-2 (]: On model.sentinel_insurance.dim_line_of_business: /* {"app": "dbt", "dbt_version": "1.9.10", "profile_name": "ekai_dbt", "target_name": "dev", "node_id": "model.sentinel_insurance.dim_line_of_business"} */
create or replace   view EKAI.demoModel_18_marts.dim_line_of_business
  
   as (
    

WITH line_of_business AS (
    SELECT * FROM EKAI.demoModel_18_staging.stg_ref_line_of_business
),

final AS (
    SELECT
        -- Primary Key
        LOB_ID,

        -- Business Identifiers
        LOB_CODE,
        LOB_NAME,

        -- Classification
        SEGMENT,

        -- Benchmark Metrics
        AVG_PREMIUM,
        CLAIM_FREQUENCY,

        -- Status
        IS_ACTIVE

    FROM line_of_business
)

SELECT * FROM final
  );
[0m10:15:53.110806 [debug] [Thread-1 (]: SQL status: SUCCESS 1 in 0.398 seconds
[0m10:15:53.114814 [debug] [Thread-1 (]: Sending event: {'category': 'dbt', 'action': 'run_model', 'label': 'fc8aa92a-f153-4f91-99b0-84a3844df640', 'context': [<snowplow_tracker.self_describing_json.SelfDescribingJson object at 0x7f4b7dcc89e0>]}
[0m10:15:53.115933 [info ] [Thread-1 (]: 1 of 10 OK created sql view model demoModel_18_marts.dim_agencies .............. [[32mSUCCESS 1[0m in 0.60s]
[0m10:15:53.116932 [debug] [Thread-1 (]: Finished running node model.sentinel_insurance.dim_agencies
[0m10:15:53.117633 [debug] [Thread-1 (]: Began running node model.sentinel_insurance.dim_policies
[0m10:15:53.118363 [info ] [Thread-1 (]: 6 of 10 START sql view model demoModel_18_marts.dim_policies ................... [RUN]
[0m10:15:53.119191 [debug] [Thread-1 (]: Re-using an available connection from the pool (formerly model.sentinel_insurance.dim_agencies, now model.sentinel_insurance.dim_policies)
[0m10:15:53.119837 [debug] [Thread-1 (]: Began compiling node model.sentinel_insurance.dim_policies
[0m10:15:53.125520 [debug] [Thread-1 (]: Writing injected SQL for node "model.sentinel_insurance.dim_policies"
[0m10:15:53.126512 [debug] [Thread-1 (]: Began executing node model.sentinel_insurance.dim_policies
[0m10:15:53.136323 [debug] [Thread-1 (]: Writing runtime sql for node "model.sentinel_insurance.dim_policies"
[0m10:15:53.139752 [debug] [Thread-1 (]: Using snowflake connection "model.sentinel_insurance.dim_policies"
[0m10:15:53.140607 [debug] [Thread-1 (]: On model.sentinel_insurance.dim_policies: /* {"app": "dbt", "dbt_version": "1.9.10", "profile_name": "ekai_dbt", "target_name": "dev", "node_id": "model.sentinel_insurance.dim_policies"} */
create or replace   view EKAI.demoModel_18_marts.dim_policies
  
   as (
    

WITH policies AS (
    SELECT * FROM EKAI.demoModel_18_staging.stg_policies
),

parties AS (
    SELECT * FROM EKAI.demoModel_18_staging.stg_parties
),

-- Current Exposure Logic: Get latest version per policy number
latest_versions AS (
    SELECT
        POLICY_NUMBER,
        MAX(POLICY_VERSION) AS MAX_VERSION
    FROM policies
    GROUP BY POLICY_NUMBER
),

current_exposure AS (
    SELECT
        p.POLICY_ID,
        p.POLICY_NUMBER,
        p.POLICY_VERSION,
        p.EFFECTIVE_DATE,
        p.EXPIRATION_DATE,
        p.STATUS,
        p.LOB_CODE,
        p.STATE_CODE,
        p.ANNUAL_PREMIUM,
        p.AGENT_ID,
        p.PARTY_ID,
        p.IS_BUNDLE,
        p.RISK_SCORE,

        -- Policyholder name from Party table
        pt.PARTY_NAME AS POLICYHOLDER_NAME

    FROM policies p
    INNER JOIN latest_versions lv
        ON p.POLICY_NUMBER = lv.POLICY_NUMBER
        AND p.POLICY_VERSION = lv.MAX_VERSION
    LEFT JOIN parties pt
        ON p.PARTY_ID = pt.PARTY_ID
),

final AS (
    SELECT
        -- Primary Key
        POLICY_ID,

        -- Business Identifiers
        POLICY_NUMBER,
        POLICY_VERSION,

        -- Dates
        EFFECTIVE_DATE,
        EXPIRATION_DATE,

        -- Status & Classification
        STATUS,
        LOB_CODE,
        STATE_CODE,

        -- Financial
        ANNUAL_PREMIUM,

        -- Relationships
        AGENT_ID,
        PARTY_ID,
        POLICYHOLDER_NAME,

        -- Risk Attributes
        IS_BUNDLE,
        RISK_SCORE

    FROM current_exposure
)

SELECT * FROM final
  );
[0m10:15:53.404858 [debug] [Thread-2 (]: SQL status: SUCCESS 1 in 0.312 seconds
[0m10:15:53.409997 [debug] [Thread-2 (]: Sending event: {'category': 'dbt', 'action': 'run_model', 'label': 'fc8aa92a-f153-4f91-99b0-84a3844df640', 'context': [<snowplow_tracker.self_describing_json.SelfDescribingJson object at 0x7f4b7dcddeb0>]}
[0m10:15:53.411069 [info ] [Thread-2 (]: 5 of 10 OK created sql view model demoModel_18_marts.dim_line_of_business ...... [[32mSUCCESS 1[0m in 0.33s]
[0m10:15:53.411986 [debug] [Thread-2 (]: Finished running node model.sentinel_insurance.dim_line_of_business
[0m10:15:53.412689 [debug] [Thread-2 (]: Began running node model.sentinel_insurance.dim_states
[0m10:15:53.414199 [info ] [Thread-2 (]: 7 of 10 START sql view model demoModel_18_marts.dim_states ..................... [RUN]
[0m10:15:53.414958 [debug] [Thread-2 (]: Re-using an available connection from the pool (formerly model.sentinel_insurance.dim_line_of_business, now model.sentinel_insurance.dim_states)
[0m10:15:53.415616 [debug] [Thread-2 (]: Began compiling node model.sentinel_insurance.dim_states
[0m10:15:53.421714 [debug] [Thread-2 (]: Writing injected SQL for node "model.sentinel_insurance.dim_states"
[0m10:15:53.422760 [debug] [Thread-2 (]: Began executing node model.sentinel_insurance.dim_states
[0m10:15:53.428429 [debug] [Thread-2 (]: Writing runtime sql for node "model.sentinel_insurance.dim_states"
[0m10:15:53.430375 [debug] [Thread-2 (]: Using snowflake connection "model.sentinel_insurance.dim_states"
[0m10:15:53.431246 [debug] [Thread-2 (]: On model.sentinel_insurance.dim_states: /* {"app": "dbt", "dbt_version": "1.9.10", "profile_name": "ekai_dbt", "target_name": "dev", "node_id": "model.sentinel_insurance.dim_states"} */
create or replace   view EKAI.demoModel_18_marts.dim_states
  
   as (
    

WITH states AS (
    SELECT * FROM EKAI.demoModel_18_staging.stg_ref_states
),

final AS (
    SELECT
        -- Primary Key
        STATE_ID,

        -- Business Identifiers
        STATE_CODE,
        STATE_NAME,

        -- Geographic Classification
        REGION,

        -- Regulatory Attributes
        NO_FAULT_AUTO

    FROM states
)

SELECT * FROM final
  );
[0m10:15:53.600807 [debug] [Thread-1 (]: SQL status: SUCCESS 1 in 0.459 seconds
[0m10:15:53.609210 [debug] [Thread-1 (]: Sending event: {'category': 'dbt', 'action': 'run_model', 'label': 'fc8aa92a-f153-4f91-99b0-84a3844df640', 'context': [<snowplow_tracker.self_describing_json.SelfDescribingJson object at 0x7f4b7dd0b980>]}
[0m10:15:53.610191 [info ] [Thread-1 (]: 6 of 10 OK created sql view model demoModel_18_marts.dim_policies .............. [[32mSUCCESS 1[0m in 0.49s]
[0m10:15:53.610936 [debug] [Thread-1 (]: Finished running node model.sentinel_insurance.dim_policies
[0m10:15:53.611414 [debug] [Thread-1 (]: Began running node model.sentinel_insurance.fct_claim_payments
[0m10:15:53.612151 [info ] [Thread-1 (]: 8 of 10 START sql view model demoModel_18_marts.fct_claim_payments ............. [RUN]
[0m10:15:53.612767 [debug] [Thread-1 (]: Re-using an available connection from the pool (formerly model.sentinel_insurance.dim_policies, now model.sentinel_insurance.fct_claim_payments)
[0m10:15:53.613280 [debug] [Thread-1 (]: Began compiling node model.sentinel_insurance.fct_claim_payments
[0m10:15:53.616793 [debug] [Thread-1 (]: Writing injected SQL for node "model.sentinel_insurance.fct_claim_payments"
[0m10:15:53.618044 [debug] [Thread-1 (]: Began executing node model.sentinel_insurance.fct_claim_payments
[0m10:15:53.623750 [debug] [Thread-1 (]: Writing runtime sql for node "model.sentinel_insurance.fct_claim_payments"
[0m10:15:53.625962 [debug] [Thread-1 (]: Using snowflake connection "model.sentinel_insurance.fct_claim_payments"
[0m10:15:53.626709 [debug] [Thread-1 (]: On model.sentinel_insurance.fct_claim_payments: /* {"app": "dbt", "dbt_version": "1.9.10", "profile_name": "ekai_dbt", "target_name": "dev", "node_id": "model.sentinel_insurance.fct_claim_payments"} */
create or replace   view EKAI.demoModel_18_marts.fct_claim_payments
  
   as (
    

WITH claim_payments AS (
    SELECT * FROM EKAI.demoModel_18_staging.stg_claim_payments
),

final AS (
    SELECT
        -- Primary Key
        PAYMENT_ID,

        -- Foreign Keys
        CLAIM_ID,

        -- Transaction Details
        PAYMENT_DATE,
        PAYMENT_AMOUNT,
        PAYMENT_TYPE,
        PAYMENT_METHOD,

        -- Payee Information
        PAYEE_NAME,
        PAYEE_TYPE

    FROM claim_payments
)

SELECT * FROM final
  );
[0m10:15:54.514438 [debug] [Thread-2 (]: SQL status: SUCCESS 1 in 1.082 seconds
[0m10:15:54.519230 [debug] [Thread-2 (]: Sending event: {'category': 'dbt', 'action': 'run_model', 'label': 'fc8aa92a-f153-4f91-99b0-84a3844df640', 'context': [<snowplow_tracker.self_describing_json.SelfDescribingJson object at 0x7f4b7d358bf0>]}
[0m10:15:54.520336 [info ] [Thread-2 (]: 7 of 10 OK created sql view model demoModel_18_marts.dim_states ................ [[32mSUCCESS 1[0m in 1.10s]
[0m10:15:54.521673 [debug] [Thread-2 (]: Finished running node model.sentinel_insurance.dim_states
[0m10:15:54.522393 [debug] [Thread-2 (]: Began running node model.sentinel_insurance.fct_claims
[0m10:15:54.523184 [info ] [Thread-2 (]: 9 of 10 START sql view model demoModel_18_marts.fct_claims ..................... [RUN]
[0m10:15:54.524169 [debug] [Thread-2 (]: Re-using an available connection from the pool (formerly model.sentinel_insurance.dim_states, now model.sentinel_insurance.fct_claims)
[0m10:15:54.524874 [debug] [Thread-2 (]: Began compiling node model.sentinel_insurance.fct_claims
[0m10:15:54.530371 [debug] [Thread-2 (]: Writing injected SQL for node "model.sentinel_insurance.fct_claims"
[0m10:15:54.531403 [debug] [Thread-2 (]: Began executing node model.sentinel_insurance.fct_claims
[0m10:15:54.538022 [debug] [Thread-2 (]: Writing runtime sql for node "model.sentinel_insurance.fct_claims"
[0m10:15:54.540329 [debug] [Thread-2 (]: Using snowflake connection "model.sentinel_insurance.fct_claims"
[0m10:15:54.541154 [debug] [Thread-2 (]: On model.sentinel_insurance.fct_claims: /* {"app": "dbt", "dbt_version": "1.9.10", "profile_name": "ekai_dbt", "target_name": "dev", "node_id": "model.sentinel_insurance.fct_claims"} */
create or replace   view EKAI.demoModel_18_marts.fct_claims
  
   as (
    

WITH claims AS (
    SELECT * FROM EKAI.demoModel_18_staging.stg_claims
),

final AS (
    SELECT
        -- Primary Key
        CLAIM_ID,

        -- Business Identifiers
        CLAIM_NUMBER,
        POLICY_ID,

        -- Dates
        LOSS_DATE,
        REPORTED_DATE,
        CLOSED_DATE,

        -- Classification
        LOB_CODE,
        STATUS,
        CAUSE_CODE,

        -- Financial Metrics (for Loss Ratio calculation)
        TOTAL_INCURRED,
        TOTAL_PAID,
        TOTAL_RESERVE,

        -- Flags
        FRAUD_FLAG,
        LITIGATION_FLAG

    FROM claims
)

SELECT * FROM final
  );
[0m10:15:54.583103 [debug] [Thread-1 (]: SQL status: SUCCESS 1 in 0.956 seconds
[0m10:15:54.587674 [debug] [Thread-1 (]: Sending event: {'category': 'dbt', 'action': 'run_model', 'label': 'fc8aa92a-f153-4f91-99b0-84a3844df640', 'context': [<snowplow_tracker.self_describing_json.SelfDescribingJson object at 0x7f4b7d3d2570>]}
[0m10:15:54.588756 [info ] [Thread-1 (]: 8 of 10 OK created sql view model demoModel_18_marts.fct_claim_payments ........ [[32mSUCCESS 1[0m in 0.97s]
[0m10:15:54.589734 [debug] [Thread-1 (]: Finished running node model.sentinel_insurance.fct_claim_payments
[0m10:15:54.590696 [debug] [Thread-1 (]: Began running node model.sentinel_insurance.fct_policy_premiums
[0m10:15:54.591499 [info ] [Thread-1 (]: 10 of 10 START sql view model demoModel_18_marts.fct_policy_premiums ........... [RUN]
[0m10:15:54.592459 [debug] [Thread-1 (]: Re-using an available connection from the pool (formerly model.sentinel_insurance.fct_claim_payments, now model.sentinel_insurance.fct_policy_premiums)
[0m10:15:54.593151 [debug] [Thread-1 (]: Began compiling node model.sentinel_insurance.fct_policy_premiums
[0m10:15:54.599735 [debug] [Thread-1 (]: Writing injected SQL for node "model.sentinel_insurance.fct_policy_premiums"
[0m10:15:54.600779 [debug] [Thread-1 (]: Began executing node model.sentinel_insurance.fct_policy_premiums
[0m10:15:54.608412 [debug] [Thread-1 (]: Writing runtime sql for node "model.sentinel_insurance.fct_policy_premiums"
[0m10:15:54.611947 [debug] [Thread-1 (]: Using snowflake connection "model.sentinel_insurance.fct_policy_premiums"
[0m10:15:54.612769 [debug] [Thread-1 (]: On model.sentinel_insurance.fct_policy_premiums: /* {"app": "dbt", "dbt_version": "1.9.10", "profile_name": "ekai_dbt", "target_name": "dev", "node_id": "model.sentinel_insurance.fct_policy_premiums"} */
create or replace   view EKAI.demoModel_18_marts.fct_policy_premiums
  
   as (
    

WITH policy_premiums AS (
    SELECT * FROM EKAI.demoModel_18_staging.stg_policy_premiums
),

policies AS (
    SELECT * FROM EKAI.demoModel_18_staging.stg_policies
),

agents AS (
    SELECT * FROM EKAI.demoModel_18_staging.stg_agents
),

enriched AS (
    SELECT
        pp.PREMIUM_ID,
        pp.POLICY_ID,
        pp.TRANSACTION_DATE,
        pp.ACCOUNTING_DATE,
        pp.TRANSACTION_TYPE,
        pp.WRITTEN_PREMIUM,
        pp.EARNED_PREMIUM,
        pp.COMMISSION_AMOUNT,
        pp.TAX_AMOUNT,
        pp.FEE_AMOUNT,

        -- Get agent commission split for Agent Net Revenue calculation
        a.COMMISSION_SPLIT

    FROM policy_premiums pp
    LEFT JOIN policies p ON pp.POLICY_ID = p.POLICY_ID
    LEFT JOIN agents a ON p.AGENT_ID = a.AGENT_ID
),

final AS (
    SELECT
        -- Primary Key
        PREMIUM_ID,

        -- Foreign Keys
        POLICY_ID,

        -- Transaction Details
        TRANSACTION_DATE,
        ACCOUNTING_DATE,
        TRANSACTION_TYPE,

        -- Financial Amounts
        WRITTEN_PREMIUM,
        EARNED_PREMIUM,
        COMMISSION_AMOUNT,
        TAX_AMOUNT,
        FEE_AMOUNT,

        -- Calculated Field: Agent Net Revenue
        -- Agent Net Revenue = Commission Amount × Agent Commission Split
        COMMISSION_AMOUNT * COALESCE(COMMISSION_SPLIT, 0) AS AGENT_NET_REVENUE

    FROM enriched
)

SELECT * FROM final
  );
[0m10:15:54.880050 [debug] [Thread-2 (]: SQL status: SUCCESS 1 in 0.338 seconds
[0m10:15:54.887563 [debug] [Thread-2 (]: Sending event: {'category': 'dbt', 'action': 'run_model', 'label': 'fc8aa92a-f153-4f91-99b0-84a3844df640', 'context': [<snowplow_tracker.self_describing_json.SelfDescribingJson object at 0x7f4b7d3851c0>]}
[0m10:15:54.893780 [info ] [Thread-2 (]: 9 of 10 OK created sql view model demoModel_18_marts.fct_claims ................ [[32mSUCCESS 1[0m in 0.36s]
[0m10:15:54.894799 [debug] [Thread-2 (]: Finished running node model.sentinel_insurance.fct_claims
[0m10:15:55.144346 [debug] [Thread-1 (]: SQL status: SUCCESS 1 in 0.530 seconds
[0m10:15:55.149279 [debug] [Thread-1 (]: Sending event: {'category': 'dbt', 'action': 'run_model', 'label': 'fc8aa92a-f153-4f91-99b0-84a3844df640', 'context': [<snowplow_tracker.self_describing_json.SelfDescribingJson object at 0x7f4b7de06390>]}
[0m10:15:55.152193 [info ] [Thread-1 (]: 10 of 10 OK created sql view model demoModel_18_marts.fct_policy_premiums ...... [[32mSUCCESS 1[0m in 0.56s]
[0m10:15:55.153331 [debug] [Thread-1 (]: Finished running node model.sentinel_insurance.fct_policy_premiums
[0m10:15:55.432411 [debug] [Thread-4 (]: SQL status: SUCCESS 1 in 2.705 seconds
[0m10:15:55.437052 [debug] [Thread-4 (]: Sending event: {'category': 'dbt', 'action': 'run_model', 'label': 'fc8aa92a-f153-4f91-99b0-84a3844df640', 'context': [<snowplow_tracker.self_describing_json.SelfDescribingJson object at 0x7f4b7de061e0>]}
[0m10:15:55.438148 [info ] [Thread-4 (]: 4 of 10 OK created sql view model demoModel_18_marts.dim_coverage_codes ........ [[32mSUCCESS 1[0m in 2.81s]
[0m10:15:55.439090 [debug] [Thread-4 (]: Finished running node model.sentinel_insurance.dim_coverage_codes
[0m10:15:55.481037 [debug] [Thread-3 (]: SQL status: SUCCESS 1 in 2.730 seconds
[0m10:15:55.485694 [debug] [Thread-3 (]: Sending event: {'category': 'dbt', 'action': 'run_model', 'label': 'fc8aa92a-f153-4f91-99b0-84a3844df640', 'context': [<snowplow_tracker.self_describing_json.SelfDescribingJson object at 0x7f4b6779ff80>]}
[0m10:15:55.486756 [info ] [Thread-3 (]: 3 of 10 OK created sql view model demoModel_18_marts.dim_cause_of_loss ......... [[32mSUCCESS 1[0m in 2.94s]
[0m10:15:55.487731 [debug] [Thread-3 (]: Finished running node model.sentinel_insurance.dim_cause_of_loss
[0m10:15:55.490194 [debug] [MainThread]: Connection 'master' was properly closed.
[0m10:15:55.490844 [debug] [MainThread]: Connection 'model.sentinel_insurance.fct_claims' was left open.
[0m10:15:55.491409 [debug] [MainThread]: On model.sentinel_insurance.fct_claims: Close
[0m10:15:55.558411 [debug] [MainThread]: Connection 'model.sentinel_insurance.fct_policy_premiums' was left open.
[0m10:15:55.559247 [debug] [MainThread]: On model.sentinel_insurance.fct_policy_premiums: Close
[0m10:15:55.643535 [debug] [MainThread]: Connection 'model.sentinel_insurance.dim_cause_of_loss' was left open.
[0m10:15:55.644349 [debug] [MainThread]: On model.sentinel_insurance.dim_cause_of_loss: Close
[0m10:15:55.697787 [debug] [MainThread]: Connection 'model.sentinel_insurance.dim_coverage_codes' was left open.
[0m10:15:55.698580 [debug] [MainThread]: On model.sentinel_insurance.dim_coverage_codes: Close
[0m10:15:55.802020 [info ] [MainThread]: 
[0m10:15:55.802877 [info ] [MainThread]: Finished running 10 view models in 0 hours 0 minutes and 8.94 seconds (8.94s).
[0m10:15:55.806618 [debug] [MainThread]: Command end result
[0m10:15:55.880052 [debug] [MainThread]: Wrote artifact WritableManifest to /app/workspaces/18/target/manifest.json
[0m10:15:55.883579 [debug] [MainThread]: Wrote artifact SemanticManifest to /app/workspaces/18/target/semantic_manifest.json
[0m10:15:55.892754 [debug] [MainThread]: Wrote artifact RunExecutionResult to /app/workspaces/18/target/run_results.json
[0m10:15:55.893503 [info ] [MainThread]: 
[0m10:15:55.894193 [info ] [MainThread]: [32mCompleted successfully[0m
[0m10:15:55.894738 [info ] [MainThread]: 
[0m10:15:55.895307 [info ] [MainThread]: Done. PASS=10 WARN=0 ERROR=0 SKIP=0 TOTAL=10
[0m10:15:55.896709 [debug] [MainThread]: Resource report: {"command_name": "run", "command_success": true, "command_wall_clock_time": 14.527181, "process_in_blocks": "0", "process_kernel_time": 0.444724, "process_mem_max_rss": "247348", "process_out_blocks": "3840", "process_user_time": 10.911076}
[0m10:15:55.897875 [debug] [MainThread]: Command `dbt run` succeeded at 10:15:55.897737 after 14.53 seconds
[0m10:15:55.898523 [debug] [MainThread]: Sending event: {'category': 'dbt', 'action': 'invocation', 'label': 'end', 'context': [<snowplow_tracker.self_describing_json.SelfDescribingJson object at 0x7f4b97125fa0>, <snowplow_tracker.self_describing_json.SelfDescribingJson object at 0x7f4b96e98e00>, <snowplow_tracker.self_describing_json.SelfDescribingJson object at 0x7f4b96995250>]}
[0m10:15:55.899165 [debug] [MainThread]: Flushing usage events
[0m10:15:55.953172 [debug] [MainThread]: An error was encountered while trying to flush usage events
[0m10:16:24.175299 [debug] [MainThread]: Sending event: {'category': 'dbt', 'action': 'invocation', 'label': 'start', 'context': [<snowplow_tracker.self_describing_json.SelfDescribingJson object at 0x7fc7181df980>, <snowplow_tracker.self_describing_json.SelfDescribingJson object at 0x7fc7195691c0>, <snowplow_tracker.self_describing_json.SelfDescribingJson object at 0x7fc7181de5a0>]}


============================== 10:16:24.247696 | 55d3152d-adbf-45da-97b4-99bf7a40d0a7 ==============================
[0m10:16:24.247696 [info ] [MainThread]: Running with dbt=1.9.10
[0m10:16:24.248613 [debug] [MainThread]: running dbt with arguments {'send_anonymous_usage_stats': 'True', 'use_colors': 'True', 'cache_selected_only': 'False', 'warn_error_options': 'WarnErrorOptions(include=[], exclude=[])', 'profiles_dir': '/app/workspaces/18', 'debug': 'False', 'no_print': 'None', 'use_experimental_parser': 'False', 'invocation_command': 'dbt docs generate', 'static_parser': 'True', 'write_json': 'True', 'quiet': 'False', 'log_path': '/app/workspaces/18/logs', 'log_cache_events': 'False', 'introspect': 'True', 'indirect_selection': 'eager', 'version_check': 'True', 'printer_width': '80', 'empty': 'None', 'log_format': 'default', 'target_path': 'None', 'partial_parse': 'True', 'warn_error': 'None', 'fail_fast': 'False'}
[0m10:16:28.207621 [debug] [MainThread]: Sending event: {'category': 'dbt', 'action': 'project_id', 'label': '55d3152d-adbf-45da-97b4-99bf7a40d0a7', 'context': [<snowplow_tracker.self_describing_json.SelfDescribingJson object at 0x7fc71a4f3020>]}
[0m10:16:28.340512 [debug] [MainThread]: Sending event: {'category': 'dbt', 'action': 'adapter_info', 'label': '55d3152d-adbf-45da-97b4-99bf7a40d0a7', 'context': [<snowplow_tracker.self_describing_json.SelfDescribingJson object at 0x7fc701f9e690>]}
[0m10:16:28.341880 [info ] [MainThread]: Registered adapter: snowflake=1.9.4
[0m10:16:28.699472 [debug] [MainThread]: checksum: c40cca0353c9a9b4dbd2a57cdc3e2440f5c9a71a795694b25a51e704baaf554e, vars: {}, profile: , target: , version: 1.9.10
[0m10:16:28.992241 [debug] [MainThread]: Partial parsing enabled: 0 files deleted, 0 files added, 0 files changed.
[0m10:16:28.993103 [debug] [MainThread]: Partial parsing enabled, no changes found, skipping parsing
[0m10:16:29.066821 [debug] [MainThread]: Sending event: {'category': 'dbt', 'action': 'load_project', 'label': '55d3152d-adbf-45da-97b4-99bf7a40d0a7', 'context': [<snowplow_tracker.self_describing_json.SelfDescribingJson object at 0x7fc70198d070>]}
[0m10:16:29.159311 [debug] [MainThread]: Sending event: {'category': 'dbt', 'action': 'resource_counts', 'label': '55d3152d-adbf-45da-97b4-99bf7a40d0a7', 'context': [<snowplow_tracker.self_describing_json.SelfDescribingJson object at 0x7fc7012487a0>]}
[0m10:16:29.160208 [info ] [MainThread]: Found 22 models, 9 data tests, 12 sources, 616 macros
[0m10:16:29.160821 [debug] [MainThread]: Sending event: {'category': 'dbt', 'action': 'runnable_timing', 'label': '55d3152d-adbf-45da-97b4-99bf7a40d0a7', 'context': [<snowplow_tracker.self_describing_json.SelfDescribingJson object at 0x7fc7011bafc0>]}
[0m10:16:29.170561 [info ] [MainThread]: 
[0m10:16:29.172253 [info ] [MainThread]: Concurrency: 4 threads (target='dev')
[0m10:16:29.175034 [info ] [MainThread]: 
[0m10:16:29.176049 [debug] [MainThread]: Acquiring new snowflake connection 'master'
[0m10:16:29.189995 [debug] [ThreadPool]: Acquiring new snowflake connection 'list_EKAI_demoModel_18_marts'
[0m10:16:29.217827 [debug] [ThreadPool]: Acquiring new snowflake connection 'list_EKAI_demoModel_18_staging'
[0m10:16:29.296079 [debug] [ThreadPool]: Using snowflake connection "list_EKAI_demoModel_18_marts"
[0m10:16:29.297291 [debug] [ThreadPool]: On list_EKAI_demoModel_18_marts: /* {"app": "dbt", "dbt_version": "1.9.10", "profile_name": "ekai_dbt", "target_name": "dev", "connection_name": "list_EKAI_demoModel_18_marts"} */
alter session set quoted_identifiers_ignore_case = false;
[0m10:16:29.297961 [debug] [ThreadPool]: Opening a new connection, currently in state init
[0m10:16:29.330946 [debug] [ThreadPool]: Using snowflake connection "list_EKAI_demoModel_18_staging"
[0m10:16:29.331667 [debug] [ThreadPool]: On list_EKAI_demoModel_18_staging: /* {"app": "dbt", "dbt_version": "1.9.10", "profile_name": "ekai_dbt", "target_name": "dev", "connection_name": "list_EKAI_demoModel_18_staging"} */
alter session set quoted_identifiers_ignore_case = false;
[0m10:16:29.332195 [debug] [ThreadPool]: Opening a new connection, currently in state init
[0m10:16:31.908195 [debug] [ThreadPool]: SQL status: SUCCESS 1 in 2.610 seconds
[0m10:16:31.914960 [debug] [ThreadPool]: Using snowflake connection "list_EKAI_demoModel_18_marts"
[0m10:16:31.915677 [debug] [ThreadPool]: On list_EKAI_demoModel_18_marts: /* {"app": "dbt", "dbt_version": "1.9.10", "profile_name": "ekai_dbt", "target_name": "dev", "connection_name": "list_EKAI_demoModel_18_marts"} */
show objects in EKAI.demoModel_18_marts
    limit 10000
    
;
[0m10:16:31.921213 [debug] [ThreadPool]: SQL status: SUCCESS 1 in 2.589 seconds
[0m10:16:31.924014 [debug] [ThreadPool]: Using snowflake connection "list_EKAI_demoModel_18_staging"
[0m10:16:31.924684 [debug] [ThreadPool]: On list_EKAI_demoModel_18_staging: /* {"app": "dbt", "dbt_version": "1.9.10", "profile_name": "ekai_dbt", "target_name": "dev", "connection_name": "list_EKAI_demoModel_18_staging"} */
show objects in EKAI.demoModel_18_staging
    limit 10000
    
;
[0m10:16:32.035040 [debug] [ThreadPool]: SQL status: SUCCESS 12 in 0.110 seconds
[0m10:16:32.038646 [debug] [ThreadPool]: Using snowflake connection "list_EKAI_demoModel_18_staging"
[0m10:16:32.039335 [debug] [ThreadPool]: On list_EKAI_demoModel_18_staging: /* {"app": "dbt", "dbt_version": "1.9.10", "profile_name": "ekai_dbt", "target_name": "dev", "connection_name": "list_EKAI_demoModel_18_staging"} */
alter session unset quoted_identifiers_ignore_case;
[0m10:16:32.042612 [debug] [ThreadPool]: SQL status: SUCCESS 10 in 0.126 seconds
[0m10:16:32.045830 [debug] [ThreadPool]: Using snowflake connection "list_EKAI_demoModel_18_marts"
[0m10:16:32.046465 [debug] [ThreadPool]: On list_EKAI_demoModel_18_marts: /* {"app": "dbt", "dbt_version": "1.9.10", "profile_name": "ekai_dbt", "target_name": "dev", "connection_name": "list_EKAI_demoModel_18_marts"} */
alter session unset quoted_identifiers_ignore_case;
[0m10:16:32.161739 [debug] [ThreadPool]: SQL status: SUCCESS 1 in 0.115 seconds
[0m10:16:32.187479 [debug] [ThreadPool]: SQL status: SUCCESS 1 in 0.148 seconds
[0m10:16:32.194416 [debug] [MainThread]: Sending event: {'category': 'dbt', 'action': 'runnable_timing', 'label': '55d3152d-adbf-45da-97b4-99bf7a40d0a7', 'context': [<snowplow_tracker.self_describing_json.SelfDescribingJson object at 0x7fc701a6e690>]}
[0m10:16:32.376756 [debug] [Thread-1 (]: Began running node model.sentinel_insurance.stg_agencies
[0m10:16:32.377852 [debug] [Thread-1 (]: Re-using an available connection from the pool (formerly list_EKAI_demoModel_18_staging, now model.sentinel_insurance.stg_agencies)
[0m10:16:32.378555 [debug] [Thread-1 (]: Began compiling node model.sentinel_insurance.stg_agencies
[0m10:16:32.386380 [debug] [Thread-2 (]: Began running node model.sentinel_insurance.stg_agents
[0m10:16:32.387276 [debug] [Thread-2 (]: Re-using an available connection from the pool (formerly list_EKAI_demoModel_18_marts, now model.sentinel_insurance.stg_agents)
[0m10:16:32.387994 [debug] [Thread-2 (]: Began compiling node model.sentinel_insurance.stg_agents
[0m10:16:32.388849 [debug] [Thread-3 (]: Began running node model.sentinel_insurance.stg_claim_payments
[0m10:16:32.389679 [debug] [Thread-3 (]: Acquiring new snowflake connection 'model.sentinel_insurance.stg_claim_payments'
[0m10:16:32.390274 [debug] [Thread-3 (]: Began compiling node model.sentinel_insurance.stg_claim_payments
[0m10:16:32.390975 [debug] [Thread-4 (]: Began running node model.sentinel_insurance.stg_claims
[0m10:16:32.391745 [debug] [Thread-4 (]: Acquiring new snowflake connection 'model.sentinel_insurance.stg_claims'
[0m10:16:32.392321 [debug] [Thread-4 (]: Began compiling node model.sentinel_insurance.stg_claims
[0m10:16:32.398680 [debug] [Thread-1 (]: Writing injected SQL for node "model.sentinel_insurance.stg_agencies"
[0m10:16:32.399744 [debug] [Thread-1 (]: Began executing node model.sentinel_insurance.stg_agencies
[0m10:16:32.401222 [debug] [Thread-1 (]: Finished running node model.sentinel_insurance.stg_agencies
[0m10:16:32.401952 [debug] [Thread-1 (]: Began running node model.sentinel_insurance.stg_parties
[0m10:16:32.402605 [debug] [Thread-1 (]: Re-using an available connection from the pool (formerly model.sentinel_insurance.stg_agencies, now model.sentinel_insurance.stg_parties)
[0m10:16:32.403201 [debug] [Thread-1 (]: Began compiling node model.sentinel_insurance.stg_parties
[0m10:16:32.415727 [debug] [Thread-3 (]: Writing injected SQL for node "model.sentinel_insurance.stg_claim_payments"
[0m10:16:32.416942 [debug] [Thread-3 (]: Began executing node model.sentinel_insurance.stg_claim_payments
[0m10:16:32.418925 [debug] [Thread-3 (]: Finished running node model.sentinel_insurance.stg_claim_payments
[0m10:16:32.420067 [debug] [Thread-3 (]: Began running node model.sentinel_insurance.stg_policies
[0m10:16:32.427629 [debug] [Thread-3 (]: Re-using an available connection from the pool (formerly model.sentinel_insurance.stg_claim_payments, now model.sentinel_insurance.stg_policies)
[0m10:16:32.430947 [debug] [Thread-3 (]: Began compiling node model.sentinel_insurance.stg_policies
[0m10:16:32.436541 [debug] [Thread-1 (]: Writing injected SQL for node "model.sentinel_insurance.stg_parties"
[0m10:16:32.437675 [debug] [Thread-1 (]: Began executing node model.sentinel_insurance.stg_parties
[0m10:16:32.438863 [debug] [Thread-1 (]: Finished running node model.sentinel_insurance.stg_parties
[0m10:16:32.439540 [debug] [Thread-1 (]: Began running node model.sentinel_insurance.stg_policy_coverages
[0m10:16:32.440177 [debug] [Thread-1 (]: Re-using an available connection from the pool (formerly model.sentinel_insurance.stg_parties, now model.sentinel_insurance.stg_policy_coverages)
[0m10:16:32.440797 [debug] [Thread-1 (]: Began compiling node model.sentinel_insurance.stg_policy_coverages
[0m10:16:32.441862 [debug] [Thread-4 (]: Writing injected SQL for node "model.sentinel_insurance.stg_claims"
[0m10:16:32.442693 [debug] [Thread-4 (]: Began executing node model.sentinel_insurance.stg_claims
[0m10:16:32.443708 [debug] [Thread-4 (]: Finished running node model.sentinel_insurance.stg_claims
[0m10:16:32.444347 [debug] [Thread-4 (]: Began running node model.sentinel_insurance.stg_policy_premiums
[0m10:16:32.445015 [debug] [Thread-4 (]: Re-using an available connection from the pool (formerly model.sentinel_insurance.stg_claims, now model.sentinel_insurance.stg_policy_premiums)
[0m10:16:32.445614 [debug] [Thread-4 (]: Began compiling node model.sentinel_insurance.stg_policy_premiums
[0m10:16:32.451609 [debug] [Thread-3 (]: Writing injected SQL for node "model.sentinel_insurance.stg_policies"
[0m10:16:32.452640 [debug] [Thread-3 (]: Began executing node model.sentinel_insurance.stg_policies
[0m10:16:32.453773 [debug] [Thread-3 (]: Finished running node model.sentinel_insurance.stg_policies
[0m10:16:32.454428 [debug] [Thread-3 (]: Began running node model.sentinel_insurance.stg_ref_cause_of_loss
[0m10:16:32.455257 [debug] [Thread-3 (]: Re-using an available connection from the pool (formerly model.sentinel_insurance.stg_policies, now model.sentinel_insurance.stg_ref_cause_of_loss)
[0m10:16:32.455869 [debug] [Thread-3 (]: Began compiling node model.sentinel_insurance.stg_ref_cause_of_loss
[0m10:16:32.475182 [debug] [Thread-4 (]: Writing injected SQL for node "model.sentinel_insurance.stg_policy_premiums"
[0m10:16:32.476348 [debug] [Thread-4 (]: Began executing node model.sentinel_insurance.stg_policy_premiums
[0m10:16:32.477635 [debug] [Thread-4 (]: Finished running node model.sentinel_insurance.stg_policy_premiums
[0m10:16:32.480431 [debug] [Thread-4 (]: Began running node model.sentinel_insurance.stg_ref_coverage_codes
[0m10:16:32.481240 [debug] [Thread-4 (]: Re-using an available connection from the pool (formerly model.sentinel_insurance.stg_policy_premiums, now model.sentinel_insurance.stg_ref_coverage_codes)
[0m10:16:32.481913 [debug] [Thread-4 (]: Began compiling node model.sentinel_insurance.stg_ref_coverage_codes
[0m10:16:32.482912 [debug] [Thread-1 (]: Writing injected SQL for node "model.sentinel_insurance.stg_policy_coverages"
[0m10:16:32.483808 [debug] [Thread-1 (]: Began executing node model.sentinel_insurance.stg_policy_coverages
[0m10:16:32.485052 [debug] [Thread-1 (]: Finished running node model.sentinel_insurance.stg_policy_coverages
[0m10:16:32.485759 [debug] [Thread-1 (]: Began running node model.sentinel_insurance.stg_ref_line_of_business
[0m10:16:32.510321 [debug] [Thread-1 (]: Re-using an available connection from the pool (formerly model.sentinel_insurance.stg_policy_coverages, now model.sentinel_insurance.stg_ref_line_of_business)
[0m10:16:32.511095 [debug] [Thread-1 (]: Began compiling node model.sentinel_insurance.stg_ref_line_of_business
[0m10:16:32.495284 [debug] [Thread-3 (]: Writing injected SQL for node "model.sentinel_insurance.stg_ref_cause_of_loss"
[0m10:16:32.518561 [debug] [Thread-3 (]: Began executing node model.sentinel_insurance.stg_ref_cause_of_loss
[0m10:16:32.503836 [debug] [Thread-2 (]: Writing injected SQL for node "model.sentinel_insurance.stg_agents"
[0m10:16:32.523762 [debug] [Thread-2 (]: Began executing node model.sentinel_insurance.stg_agents
[0m10:16:32.525143 [debug] [Thread-2 (]: Finished running node model.sentinel_insurance.stg_agents
[0m10:16:32.522758 [debug] [Thread-4 (]: Writing injected SQL for node "model.sentinel_insurance.stg_ref_coverage_codes"
[0m10:16:32.528069 [debug] [Thread-4 (]: Began executing node model.sentinel_insurance.stg_ref_coverage_codes
[0m10:16:32.520411 [debug] [Thread-3 (]: Finished running node model.sentinel_insurance.stg_ref_cause_of_loss
[0m10:16:32.529877 [debug] [Thread-3 (]: Began running node model.sentinel_insurance.dim_agencies
[0m10:16:32.530578 [debug] [Thread-3 (]: Re-using an available connection from the pool (formerly model.sentinel_insurance.stg_ref_cause_of_loss, now model.sentinel_insurance.dim_agencies)
[0m10:16:32.516797 [debug] [Thread-1 (]: Writing injected SQL for node "model.sentinel_insurance.stg_ref_line_of_business"
[0m10:16:32.532556 [debug] [Thread-1 (]: Began executing node model.sentinel_insurance.stg_ref_line_of_business
[0m10:16:32.526071 [debug] [Thread-2 (]: Began running node model.sentinel_insurance.stg_ref_states
[0m10:16:32.534339 [debug] [Thread-2 (]: Re-using an available connection from the pool (formerly model.sentinel_insurance.stg_agents, now model.sentinel_insurance.stg_ref_states)
[0m10:16:32.535020 [debug] [Thread-2 (]: Began compiling node model.sentinel_insurance.stg_ref_states
[0m10:16:32.529175 [debug] [Thread-4 (]: Finished running node model.sentinel_insurance.stg_ref_coverage_codes
[0m10:16:32.531516 [debug] [Thread-3 (]: Began compiling node model.sentinel_insurance.dim_agencies
[0m10:16:32.546769 [debug] [Thread-3 (]: Writing injected SQL for node "model.sentinel_insurance.dim_agencies"
[0m10:16:32.540304 [debug] [Thread-2 (]: Writing injected SQL for node "model.sentinel_insurance.stg_ref_states"
[0m10:16:32.541289 [debug] [Thread-4 (]: Began running node model.sentinel_insurance.fct_claim_payments
[0m10:16:32.533670 [debug] [Thread-1 (]: Finished running node model.sentinel_insurance.stg_ref_line_of_business
[0m10:16:32.550353 [debug] [Thread-1 (]: Began running node model.sentinel_insurance.dim_policies
[0m10:16:32.548680 [debug] [Thread-2 (]: Began executing node model.sentinel_insurance.stg_ref_states
[0m10:16:32.552201 [debug] [Thread-2 (]: Finished running node model.sentinel_insurance.stg_ref_states
[0m10:16:32.552872 [debug] [Thread-2 (]: Began running node model.sentinel_insurance.fct_claims
[0m10:16:32.553483 [debug] [Thread-2 (]: Re-using an available connection from the pool (formerly model.sentinel_insurance.stg_ref_states, now model.sentinel_insurance.fct_claims)
[0m10:16:32.554068 [debug] [Thread-2 (]: Began compiling node model.sentinel_insurance.fct_claims
[0m10:16:32.549642 [debug] [Thread-4 (]: Re-using an available connection from the pool (formerly model.sentinel_insurance.stg_ref_coverage_codes, now model.sentinel_insurance.fct_claim_payments)
[0m10:16:32.551034 [debug] [Thread-1 (]: Re-using an available connection from the pool (formerly model.sentinel_insurance.stg_ref_line_of_business, now model.sentinel_insurance.dim_policies)
[0m10:16:32.561045 [debug] [Thread-1 (]: Began compiling node model.sentinel_insurance.dim_policies
[0m10:16:32.547819 [debug] [Thread-3 (]: Began executing node model.sentinel_insurance.dim_agencies
[0m10:16:32.567972 [debug] [Thread-3 (]: Finished running node model.sentinel_insurance.dim_agencies
[0m10:16:32.568653 [debug] [Thread-3 (]: Began running node model.sentinel_insurance.dim_agents
[0m10:16:32.569401 [debug] [Thread-3 (]: Re-using an available connection from the pool (formerly model.sentinel_insurance.dim_agencies, now model.sentinel_insurance.dim_agents)
[0m10:16:32.569997 [debug] [Thread-3 (]: Began compiling node model.sentinel_insurance.dim_agents
[0m10:16:32.560304 [debug] [Thread-4 (]: Began compiling node model.sentinel_insurance.fct_claim_payments
[0m10:16:32.559417 [debug] [Thread-2 (]: Writing injected SQL for node "model.sentinel_insurance.fct_claims"
[0m10:16:32.582029 [debug] [Thread-2 (]: Began executing node model.sentinel_insurance.fct_claims
[0m10:16:32.566788 [debug] [Thread-1 (]: Writing injected SQL for node "model.sentinel_insurance.dim_policies"
[0m10:16:32.584639 [debug] [Thread-1 (]: Began executing node model.sentinel_insurance.dim_policies
[0m10:16:32.585862 [debug] [Thread-1 (]: Finished running node model.sentinel_insurance.dim_policies
[0m10:16:32.586546 [debug] [Thread-1 (]: Began running node model.sentinel_insurance.fct_policy_premiums
[0m10:16:32.587176 [debug] [Thread-1 (]: Re-using an available connection from the pool (formerly model.sentinel_insurance.dim_policies, now model.sentinel_insurance.fct_policy_premiums)
[0m10:16:32.587765 [debug] [Thread-1 (]: Began compiling node model.sentinel_insurance.fct_policy_premiums
[0m10:16:32.583816 [debug] [Thread-3 (]: Writing injected SQL for node "model.sentinel_insurance.dim_agents"
[0m10:16:32.580877 [debug] [Thread-4 (]: Writing injected SQL for node "model.sentinel_insurance.fct_claim_payments"
[0m10:16:32.583181 [debug] [Thread-2 (]: Finished running node model.sentinel_insurance.fct_claims
[0m10:16:32.598355 [debug] [Thread-2 (]: Began running node model.sentinel_insurance.dim_cause_of_loss
[0m10:16:32.599064 [debug] [Thread-2 (]: Re-using an available connection from the pool (formerly model.sentinel_insurance.fct_claims, now model.sentinel_insurance.dim_cause_of_loss)
[0m10:16:32.599658 [debug] [Thread-2 (]: Began compiling node model.sentinel_insurance.dim_cause_of_loss
[0m10:16:32.597376 [debug] [Thread-3 (]: Began executing node model.sentinel_insurance.dim_agents
[0m10:16:32.596056 [debug] [Thread-1 (]: Writing injected SQL for node "model.sentinel_insurance.fct_policy_premiums"
[0m10:16:32.607980 [debug] [Thread-1 (]: Began executing node model.sentinel_insurance.fct_policy_premiums
[0m10:16:32.605904 [debug] [Thread-4 (]: Began executing node model.sentinel_insurance.fct_claim_payments
[0m10:16:32.610057 [debug] [Thread-4 (]: Finished running node model.sentinel_insurance.fct_claim_payments
[0m10:16:32.607018 [debug] [Thread-3 (]: Finished running node model.sentinel_insurance.dim_agents
[0m10:16:32.611430 [debug] [Thread-3 (]: Began running node model.sentinel_insurance.dim_line_of_business
[0m10:16:32.612072 [debug] [Thread-3 (]: Re-using an available connection from the pool (formerly model.sentinel_insurance.dim_agents, now model.sentinel_insurance.dim_line_of_business)
[0m10:16:32.605090 [debug] [Thread-2 (]: Writing injected SQL for node "model.sentinel_insurance.dim_cause_of_loss"
[0m10:16:32.613626 [debug] [Thread-2 (]: Began executing node model.sentinel_insurance.dim_cause_of_loss
[0m10:16:32.609090 [debug] [Thread-1 (]: Finished running node model.sentinel_insurance.fct_policy_premiums
[0m10:16:32.615270 [debug] [Thread-1 (]: Began running node model.sentinel_insurance.dim_states
[0m10:16:32.615878 [debug] [Thread-1 (]: Re-using an available connection from the pool (formerly model.sentinel_insurance.fct_policy_premiums, now model.sentinel_insurance.dim_states)
[0m10:16:32.616432 [debug] [Thread-1 (]: Began compiling node model.sentinel_insurance.dim_states
[0m10:16:32.610697 [debug] [Thread-4 (]: Began running node model.sentinel_insurance.dim_coverage_codes
[0m10:16:32.627043 [debug] [Thread-4 (]: Re-using an available connection from the pool (formerly model.sentinel_insurance.fct_claim_payments, now model.sentinel_insurance.dim_coverage_codes)
[0m10:16:32.627818 [debug] [Thread-4 (]: Began compiling node model.sentinel_insurance.dim_coverage_codes
[0m10:16:32.612699 [debug] [Thread-3 (]: Began compiling node model.sentinel_insurance.dim_line_of_business
[0m10:16:32.614626 [debug] [Thread-2 (]: Finished running node model.sentinel_insurance.dim_cause_of_loss
[0m10:16:32.640981 [debug] [Thread-2 (]: Began running node test.sentinel_insurance.test_agent_net_revenue_calculation
[0m10:16:32.641741 [debug] [Thread-2 (]: Re-using an available connection from the pool (formerly model.sentinel_insurance.dim_cause_of_loss, now test.sentinel_insurance.test_agent_net_revenue_calculation)
[0m10:16:32.642354 [debug] [Thread-2 (]: Began compiling node test.sentinel_insurance.test_agent_net_revenue_calculation
[0m10:16:32.626053 [debug] [Thread-1 (]: Writing injected SQL for node "model.sentinel_insurance.dim_states"
[0m10:16:32.640194 [debug] [Thread-4 (]: Writing injected SQL for node "model.sentinel_insurance.dim_coverage_codes"
[0m10:16:32.639082 [debug] [Thread-3 (]: Writing injected SQL for node "model.sentinel_insurance.dim_line_of_business"
[0m10:16:32.650901 [debug] [Thread-3 (]: Began executing node model.sentinel_insurance.dim_line_of_business
[0m10:16:32.652006 [debug] [Thread-3 (]: Finished running node model.sentinel_insurance.dim_line_of_business
[0m10:16:32.650122 [debug] [Thread-4 (]: Began executing node model.sentinel_insurance.dim_coverage_codes
[0m10:16:32.654690 [debug] [Thread-4 (]: Finished running node model.sentinel_insurance.dim_coverage_codes
[0m10:16:32.655330 [debug] [Thread-4 (]: Began running node test.sentinel_insurance.test_not_null_critical_fields
[0m10:16:32.655950 [debug] [Thread-4 (]: Re-using an available connection from the pool (formerly model.sentinel_insurance.dim_coverage_codes, now test.sentinel_insurance.test_not_null_critical_fields)
[0m10:16:32.649261 [debug] [Thread-1 (]: Began executing node model.sentinel_insurance.dim_states
[0m10:16:32.657622 [debug] [Thread-1 (]: Finished running node model.sentinel_insurance.dim_states
[0m10:16:32.648025 [debug] [Thread-2 (]: Writing injected SQL for node "test.sentinel_insurance.test_agent_net_revenue_calculation"
[0m10:16:32.659263 [debug] [Thread-2 (]: Began executing node test.sentinel_insurance.test_agent_net_revenue_calculation
[0m10:16:32.652680 [debug] [Thread-3 (]: Began running node test.sentinel_insurance.test_loss_ratio_reasonableness
[0m10:16:32.661001 [debug] [Thread-3 (]: Re-using an available connection from the pool (formerly model.sentinel_insurance.dim_line_of_business, now test.sentinel_insurance.test_loss_ratio_reasonableness)
[0m10:16:32.662158 [debug] [Thread-3 (]: Began compiling node test.sentinel_insurance.test_loss_ratio_reasonableness
[0m10:16:32.658315 [debug] [Thread-1 (]: Began running node test.sentinel_insurance.test_premium_transaction_count
[0m10:16:32.669007 [debug] [Thread-1 (]: Re-using an available connection from the pool (formerly model.sentinel_insurance.dim_states, now test.sentinel_insurance.test_premium_transaction_count)
[0m10:16:32.669672 [debug] [Thread-1 (]: Began compiling node test.sentinel_insurance.test_premium_transaction_count
[0m10:16:32.656567 [debug] [Thread-4 (]: Began compiling node test.sentinel_insurance.test_not_null_critical_fields
[0m10:16:32.660294 [debug] [Thread-2 (]: Finished running node test.sentinel_insurance.test_agent_net_revenue_calculation
[0m10:16:32.685769 [debug] [Thread-2 (]: Began running node test.sentinel_insurance.test_primary_key_uniqueness_efficient
[0m10:16:32.686626 [debug] [Thread-2 (]: Re-using an available connection from the pool (formerly test.sentinel_insurance.test_agent_net_revenue_calculation, now test.sentinel_insurance.test_primary_key_uniqueness_efficient)
[0m10:16:32.687258 [debug] [Thread-2 (]: Began compiling node test.sentinel_insurance.test_primary_key_uniqueness_efficient
[0m10:16:32.668114 [debug] [Thread-3 (]: Writing injected SQL for node "test.sentinel_insurance.test_loss_ratio_reasonableness"
[0m10:16:32.695233 [debug] [Thread-3 (]: Began executing node test.sentinel_insurance.test_loss_ratio_reasonableness
[0m10:16:32.675080 [debug] [Thread-1 (]: Writing injected SQL for node "test.sentinel_insurance.test_premium_transaction_count"
[0m10:16:32.697184 [debug] [Thread-1 (]: Began executing node test.sentinel_insurance.test_premium_transaction_count
[0m10:16:32.698197 [debug] [Thread-1 (]: Finished running node test.sentinel_insurance.test_premium_transaction_count
[0m10:16:32.696357 [debug] [Thread-3 (]: Finished running node test.sentinel_insurance.test_loss_ratio_reasonableness
[0m10:16:32.701485 [debug] [Thread-3 (]: Began running node test.sentinel_insurance.test_code_consistency_cause
[0m10:16:32.702136 [debug] [Thread-3 (]: Re-using an available connection from the pool (formerly test.sentinel_insurance.test_loss_ratio_reasonableness, now test.sentinel_insurance.test_code_consistency_cause)
[0m10:16:32.702728 [debug] [Thread-3 (]: Began compiling node test.sentinel_insurance.test_code_consistency_cause
[0m10:16:32.700755 [debug] [Thread-4 (]: Writing injected SQL for node "test.sentinel_insurance.test_not_null_critical_fields"
[0m10:16:32.711036 [debug] [Thread-4 (]: Began executing node test.sentinel_insurance.test_not_null_critical_fields
[0m10:16:32.698842 [debug] [Thread-1 (]: Began running node test.sentinel_insurance.test_value_ranges_sampled
[0m10:16:32.712996 [debug] [Thread-1 (]: Re-using an available connection from the pool (formerly test.sentinel_insurance.test_premium_transaction_count, now test.sentinel_insurance.test_value_ranges_sampled)
[0m10:16:32.713625 [debug] [Thread-1 (]: Began compiling node test.sentinel_insurance.test_value_ranges_sampled
[0m10:16:32.694141 [debug] [Thread-2 (]: Writing injected SQL for node "test.sentinel_insurance.test_primary_key_uniqueness_efficient"
[0m10:16:32.722664 [debug] [Thread-2 (]: Began executing node test.sentinel_insurance.test_primary_key_uniqueness_efficient
[0m10:16:32.712265 [debug] [Thread-4 (]: Finished running node test.sentinel_insurance.test_not_null_critical_fields
[0m10:16:32.726139 [debug] [Thread-4 (]: Began running node test.sentinel_insurance.test_code_consistency_lob
[0m10:16:32.726803 [debug] [Thread-4 (]: Re-using an available connection from the pool (formerly test.sentinel_insurance.test_not_null_critical_fields, now test.sentinel_insurance.test_code_consistency_lob)
[0m10:16:32.727396 [debug] [Thread-4 (]: Began compiling node test.sentinel_insurance.test_code_consistency_lob
[0m10:16:32.725407 [debug] [Thread-3 (]: Writing injected SQL for node "test.sentinel_insurance.test_code_consistency_cause"
[0m10:16:32.724374 [debug] [Thread-2 (]: Finished running node test.sentinel_insurance.test_primary_key_uniqueness_efficient
[0m10:16:32.736767 [debug] [Thread-2 (]: Began running node test.sentinel_insurance.test_code_consistency_state
[0m10:16:32.737500 [debug] [Thread-2 (]: Re-using an available connection from the pool (formerly test.sentinel_insurance.test_primary_key_uniqueness_efficient, now test.sentinel_insurance.test_code_consistency_state)
[0m10:16:32.738121 [debug] [Thread-2 (]: Began compiling node test.sentinel_insurance.test_code_consistency_state
[0m10:16:32.735961 [debug] [Thread-1 (]: Writing injected SQL for node "test.sentinel_insurance.test_value_ranges_sampled"
[0m10:16:32.745611 [debug] [Thread-1 (]: Began executing node test.sentinel_insurance.test_value_ranges_sampled
[0m10:16:32.734653 [debug] [Thread-3 (]: Began executing node test.sentinel_insurance.test_code_consistency_cause
[0m10:16:32.747768 [debug] [Thread-3 (]: Finished running node test.sentinel_insurance.test_code_consistency_cause
[0m10:16:32.733584 [debug] [Thread-4 (]: Writing injected SQL for node "test.sentinel_insurance.test_code_consistency_lob"
[0m10:16:32.748896 [debug] [Thread-4 (]: Began executing node test.sentinel_insurance.test_code_consistency_lob
[0m10:16:32.749932 [debug] [Thread-4 (]: Finished running node test.sentinel_insurance.test_code_consistency_lob
[0m10:16:32.744401 [debug] [Thread-2 (]: Writing injected SQL for node "test.sentinel_insurance.test_code_consistency_state"
[0m10:16:32.750840 [debug] [Thread-2 (]: Began executing node test.sentinel_insurance.test_code_consistency_state
[0m10:16:32.746758 [debug] [Thread-1 (]: Finished running node test.sentinel_insurance.test_value_ranges_sampled
[0m10:16:32.751854 [debug] [Thread-2 (]: Finished running node test.sentinel_insurance.test_code_consistency_state
[0m10:16:32.753552 [debug] [MainThread]: Connection 'master' was properly closed.
[0m10:16:32.755130 [debug] [MainThread]: Connection 'test.sentinel_insurance.test_code_consistency_state' was left open.
[0m10:16:32.755750 [debug] [MainThread]: On test.sentinel_insurance.test_code_consistency_state: Close
[0m10:16:32.841640 [debug] [MainThread]: Connection 'test.sentinel_insurance.test_value_ranges_sampled' was left open.
[0m10:16:32.842400 [debug] [MainThread]: On test.sentinel_insurance.test_value_ranges_sampled: Close
[0m10:16:32.907095 [debug] [MainThread]: Connection 'test.sentinel_insurance.test_code_consistency_cause' was properly closed.
[0m10:16:32.907842 [debug] [MainThread]: Connection 'test.sentinel_insurance.test_code_consistency_lob' was properly closed.
[0m10:16:32.914763 [debug] [MainThread]: Command end result
[0m10:16:33.098081 [debug] [MainThread]: Wrote artifact WritableManifest to /app/workspaces/18/target/manifest.json
[0m10:16:33.101901 [debug] [MainThread]: Wrote artifact SemanticManifest to /app/workspaces/18/target/semantic_manifest.json
[0m10:16:33.113378 [debug] [MainThread]: Wrote artifact RunExecutionResult to /app/workspaces/18/target/run_results.json
[0m10:16:33.115655 [debug] [MainThread]: Acquiring new snowflake connection 'generate_catalog'
[0m10:16:33.116316 [info ] [MainThread]: Building catalog
[0m10:16:33.137352 [debug] [ThreadPool]: Acquiring new snowflake connection 'SENTINEL_INSURANCE.information_schema'
[0m10:16:33.155308 [debug] [ThreadPool]: Acquiring new snowflake connection 'EKAI.information_schema'
[0m10:16:33.188859 [debug] [ThreadPool]: Using snowflake connection "SENTINEL_INSURANCE.information_schema"
[0m10:16:33.190457 [debug] [ThreadPool]: On SENTINEL_INSURANCE.information_schema: /* {"app": "dbt", "dbt_version": "1.9.10", "profile_name": "ekai_dbt", "target_name": "dev", "connection_name": "SENTINEL_INSURANCE.information_schema"} */
with tables as (
            select
        table_catalog as "table_database",
        table_schema as "table_schema",
        table_name as "table_name",
        case
            when is_dynamic = 'YES' and table_type = 'BASE TABLE' THEN 'DYNAMIC TABLE'
            else table_type
        end as "table_type",
        comment as "table_comment",

        -- note: this is the _role_ that owns the table
        table_owner as "table_owner",

        'Clustering Key' as "stats:clustering_key:label",
        clustering_key as "stats:clustering_key:value",
        'The key used to cluster this table' as "stats:clustering_key:description",
        (clustering_key is not null) as "stats:clustering_key:include",

        'Row Count' as "stats:row_count:label",
        row_count as "stats:row_count:value",
        'An approximate count of rows in this table' as "stats:row_count:description",
        (row_count is not null) as "stats:row_count:include",

        'Approximate Size' as "stats:bytes:label",
        bytes as "stats:bytes:value",
        'Approximate size of the table as reported by Snowflake' as "stats:bytes:description",
        (bytes is not null) as "stats:bytes:include",

        'Last Modified' as "stats:last_modified:label",
        to_varchar(convert_timezone('UTC', last_altered), 'yyyy-mm-dd HH24:MI'||'UTC') as "stats:last_modified:value",
        'The timestamp for last update/change' as "stats:last_modified:description",
        (last_altered is not null and table_type='BASE TABLE') as "stats:last_modified:include"
    from SENTINEL_INSURANCE.INFORMATION_SCHEMA.tables
            where (
                (
                    
    "table_schema" ilike 'BRONZE' and upper("table_schema") = upper('BRONZE')

                    and 
    "table_name" ilike 'POLICY_PREMIUM' and upper("table_name") = upper('POLICY_PREMIUM')

                )
             or 
                (
                    
    "table_schema" ilike 'BRONZE' and upper("table_schema") = upper('BRONZE')

                    and 
    "table_name" ilike 'REF_LINE_OF_BUSINESS' and upper("table_name") = upper('REF_LINE_OF_BUSINESS')

                )
             or 
                (
                    
    "table_schema" ilike 'BRONZE' and upper("table_schema") = upper('BRONZE')

                    and 
    "table_name" ilike 'AGENT' and upper("table_name") = upper('AGENT')

                )
             or 
                (
                    
    "table_schema" ilike 'BRONZE' and upper("table_schema") = upper('BRONZE')

                    and 
    "table_name" ilike 'REF_CAUSE_OF_LOSS' and upper("table_name") = upper('REF_CAUSE_OF_LOSS')

                )
             or 
                (
                    
    "table_schema" ilike 'BRONZE' and upper("table_schema") = upper('BRONZE')

                    and 
    "table_name" ilike 'REF_COVERAGE_CODE' and upper("table_name") = upper('REF_COVERAGE_CODE')

                )
             or 
                (
                    
    "table_schema" ilike 'BRONZE' and upper("table_schema") = upper('BRONZE')

                    and 
    "table_name" ilike 'AGENCY' and upper("table_name") = upper('AGENCY')

                )
             or 
                (
                    
    "table_schema" ilike 'BRONZE' and upper("table_schema") = upper('BRONZE')

                    and 
    "table_name" ilike 'CLAIM' and upper("table_name") = upper('CLAIM')

                )
             or 
                (
                    
    "table_schema" ilike 'BRONZE' and upper("table_schema") = upper('BRONZE')

                    and 
    "table_name" ilike 'POLICY' and upper("table_name") = upper('POLICY')

                )
             or 
                (
                    
    "table_schema" ilike 'BRONZE' and upper("table_schema") = upper('BRONZE')

                    and 
    "table_name" ilike 'PARTY' and upper("table_name") = upper('PARTY')

                )
             or 
                (
                    
    "table_schema" ilike 'BRONZE' and upper("table_schema") = upper('BRONZE')

                    and 
    "table_name" ilike 'REF_STATE' and upper("table_name") = upper('REF_STATE')

                )
             or 
                (
                    
    "table_schema" ilike 'BRONZE' and upper("table_schema") = upper('BRONZE')

                    and 
    "table_name" ilike 'POLICY_COVERAGE' and upper("table_name") = upper('POLICY_COVERAGE')

                )
             or 
                (
                    
    "table_schema" ilike 'BRONZE' and upper("table_schema") = upper('BRONZE')

                    and 
    "table_name" ilike 'CLAIM_PAYMENT' and upper("table_name") = upper('CLAIM_PAYMENT')

                )
            )
        ),
        columns as (
            select
        table_catalog as "table_database",
        table_schema as "table_schema",
        table_name as "table_name",

        column_name as "column_name",
        ordinal_position as "column_index",
        data_type as "column_type",
        comment as "column_comment"
    from SENTINEL_INSURANCE.INFORMATION_SCHEMA.columns
            where (
                (
                    
    "table_schema" ilike 'BRONZE' and upper("table_schema") = upper('BRONZE')

                    and 
    "table_name" ilike 'POLICY_PREMIUM' and upper("table_name") = upper('POLICY_PREMIUM')

                )
             or 
                (
                    
    "table_schema" ilike 'BRONZE' and upper("table_schema") = upper('BRONZE')

                    and 
    "table_name" ilike 'REF_LINE_OF_BUSINESS' and upper("table_name") = upper('REF_LINE_OF_BUSINESS')

                )
             or 
                (
                    
    "table_schema" ilike 'BRONZE' and upper("table_schema") = upper('BRONZE')

                    and 
    "table_name" ilike 'AGENT' and upper("table_name") = upper('AGENT')

                )
             or 
                (
                    
    "table_schema" ilike 'BRONZE' and upper("table_schema") = upper('BRONZE')

                    and 
    "table_name" ilike 'REF_CAUSE_OF_LOSS' and upper("table_name") = upper('REF_CAUSE_OF_LOSS')

                )
             or 
                (
                    
    "table_schema" ilike 'BRONZE' and upper("table_schema") = upper('BRONZE')

                    and 
    "table_name" ilike 'REF_COVERAGE_CODE' and upper("table_name") = upper('REF_COVERAGE_CODE')

                )
             or 
                (
                    
    "table_schema" ilike 'BRONZE' and upper("table_schema") = upper('BRONZE')

                    and 
    "table_name" ilike 'AGENCY' and upper("table_name") = upper('AGENCY')

                )
             or 
                (
                    
    "table_schema" ilike 'BRONZE' and upper("table_schema") = upper('BRONZE')

                    and 
    "table_name" ilike 'CLAIM' and upper("table_name") = upper('CLAIM')

                )
             or 
                (
                    
    "table_schema" ilike 'BRONZE' and upper("table_schema") = upper('BRONZE')

                    and 
    "table_name" ilike 'POLICY' and upper("table_name") = upper('POLICY')

                )
             or 
                (
                    
    "table_schema" ilike 'BRONZE' and upper("table_schema") = upper('BRONZE')

                    and 
    "table_name" ilike 'PARTY' and upper("table_name") = upper('PARTY')

                )
             or 
                (
                    
    "table_schema" ilike 'BRONZE' and upper("table_schema") = upper('BRONZE')

                    and 
    "table_name" ilike 'REF_STATE' and upper("table_name") = upper('REF_STATE')

                )
             or 
                (
                    
    "table_schema" ilike 'BRONZE' and upper("table_schema") = upper('BRONZE')

                    and 
    "table_name" ilike 'POLICY_COVERAGE' and upper("table_name") = upper('POLICY_COVERAGE')

                )
             or 
                (
                    
    "table_schema" ilike 'BRONZE' and upper("table_schema") = upper('BRONZE')

                    and 
    "table_name" ilike 'CLAIM_PAYMENT' and upper("table_name") = upper('CLAIM_PAYMENT')

                )
            )
        )
        select *
    from tables
    join columns using ("table_database", "table_schema", "table_name")
    order by "column_index"
[0m10:16:33.191692 [debug] [ThreadPool]: Opening a new connection, currently in state init
[0m10:16:33.229846 [debug] [ThreadPool]: Using snowflake connection "EKAI.information_schema"
[0m10:16:33.232002 [debug] [ThreadPool]: On EKAI.information_schema: /* {"app": "dbt", "dbt_version": "1.9.10", "profile_name": "ekai_dbt", "target_name": "dev", "connection_name": "EKAI.information_schema"} */
with tables as (
            select
        table_catalog as "table_database",
        table_schema as "table_schema",
        table_name as "table_name",
        case
            when is_dynamic = 'YES' and table_type = 'BASE TABLE' THEN 'DYNAMIC TABLE'
            else table_type
        end as "table_type",
        comment as "table_comment",

        -- note: this is the _role_ that owns the table
        table_owner as "table_owner",

        'Clustering Key' as "stats:clustering_key:label",
        clustering_key as "stats:clustering_key:value",
        'The key used to cluster this table' as "stats:clustering_key:description",
        (clustering_key is not null) as "stats:clustering_key:include",

        'Row Count' as "stats:row_count:label",
        row_count as "stats:row_count:value",
        'An approximate count of rows in this table' as "stats:row_count:description",
        (row_count is not null) as "stats:row_count:include",

        'Approximate Size' as "stats:bytes:label",
        bytes as "stats:bytes:value",
        'Approximate size of the table as reported by Snowflake' as "stats:bytes:description",
        (bytes is not null) as "stats:bytes:include",

        'Last Modified' as "stats:last_modified:label",
        to_varchar(convert_timezone('UTC', last_altered), 'yyyy-mm-dd HH24:MI'||'UTC') as "stats:last_modified:value",
        'The timestamp for last update/change' as "stats:last_modified:description",
        (last_altered is not null and table_type='BASE TABLE') as "stats:last_modified:include"
    from EKAI.INFORMATION_SCHEMA.tables
            where (
                (
                    
    "table_schema" ilike 'demoModel_18_staging' and upper("table_schema") = upper('demoModel_18_staging')

                    and 
    "table_name" ilike 'stg_policy_premiums' and upper("table_name") = upper('stg_policy_premiums')

                )
             or 
                (
                    
    "table_schema" ilike 'demoModel_18_marts' and upper("table_schema") = upper('demoModel_18_marts')

                    and 
    "table_name" ilike 'dim_policies' and upper("table_name") = upper('dim_policies')

                )
             or 
                (
                    
    "table_schema" ilike 'demoModel_18_staging' and upper("table_schema") = upper('demoModel_18_staging')

                    and 
    "table_name" ilike 'stg_claim_payments' and upper("table_name") = upper('stg_claim_payments')

                )
             or 
                (
                    
    "table_schema" ilike 'demoModel_18_marts' and upper("table_schema") = upper('demoModel_18_marts')

                    and 
    "table_name" ilike 'dim_agents' and upper("table_name") = upper('dim_agents')

                )
             or 
                (
                    
    "table_schema" ilike 'demoModel_18_marts' and upper("table_schema") = upper('demoModel_18_marts')

                    and 
    "table_name" ilike 'fct_claims' and upper("table_name") = upper('fct_claims')

                )
             or 
                (
                    
    "table_schema" ilike 'demoModel_18_staging' and upper("table_schema") = upper('demoModel_18_staging')

                    and 
    "table_name" ilike 'stg_agents' and upper("table_name") = upper('stg_agents')

                )
             or 
                (
                    
    "table_schema" ilike 'demoModel_18_marts' and upper("table_schema") = upper('demoModel_18_marts')

                    and 
    "table_name" ilike 'dim_coverage_codes' and upper("table_name") = upper('dim_coverage_codes')

                )
             or 
                (
                    
    "table_schema" ilike 'demoModel_18_staging' and upper("table_schema") = upper('demoModel_18_staging')

                    and 
    "table_name" ilike 'stg_ref_line_of_business' and upper("table_name") = upper('stg_ref_line_of_business')

                )
             or 
                (
                    
    "table_schema" ilike 'demoModel_18_staging' and upper("table_schema") = upper('demoModel_18_staging')

                    and 
    "table_name" ilike 'stg_agencies' and upper("table_name") = upper('stg_agencies')

                )
             or 
                (
                    
    "table_schema" ilike 'demoModel_18_staging' and upper("table_schema") = upper('demoModel_18_staging')

                    and 
    "table_name" ilike 'stg_ref_states' and upper("table_name") = upper('stg_ref_states')

                )
             or 
                (
                    
    "table_schema" ilike 'demoModel_18_marts' and upper("table_schema") = upper('demoModel_18_marts')

                    and 
    "table_name" ilike 'dim_states' and upper("table_name") = upper('dim_states')

                )
             or 
                (
                    
    "table_schema" ilike 'demoModel_18_staging' and upper("table_schema") = upper('demoModel_18_staging')

                    and 
    "table_name" ilike 'stg_policy_coverages' and upper("table_name") = upper('stg_policy_coverages')

                )
             or 
                (
                    
    "table_schema" ilike 'demoModel_18_marts' and upper("table_schema") = upper('demoModel_18_marts')

                    and 
    "table_name" ilike 'fct_claim_payments' and upper("table_name") = upper('fct_claim_payments')

                )
             or 
                (
                    
    "table_schema" ilike 'demoModel_18_staging' and upper("table_schema") = upper('demoModel_18_staging')

                    and 
    "table_name" ilike 'stg_parties' and upper("table_name") = upper('stg_parties')

                )
             or 
                (
                    
    "table_schema" ilike 'demoModel_18_marts' and upper("table_schema") = upper('demoModel_18_marts')

                    and 
    "table_name" ilike 'fct_policy_premiums' and upper("table_name") = upper('fct_policy_premiums')

                )
             or 
                (
                    
    "table_schema" ilike 'demoModel_18_marts' and upper("table_schema") = upper('demoModel_18_marts')

                    and 
    "table_name" ilike 'dim_agencies' and upper("table_name") = upper('dim_agencies')

                )
             or 
                (
                    
    "table_schema" ilike 'demoModel_18_staging' and upper("table_schema") = upper('demoModel_18_staging')

                    and 
    "table_name" ilike 'stg_ref_coverage_codes' and upper("table_name") = upper('stg_ref_coverage_codes')

                )
             or 
                (
                    
    "table_schema" ilike 'demoModel_18_marts' and upper("table_schema") = upper('demoModel_18_marts')

                    and 
    "table_name" ilike 'dim_line_of_business' and upper("table_name") = upper('dim_line_of_business')

                )
             or 
                (
                    
    "table_schema" ilike 'demoModel_18_staging' and upper("table_schema") = upper('demoModel_18_staging')

                    and 
    "table_name" ilike 'stg_claims' and upper("table_name") = upper('stg_claims')

                )
             or 
                (
                    
    "table_schema" ilike 'demoModel_18_staging' and upper("table_schema") = upper('demoModel_18_staging')

                    and 
    "table_name" ilike 'stg_ref_cause_of_loss' and upper("table_name") = upper('stg_ref_cause_of_loss')

                )
             or 
                (
                    
    "table_schema" ilike 'demoModel_18_marts' and upper("table_schema") = upper('demoModel_18_marts')

                    and 
    "table_name" ilike 'dim_cause_of_loss' and upper("table_name") = upper('dim_cause_of_loss')

                )
             or 
                (
                    
    "table_schema" ilike 'demoModel_18_staging' and upper("table_schema") = upper('demoModel_18_staging')

                    and 
    "table_name" ilike 'stg_policies' and upper("table_name") = upper('stg_policies')

                )
            )
        ),
        columns as (
            select
        table_catalog as "table_database",
        table_schema as "table_schema",
        table_name as "table_name",

        column_name as "column_name",
        ordinal_position as "column_index",
        data_type as "column_type",
        comment as "column_comment"
    from EKAI.INFORMATION_SCHEMA.columns
            where (
                (
                    
    "table_schema" ilike 'demoModel_18_staging' and upper("table_schema") = upper('demoModel_18_staging')

                    and 
    "table_name" ilike 'stg_policy_premiums' and upper("table_name") = upper('stg_policy_premiums')

                )
             or 
                (
                    
    "table_schema" ilike 'demoModel_18_marts' and upper("table_schema") = upper('demoModel_18_marts')

                    and 
    "table_name" ilike 'dim_policies' and upper("table_name") = upper('dim_policies')

                )
             or 
                (
                    
    "table_schema" ilike 'demoModel_18_staging' and upper("table_schema") = upper('demoModel_18_staging')

                    and 
    "table_name" ilike 'stg_claim_payments' and upper("table_name") = upper('stg_claim_payments')

                )
             or 
                (
                    
    "table_schema" ilike 'demoModel_18_marts' and upper("table_schema") = upper('demoModel_18_marts')

                    and 
    "table_name" ilike 'dim_agents' and upper("table_name") = upper('dim_agents')

                )
             or 
                (
                    
    "table_schema" ilike 'demoModel_18_marts' and upper("table_schema") = upper('demoModel_18_marts')

                    and 
    "table_name" ilike 'fct_claims' and upper("table_name") = upper('fct_claims')

                )
             or 
                (
                    
    "table_schema" ilike 'demoModel_18_staging' and upper("table_schema") = upper('demoModel_18_staging')

                    and 
    "table_name" ilike 'stg_agents' and upper("table_name") = upper('stg_agents')

                )
             or 
                (
                    
    "table_schema" ilike 'demoModel_18_marts' and upper("table_schema") = upper('demoModel_18_marts')

                    and 
    "table_name" ilike 'dim_coverage_codes' and upper("table_name") = upper('dim_coverage_codes')

                )
             or 
                (
                    
    "table_schema" ilike 'demoModel_18_staging' and upper("table_schema") = upper('demoModel_18_staging')

                    and 
    "table_name" ilike 'stg_ref_line_of_business' and upper("table_name") = upper('stg_ref_line_of_business')

                )
             or 
                (
                    
    "table_schema" ilike 'demoModel_18_staging' and upper("table_schema") = upper('demoModel_18_staging')

                    and 
    "table_name" ilike 'stg_agencies' and upper("table_name") = upper('stg_agencies')

                )
             or 
                (
                    
    "table_schema" ilike 'demoModel_18_staging' and upper("table_schema") = upper('demoModel_18_staging')

                    and 
    "table_name" ilike 'stg_ref_states' and upper("table_name") = upper('stg_ref_states')

                )
             or 
                (
                    
    "table_schema" ilike 'demoModel_18_marts' and upper("table_schema") = upper('demoModel_18_marts')

                    and 
    "table_name" ilike 'dim_states' and upper("table_name") = upper('dim_states')

                )
             or 
                (
                    
    "table_schema" ilike 'demoModel_18_staging' and upper("table_schema") = upper('demoModel_18_staging')

                    and 
    "table_name" ilike 'stg_policy_coverages' and upper("table_name") = upper('stg_policy_coverages')

                )
             or 
                (
                    
    "table_schema" ilike 'demoModel_18_marts' and upper("table_schema") = upper('demoModel_18_marts')

                    and 
    "table_name" ilike 'fct_claim_payments' and upper("table_name") = upper('fct_claim_payments')

                )
             or 
                (
                    
    "table_schema" ilike 'demoModel_18_staging' and upper("table_schema") = upper('demoModel_18_staging')

                    and 
    "table_name" ilike 'stg_parties' and upper("table_name") = upper('stg_parties')

                )
             or 
                (
                    
    "table_schema" ilike 'demoModel_18_marts' and upper("table_schema") = upper('demoModel_18_marts')

                    and 
    "table_name" ilike 'fct_policy_premiums' and upper("table_name") = upper('fct_policy_premiums')

                )
             or 
                (
                    
    "table_schema" ilike 'demoModel_18_marts' and upper("table_schema") = upper('demoModel_18_marts')

                    and 
    "table_name" ilike 'dim_agencies' and upper("table_name") = upper('dim_agencies')

                )
             or 
                (
                    
    "table_schema" ilike 'demoModel_18_staging' and upper("table_schema") = upper('demoModel_18_staging')

                    and 
    "table_name" ilike 'stg_ref_coverage_codes' and upper("table_name") = upper('stg_ref_coverage_codes')

                )
             or 
                (
                    
    "table_schema" ilike 'demoModel_18_marts' and upper("table_schema") = upper('demoModel_18_marts')

                    and 
    "table_name" ilike 'dim_line_of_business' and upper("table_name") = upper('dim_line_of_business')

                )
             or 
                (
                    
    "table_schema" ilike 'demoModel_18_staging' and upper("table_schema") = upper('demoModel_18_staging')

                    and 
    "table_name" ilike 'stg_claims' and upper("table_name") = upper('stg_claims')

                )
             or 
                (
                    
    "table_schema" ilike 'demoModel_18_staging' and upper("table_schema") = upper('demoModel_18_staging')

                    and 
    "table_name" ilike 'stg_ref_cause_of_loss' and upper("table_name") = upper('stg_ref_cause_of_loss')

                )
             or 
                (
                    
    "table_schema" ilike 'demoModel_18_marts' and upper("table_schema") = upper('demoModel_18_marts')

                    and 
    "table_name" ilike 'dim_cause_of_loss' and upper("table_name") = upper('dim_cause_of_loss')

                )
             or 
                (
                    
    "table_schema" ilike 'demoModel_18_staging' and upper("table_schema") = upper('demoModel_18_staging')

                    and 
    "table_name" ilike 'stg_policies' and upper("table_name") = upper('stg_policies')

                )
            )
        )
        select *
    from tables
    join columns using ("table_database", "table_schema", "table_name")
    order by "column_index"
[0m10:16:33.233597 [debug] [ThreadPool]: Opening a new connection, currently in state init
[0m10:16:39.339615 [debug] [ThreadPool]: SQL status: SUCCESS 159 in 6.148 seconds
[0m10:16:43.179449 [debug] [ThreadPool]: SQL status: SUCCESS 250 in 9.946 seconds
[0m10:16:43.489904 [debug] [MainThread]: Wrote artifact CatalogArtifact to /app/workspaces/18/target/catalog.json
[0m10:16:43.556712 [debug] [MainThread]: Wrote artifact WritableManifest to /app/workspaces/18/target/manifest.json
[0m10:16:43.562052 [debug] [MainThread]: Wrote artifact SemanticManifest to /app/workspaces/18/target/semantic_manifest.json
[0m10:16:43.562724 [info ] [MainThread]: Catalog written to /app/workspaces/18/target/catalog.json
[0m10:16:43.567795 [debug] [MainThread]: Resource report: {"command_name": "generate", "command_success": true, "command_wall_clock_time": 19.560986, "process_in_blocks": "0", "process_kernel_time": 0.414422, "process_mem_max_rss": "249612", "process_out_blocks": "7672", "process_user_time": 11.267581}
[0m10:16:43.568759 [debug] [MainThread]: Command `dbt docs generate` succeeded at 10:16:43.568623 after 19.56 seconds
[0m10:16:43.569373 [debug] [MainThread]: Connection 'generate_catalog' was properly closed.
[0m10:16:43.569865 [debug] [MainThread]: Connection 'SENTINEL_INSURANCE.information_schema' was left open.
[0m10:16:43.570360 [debug] [MainThread]: On SENTINEL_INSURANCE.information_schema: Close
[0m10:16:43.633854 [debug] [MainThread]: Connection 'EKAI.information_schema' was left open.
[0m10:16:43.634625 [debug] [MainThread]: On EKAI.information_schema: Close
[0m10:16:43.713885 [debug] [MainThread]: Sending event: {'category': 'dbt', 'action': 'invocation', 'label': 'end', 'context': [<snowplow_tracker.self_describing_json.SelfDescribingJson object at 0x7fc7182f0e00>, <snowplow_tracker.self_describing_json.SelfDescribingJson object at 0x7fc702e91040>, <snowplow_tracker.self_describing_json.SelfDescribingJson object at 0x7fc6f8e39a00>]}
[0m10:16:43.714806 [debug] [MainThread]: Flushing usage events
[0m10:16:43.788992 [debug] [MainThread]: An error was encountered while trying to flush usage events
[0m10:25:21.299341 [debug] [MainThread]: Sending event: {'category': 'dbt', 'action': 'invocation', 'label': 'start', 'context': [<snowplow_tracker.self_describing_json.SelfDescribingJson object at 0x7f1159e6aa50>, <snowplow_tracker.self_describing_json.SelfDescribingJson object at 0x7f1156410530>, <snowplow_tracker.self_describing_json.SelfDescribingJson object at 0x7f1156413fe0>]}


============================== 10:25:21.368743 | 524f5c31-7f02-43f9-ac51-196d61262bfd ==============================
[0m10:25:21.368743 [info ] [MainThread]: Running with dbt=1.9.10
[0m10:25:21.370017 [debug] [MainThread]: running dbt with arguments {'profiles_dir': '/app/workspaces/18', 'send_anonymous_usage_stats': 'True', 'cache_selected_only': 'False', 'debug': 'False', 'use_experimental_parser': 'False', 'log_format': 'default', 'warn_error_options': 'WarnErrorOptions(include=[], exclude=[])', 'quiet': 'False', 'empty': 'None', 'indirect_selection': 'eager', 'partial_parse': 'True', 'warn_error': 'None', 'introspect': 'True', 'write_json': 'True', 'invocation_command': 'dbt deps', 'log_cache_events': 'False', 'printer_width': '80', 'use_colors': 'True', 'target_path': 'None', 'log_path': '/app/workspaces/18/logs', 'version_check': 'True', 'fail_fast': 'False', 'static_parser': 'True', 'no_print': 'None'}
[0m10:25:21.611400 [debug] [MainThread]: Sending event: {'category': 'dbt', 'action': 'project_id', 'label': '524f5c31-7f02-43f9-ac51-196d61262bfd', 'context': [<snowplow_tracker.self_describing_json.SelfDescribingJson object at 0x7f1158608680>]}
[0m10:25:21.693587 [debug] [MainThread]: Set downloads directory='/tmp/dbt-downloads-6bnomcu7'
[0m10:25:21.694354 [debug] [MainThread]: Making package index registry request: GET https://hub.getdbt.com/api/v1/index.json
[0m10:25:21.729515 [debug] [MainThread]: Response from registry index: GET https://hub.getdbt.com/api/v1/index.json 200
[0m10:25:21.732727 [debug] [MainThread]: Making package registry request: GET https://hub.getdbt.com/api/v1/dbt-labs/dbt_utils.json
[0m10:25:21.762697 [debug] [MainThread]: Response from registry: GET https://hub.getdbt.com/api/v1/dbt-labs/dbt_utils.json 200
[0m10:25:21.774222 [info ] [MainThread]: Installing dbt-labs/dbt_utils
[0m10:25:22.067055 [info ] [MainThread]: Installed from version 1.1.1
[0m10:25:22.067804 [info ] [MainThread]: Updated version available: 1.3.3
[0m10:25:22.068442 [debug] [MainThread]: Sending event: {'category': 'dbt', 'action': 'package', 'label': '524f5c31-7f02-43f9-ac51-196d61262bfd', 'property_': 'install', 'context': [<snowplow_tracker.self_describing_json.SelfDescribingJson object at 0x7f1156ca72c0>, <snowplow_tracker.self_describing_json.SelfDescribingJson object at 0x7f1156ca58b0>]}
[0m10:25:22.069145 [info ] [MainThread]: 
[0m10:25:22.069702 [info ] [MainThread]: Updates available for packages: ['dbt-labs/dbt_utils']                 
Update your versions in packages.yml, then run dbt deps
[0m10:25:22.071188 [debug] [MainThread]: Resource report: {"command_name": "deps", "command_success": true, "command_wall_clock_time": 0.9674935, "process_in_blocks": "0", "process_kernel_time": 0.234564, "process_mem_max_rss": "119120", "process_out_blocks": "2224", "process_user_time": 5.68721}
[0m10:25:22.071989 [debug] [MainThread]: Command `dbt deps` succeeded at 10:25:22.071872 after 0.97 seconds
[0m10:25:22.072593 [debug] [MainThread]: Sending event: {'category': 'dbt', 'action': 'invocation', 'label': 'end', 'context': [<snowplow_tracker.self_describing_json.SelfDescribingJson object at 0x7f11588914f0>, <snowplow_tracker.self_describing_json.SelfDescribingJson object at 0x7f1156017ef0>, <snowplow_tracker.self_describing_json.SelfDescribingJson object at 0x7f1155f1c0e0>]}
[0m10:25:22.073358 [debug] [MainThread]: Flushing usage events
[0m10:25:22.119569 [debug] [MainThread]: An error was encountered while trying to flush usage events
[0m10:25:28.769307 [debug] [MainThread]: Sending event: {'category': 'dbt', 'action': 'invocation', 'label': 'start', 'context': [<snowplow_tracker.self_describing_json.SelfDescribingJson object at 0x7f101a2b5c40>, <snowplow_tracker.self_describing_json.SelfDescribingJson object at 0x7f101a28da90>, <snowplow_tracker.self_describing_json.SelfDescribingJson object at 0x7f10182b3e60>]}


============================== 10:25:28.840427 | f594f6a9-44b6-48c3-be12-1fe8bcbe4075 ==============================
[0m10:25:28.840427 [info ] [MainThread]: Running with dbt=1.9.10
[0m10:25:28.842573 [debug] [MainThread]: running dbt with arguments {'static_parser': 'True', 'fail_fast': 'False', 'indirect_selection': 'eager', 'warn_error': 'None', 'write_json': 'True', 'introspect': 'True', 'log_cache_events': 'False', 'target_path': 'None', 'cache_selected_only': 'False', 'use_experimental_parser': 'False', 'debug': 'False', 'printer_width': '80', 'version_check': 'True', 'profiles_dir': '/app/workspaces/18', 'invocation_command': 'dbt test --write-json', 'empty': 'None', 'warn_error_options': 'WarnErrorOptions(include=[], exclude=[])', 'no_print': 'None', 'log_path': '/app/workspaces/18/logs', 'quiet': 'False', 'partial_parse': 'True', 'use_colors': 'True', 'send_anonymous_usage_stats': 'True', 'log_format': 'default'}
[0m10:25:32.867962 [debug] [MainThread]: Sending event: {'category': 'dbt', 'action': 'project_id', 'label': 'f594f6a9-44b6-48c3-be12-1fe8bcbe4075', 'context': [<snowplow_tracker.self_describing_json.SelfDescribingJson object at 0x7f100113a840>]}
[0m10:25:33.000983 [debug] [MainThread]: Sending event: {'category': 'dbt', 'action': 'adapter_info', 'label': 'f594f6a9-44b6-48c3-be12-1fe8bcbe4075', 'context': [<snowplow_tracker.self_describing_json.SelfDescribingJson object at 0x7f10028d1730>]}
[0m10:25:33.002327 [info ] [MainThread]: Registered adapter: snowflake=1.9.4
[0m10:25:33.403129 [debug] [MainThread]: checksum: c40cca0353c9a9b4dbd2a57cdc3e2440f5c9a71a795694b25a51e704baaf554e, vars: {}, profile: , target: , version: 1.9.10
[0m10:25:33.727406 [debug] [MainThread]: Partial parsing enabled: 0 files deleted, 12 files added, 0 files changed.
[0m10:25:33.728648 [debug] [MainThread]: Partial parsing: added file: sentinel_insurance://tests/marts/schema.yml
[0m10:25:33.729361 [debug] [MainThread]: Partial parsing: added file: sentinel_insurance://tests/generic/test_sampled_relationships.sql
[0m10:25:33.729935 [debug] [MainThread]: Partial parsing: added file: sentinel_insurance://tests/marts/test_referential_integrity_claim_payments.sql
[0m10:25:33.730475 [debug] [MainThread]: Partial parsing: added file: sentinel_insurance://tests/marts/test_dim_policies_current_exposure.sql
[0m10:25:33.731026 [debug] [MainThread]: Partial parsing: added file: sentinel_insurance://tests/generic/test_value_range.sql
[0m10:25:33.731569 [debug] [MainThread]: Partial parsing: added file: sentinel_insurance://tests/generic/test_sampled_not_null.sql
[0m10:25:33.732096 [debug] [MainThread]: Partial parsing: added file: sentinel_insurance://tests/marts/test_fct_claims_incurred_calculation.sql
[0m10:25:33.732621 [debug] [MainThread]: Partial parsing: added file: sentinel_insurance://tests/marts/test_fct_claims_date_sequence.sql
[0m10:25:33.733343 [debug] [MainThread]: Partial parsing: added file: sentinel_insurance://tests/marts/test_referential_integrity_core.sql
[0m10:25:33.733870 [debug] [MainThread]: Partial parsing: added file: sentinel_insurance://tests/marts/test_fct_claims_closed_date.sql
[0m10:25:33.734380 [debug] [MainThread]: Partial parsing: added file: sentinel_insurance://tests/marts/test_fct_policy_premiums_agent_revenue.sql
[0m10:25:33.734890 [debug] [MainThread]: Partial parsing: added file: sentinel_insurance://tests/generic/test_approximate_unique.sql
[0m10:25:34.110913 [error] [MainThread]: Encountered an error:
Compilation Error
  dbt found two schema.yml entries for the same resource named fct_claims. Resources and their associated columns may only be described a single time. To fix this, remove the resource entry for fct_claims in one of these files:
   - tests/marts/schema.yml
  models/marts/_marts.yml
[0m10:25:34.112561 [debug] [MainThread]: Resource report: {"command_name": "test", "command_success": false, "command_wall_clock_time": 5.5237327, "process_in_blocks": "0", "process_kernel_time": 0.41517, "process_mem_max_rss": "215860", "process_out_blocks": "16", "process_user_time": 9.63733}
[0m10:25:34.113758 [debug] [MainThread]: Command `dbt test` failed at 10:25:34.113604 after 5.53 seconds
[0m10:25:34.114412 [debug] [MainThread]: Sending event: {'category': 'dbt', 'action': 'invocation', 'label': 'end', 'context': [<snowplow_tracker.self_describing_json.SelfDescribingJson object at 0x7f10179d89b0>, <snowplow_tracker.self_describing_json.SelfDescribingJson object at 0x7f100113ee70>, <snowplow_tracker.self_describing_json.SelfDescribingJson object at 0x7f100113ed80>]}
[0m10:25:34.115031 [debug] [MainThread]: Flushing usage events
[0m10:25:34.253152 [debug] [MainThread]: An error was encountered while trying to flush usage events
